Student_ID,Event_ID,Department,Year,Previous_Events_Attended,Previous_Attendance_Rate,Technical_Interest,Registered,Notification_Received,Distance_KM,Registration_Channel,Attended
S0001,E036,IT,1,7,68.8,High,1,1,17.0,Email,0
S0001,E009,IT,1,7,68.8,High,1,1,5.3,WhatsApp,1
S0001,E022,IT,1,7,68.8,High,1,1,1.6,Email,1
S0001,E029,IT,1,7,68.8,High,1,0,4.8,WhatsApp,1
S0001,E018,IT,1,7,68.8,High,1,1,1.0,Email,1
S0002,E012,Electrical,2,3,58.5,High,1,1,10.9,Email,1
S0002,E024,Electrical,2,3,58.5,High,1,0,4.3,Email,1
S0002,E010,Electrical,2,3,58.5,High,1,1,0.8,WhatsApp,0
S0002,E039,Electrical,2,3,58.5,High,0,0,12.7,Instagram,0
S0002,E027,Electrical,2,3,58.5,High,1,0,12.6,College Portal,0
S0003,E015,Mechanical,4,4,99.0,Low,1,1,9.6,WhatsApp,1
S0003,E038,Mechanical,4,4,99.0,Low,1,1,7.0,Email,1
S0003,E020,Mechanical,4,4,99.0,Low,1,1,9.6,WhatsApp,1
S0003,E009,Mechanical,4,4,99.0,Low,0,0,8.6,College Portal,0
S0003,E026,Mechanical,4,4,99.0,Low,1,1,15.1,Instagram,1
S0004,E022,Electronics,3,3,93.7,Medium,1,1,4.6,College Portal,1
S0004,E033,Electronics,3,3,93.7,Medium,1,1,11.8,Instagram,1
S0004,E036,Electronics,3,3,93.7,Medium,1,1,3.1,WhatsApp,0
S0004,E035,Electronics,3,3,93.7,Medium,1,1,7.6,Instagram,1
S0004,E039,Electronics,3,3,93.7,Medium,0,0,1.3,College Portal,0
S0005,E001,Computer Engineering,4,3,95.1,Low,1,1,3.6,WhatsApp,1
S0005,E013,Computer Engineering,4,3,95.1,Low,0,0,8.0,WhatsApp,0
S0005,E016,Computer Engineering,4,3,95.1,Low,1,1,5.4,College Portal,1
S0005,E035,Computer Engineering,4,3,95.1,Low,1,0,10.0,Instagram,1
S0005,E026,Computer Engineering,4,3,95.1,Low,1,1,1.0,WhatsApp,1
S0006,E018,Computer Engineering,3,6,88.1,High,1,1,9.2,College Portal,1
S0006,E034,Computer Engineering,3,6,88.1,High,1,1,10.4,WhatsApp,1
S0006,E016,Computer Engineering,3,6,88.1,High,1,1,16.9,Instagram,1
S0006,E008,Computer Engineering,3,6,88.1,High,0,0,7.0,College Portal,0
S0006,E006,Computer Engineering,3,6,88.1,High,0,0,2.7,College Portal,0
S0007,E012,Computer Engineering,3,3,86.6,High,0,0,17.2,College Portal,0
S0007,E011,Computer Engineering,3,3,86.6,High,1,1,1.8,WhatsApp,0
S0007,E005,Computer Engineering,3,3,86.6,High,1,1,9.7,College Portal,1
S0007,E009,Computer Engineering,3,3,86.6,High,0,0,12.3,WhatsApp,0
S0007,E022,Computer Engineering,3,3,86.6,High,1,1,15.1,College Portal,1
S0008,E033,Civil,4,3,83.2,Low,1,1,10.0,Email,0
S0008,E031,Civil,4,3,83.2,Low,1,1,9.1,Instagram,1
S0008,E027,Civil,4,3,83.2,Low,1,1,9.0,Email,1
S0008,E026,Civil,4,3,83.2,Low,1,1,1.3,Email,1
S0008,E015,Civil,4,3,83.2,Low,1,1,14.6,College Portal,1
S0009,E034,Electronics,1,3,46.1,Low,0,0,17.5,WhatsApp,0
S0009,E031,Electronics,1,3,46.1,Low,1,1,10.3,Email,0
S0009,E004,Electronics,1,3,46.1,Low,1,1,4.2,WhatsApp,0
S0009,E030,Electronics,1,3,46.1,Low,1,1,1.8,Instagram,1
S0009,E039,Electronics,1,3,46.1,Low,1,1,13.6,College Portal,1
S0010,E034,Mechanical,2,5,81.3,Medium,1,1,8.6,Instagram,1
S0010,E021,Mechanical,2,5,81.3,Medium,1,1,11.7,WhatsApp,1
S0010,E010,Mechanical,2,5,81.3,Medium,1,1,16.6,Instagram,1
S0010,E024,Mechanical,2,5,81.3,Medium,1,1,12.4,College Portal,1
S0010,E032,Mechanical,2,5,81.3,Medium,1,0,17.4,Instagram,0
S0011,E019,Computer Engineering,1,3,91.7,Medium,1,1,17.9,College Portal,1
S0011,E027,Computer Engineering,1,3,91.7,Medium,1,1,16.9,College Portal,1
S0011,E005,Computer Engineering,1,3,91.7,Medium,1,1,15.4,College Portal,1
S0011,E013,Computer Engineering,1,3,91.7,Medium,1,1,7.3,College Portal,1
S0011,E040,Computer Engineering,1,3,91.7,Medium,0,0,4.9,WhatsApp,0
S0012,E023,Electrical,4,4,87.9,Low,0,0,13.0,WhatsApp,0
S0012,E022,Electrical,4,4,87.9,Low,1,0,2.5,WhatsApp,0
S0012,E024,Electrical,4,4,87.9,Low,1,1,0.9,WhatsApp,1
S0012,E004,Electrical,4,4,87.9,Low,0,0,5.3,WhatsApp,0
S0012,E003,Electrical,4,4,87.9,Low,1,1,4.0,College Portal,0
S0013,E038,Civil,4,3,86.1,Medium,1,0,9.4,WhatsApp,1
S0013,E019,Civil,4,3,86.1,Medium,1,1,7.7,Email,1
S0013,E009,Civil,4,3,86.1,Medium,1,0,16.2,Email,1
S0013,E012,Civil,4,3,86.1,Medium,1,1,6.7,WhatsApp,0
S0013,E017,Civil,4,3,86.1,Medium,1,0,16.8,College Portal,1
S0014,E037,Computer Engineering,1,3,80.0,Medium,1,1,1.2,WhatsApp,1
S0014,E030,Computer Engineering,1,3,80.0,Medium,1,1,9.0,WhatsApp,1
S0014,E023,Computer Engineering,1,3,80.0,Medium,0,0,7.7,Instagram,0
S0014,E025,Computer Engineering,1,3,80.0,Medium,0,0,17.3,College Portal,0
S0014,E038,Computer Engineering,1,3,80.0,Medium,1,1,2.8,WhatsApp,0
S0015,E038,Computer Engineering,3,6,85.0,Low,1,1,9.2,College Portal,1
S0015,E028,Computer Engineering,3,6,85.0,Low,1,1,4.2,WhatsApp,1
S0015,E018,Computer Engineering,3,6,85.0,Low,0,0,8.4,Instagram,0
S0015,E015,Computer Engineering,3,6,85.0,Low,1,1,12.9,WhatsApp,0
S0015,E002,Computer Engineering,3,6,85.0,Low,0,0,12.1,Instagram,0
S0016,E006,Computer Engineering,4,4,65.6,High,1,1,0.9,College Portal,1
S0016,E018,Computer Engineering,4,4,65.6,High,1,1,16.1,WhatsApp,1
S0016,E031,Computer Engineering,4,4,65.6,High,0,0,16.6,Instagram,0
S0016,E004,Computer Engineering,4,4,65.6,High,1,1,1.7,WhatsApp,1
S0016,E024,Computer Engineering,4,4,65.6,High,1,1,2.9,Email,1
S0017,E028,IT,1,7,74.2,High,1,1,4.0,Email,1
S0017,E003,IT,1,7,74.2,High,1,0,1.4,WhatsApp,1
S0017,E014,IT,1,7,74.2,High,1,1,6.3,WhatsApp,1
S0017,E029,IT,1,7,74.2,High,0,0,15.1,Instagram,0
S0017,E009,IT,1,7,74.2,High,1,1,2.3,WhatsApp,1
S0018,E027,Electronics,3,0,92.8,High,1,1,11.9,Email,1
S0018,E036,Electronics,3,0,92.8,High,1,1,10.3,Email,1
S0018,E016,Electronics,3,0,92.8,High,1,1,10.4,WhatsApp,1
S0018,E018,Electronics,3,0,92.8,High,0,0,15.4,WhatsApp,0
S0018,E039,Electronics,3,0,92.8,High,1,1,12.5,WhatsApp,1
S0019,E019,IT,4,6,76.1,High,1,1,11.5,WhatsApp,1
S0019,E014,IT,4,6,76.1,High,1,1,,WhatsApp,1
S0019,E024,IT,4,6,76.1,High,1,1,14.5,College Portal,1
S0019,E015,IT,4,6,76.1,High,1,1,7.1,WhatsApp,1
S0019,E020,IT,4,6,76.1,High,1,1,3.7,College Portal,1
S0020,E001,IT,1,3,70.6,Medium,1,1,1.7,WhatsApp,1
S0020,E031,IT,1,3,70.6,Medium,1,1,2.4,WhatsApp,1
S0020,E035,IT,1,3,70.6,Medium,1,1,8.2,WhatsApp,1
S0020,E019,IT,1,3,70.6,Medium,1,1,13.5,WhatsApp,0
S0020,E026,IT,1,3,70.6,Medium,0,0,6.8,Instagram,0
S0021,E004,Electronics,3,4,79.8,Medium,1,1,8.8,College Portal,1
S0021,E022,Electronics,3,4,79.8,Medium,0,0,7.3,WhatsApp,0
S0021,E028,Electronics,3,4,79.8,Medium,1,1,16.7,Email,1
S0021,E035,Electronics,3,4,79.8,Medium,1,1,10.3,Email,1
S0021,E020,Electronics,3,4,79.8,Medium,1,1,3.2,College Portal,1
S0022,E017,Computer Engineering,2,3,85.6,Medium,0,0,17.9,College Portal,0
S0022,E027,Computer Engineering,2,3,85.6,Medium,0,0,16.1,Email,0
S0022,E010,Computer Engineering,2,3,85.6,Medium,1,0,8.6,Email,1
S0022,E015,Computer Engineering,2,3,85.6,Medium,1,1,17.9,WhatsApp,1
S0022,E029,Computer Engineering,2,3,85.6,Medium,0,0,3.2,Email,0
S0023,E019,IT,4,5,71.6,High,1,1,3.6,WhatsApp,1
S0023,E001,IT,4,5,71.6,High,1,1,9.9,Email,1
S0023,E007,IT,4,5,71.6,High,0,0,6.5,Instagram,0
S0023,E008,IT,4,5,71.6,High,1,0,15.3,WhatsApp,0
S0023,E037,IT,4,5,71.6,High,1,1,17.7,College Portal,1
S0024,E008,IT,4,3,92.0,High,1,0,10.8,Instagram,1
S0024,E005,IT,4,3,92.0,High,1,1,7.4,WhatsApp,1
S0024,E013,IT,4,3,92.0,High,1,1,7.4,WhatsApp,1
S0024,E012,IT,4,3,92.0,High,0,0,7.2,College Portal,0
S0024,E009,IT,4,3,92.0,High,1,0,7.5,WhatsApp,0
S0025,E020,IT,4,2,94.2,High,0,0,3.1,College Portal,0
S0025,E013,IT,4,2,94.2,High,1,1,16.6,WhatsApp,1
S0025,E035,IT,4,2,94.2,High,1,1,3.2,College Portal,1
S0025,E025,IT,4,2,94.2,High,0,0,4.9,Instagram,0
S0025,E033,IT,4,2,94.2,High,1,1,10.2,College Portal,1
S0026,E011,Civil,2,1,57.9,High,0,0,3.3,WhatsApp,0
S0026,E025,Civil,2,1,57.9,High,1,1,5.9,WhatsApp,1
S0026,E010,Civil,2,1,57.9,High,1,1,17.8,WhatsApp,1
S0026,E027,Civil,2,1,57.9,High,1,1,10.1,Email,1
S0026,E029,Civil,2,1,57.9,High,1,1,15.0,Instagram,0
S0027,E021,Computer Engineering,4,4,67.0,Medium,1,1,16.0,WhatsApp,1
S0027,E015,Computer Engineering,4,4,67.0,Medium,1,1,14.3,College Portal,1
S0027,E019,Computer Engineering,4,4,67.0,Medium,1,1,9.7,WhatsApp,1
S0027,E040,Computer Engineering,4,4,67.0,Medium,1,0,14.8,Instagram,1
S0027,E033,Computer Engineering,4,4,67.0,Medium,1,1,5.2,College Portal,1
S0028,E015,Electronics,4,9,76.3,Medium,0,0,16.6,College Portal,0
S0028,E033,Electronics,4,9,76.3,Medium,1,1,5.2,WhatsApp,1
S0028,E012,Electronics,4,9,76.3,Medium,1,1,8.4,College Portal,1
S0028,E023,Electronics,4,9,76.3,Medium,1,1,8.6,Instagram,1
S0028,E013,Electronics,4,9,76.3,Medium,1,0,7.5,WhatsApp,1
S0029,E006,Electronics,2,2,95.1,Medium,1,1,15.8,WhatsApp,1
S0029,E007,Electronics,2,2,95.1,Medium,1,0,8.1,WhatsApp,0
S0029,E004,Electronics,2,2,95.1,Medium,1,1,11.2,College Portal,1
S0029,E026,Electronics,2,2,95.1,Medium,1,1,8.6,College Portal,1
S0029,E018,Electronics,2,2,95.1,Medium,1,1,15.1,College Portal,1
S0030,E026,Computer Engineering,4,6,58.3,Low,1,1,12.5,Email,0
S0030,E035,Computer Engineering,4,6,58.3,Low,0,0,6.1,College Portal,0
S0030,E021,Computer Engineering,4,6,58.3,Low,1,1,13.8,College Portal,0
S0030,E016,Computer Engineering,4,6,58.3,Low,1,1,9.8,Email,1
S0030,E033,Computer Engineering,4,6,58.3,Low,1,1,12.9,Instagram,1
S0031,E029,Electronics,1,5,84.3,Low,1,0,7.1,WhatsApp,1
S0031,E036,Electronics,1,5,84.3,Low,1,1,6.4,WhatsApp,1
S0031,E040,Electronics,1,5,84.3,Low,1,1,14.1,Instagram,1
S0031,E012,Electronics,1,5,84.3,Low,1,1,8.5,College Portal,1
S0031,E035,Electronics,1,5,84.3,Low,0,0,12.1,WhatsApp,0
S0032,E027,Computer Engineering,3,3,51.6,Medium,1,1,15.9,WhatsApp,1
S0032,E030,Computer Engineering,3,3,51.6,Medium,1,1,15.7,Instagram,1
S0032,E018,Computer Engineering,3,3,51.6,Medium,1,1,14.9,Email,0
S0032,E008,Computer Engineering,3,3,51.6,Medium,1,1,12.1,College Portal,0
S0032,E025,Computer Engineering,3,3,51.6,Medium,1,1,16.5,WhatsApp,1
S0033,E014,Computer Engineering,1,3,78.5,Medium,1,1,4.9,WhatsApp,1
S0033,E018,Computer Engineering,1,3,78.5,Medium,1,1,17.9,WhatsApp,0
S0033,E026,Computer Engineering,1,3,78.5,Medium,1,1,3.7,College Portal,1
S0033,E002,Computer Engineering,1,3,78.5,Medium,1,1,16.4,College Portal,1
S0033,E028,Computer Engineering,1,3,78.5,Medium,1,1,12.4,WhatsApp,1
S0034,E003,Electrical,1,2,94.9,Medium,1,1,16.8,College Portal,0
S0034,E032,Electrical,1,2,94.9,Medium,1,1,14.1,College Portal,0
S0034,E025,Electrical,1,2,94.9,Medium,1,1,0.8,College Portal,1
S0034,E031,Electrical,1,2,94.9,Medium,1,1,6.2,College Portal,1
S0034,E006,Electrical,1,2,94.9,Medium,1,1,7.0,Email,1
S0035,E019,Electrical,1,4,84.0,Medium,1,1,16.0,Email,0
S0035,E024,Electrical,1,4,84.0,Medium,1,1,15.5,WhatsApp,1
S0035,E029,Electrical,1,4,84.0,Medium,1,1,16.1,Instagram,1
S0035,E020,Electrical,1,4,84.0,Medium,1,0,6.1,Instagram,1
S0035,E005,Electrical,1,4,84.0,Medium,0,0,10.5,College Portal,0
S0036,E028,Civil,3,3,36.1,Medium,1,1,4.9,College Portal,1
S0036,E031,Civil,3,3,36.1,Medium,1,1,10.1,WhatsApp,0
S0036,E040,Civil,3,3,36.1,Medium,1,1,2.4,College Portal,1
S0036,E033,Civil,3,3,36.1,Medium,1,0,3.2,WhatsApp,0
S0036,E012,Civil,3,3,36.1,Medium,1,1,11.4,College Portal,0
S0037,E007,IT,2,1,79.4,Medium,0,0,13.7,College Portal,0
S0037,E038,IT,2,1,79.4,Medium,1,1,11.8,College Portal,1
S0037,E029,IT,2,1,79.4,Medium,1,1,17.6,WhatsApp,1
S0037,E004,IT,2,1,79.4,Medium,1,1,11.8,Email,1
S0037,E017,IT,2,1,79.4,Medium,1,1,3.3,WhatsApp,1
S0038,E028,Computer Engineering,3,5,44.8,Medium,0,0,17.4,WhatsApp,0
S0038,E012,Computer Engineering,3,5,44.8,Medium,1,1,16.0,College Portal,1
S0038,E034,Computer Engineering,3,5,44.8,Medium,1,1,10.7,WhatsApp,1
S0038,E021,Computer Engineering,3,5,44.8,Medium,1,1,11.0,Instagram,1
S0038,E005,Computer Engineering,3,5,44.8,Medium,1,1,8.8,College Portal,1
S0039,E030,Mechanical,1,4,83.5,Medium,1,1,6.6,WhatsApp,0
S0039,E029,Mechanical,1,4,83.5,Medium,1,1,10.3,Email,1
S0039,E007,Mechanical,1,4,83.5,Medium,1,1,10.0,WhatsApp,0
S0039,E036,Mechanical,1,4,83.5,Medium,1,1,11.0,Email,1
S0039,E014,Mechanical,1,4,83.5,Medium,1,1,3.6,WhatsApp,1
S0040,E032,IT,2,7,80.7,High,1,1,7.5,Instagram,1
S0040,E012,IT,2,7,80.7,High,1,1,11.6,Instagram,1
S0040,E036,IT,2,7,80.7,High,1,1,7.0,WhatsApp,1
S0040,E011,IT,2,7,80.7,High,1,1,16.8,WhatsApp,1
S0040,E035,IT,2,7,80.7,High,1,1,16.0,WhatsApp,1
S0041,E022,Computer Engineering,2,4,96.9,Medium,0,0,15.3,WhatsApp,0
S0041,E039,Computer Engineering,2,4,96.9,Medium,1,1,6.1,Email,1
S0041,E032,Computer Engineering,2,4,96.9,Medium,1,0,7.0,College Portal,1
S0041,E008,Computer Engineering,2,4,96.9,Medium,0,0,12.8,Email,0
S0041,E025,Computer Engineering,2,4,96.9,Medium,0,0,2.3,Instagram,0
S0042,E005,Electronics,3,7,92.8,Medium,1,1,17.1,WhatsApp,0
S0042,E026,Electronics,3,7,92.8,Medium,1,1,7.1,College Portal,1
S0042,E009,Electronics,3,7,92.8,Medium,1,1,13.9,College Portal,1
S0042,E021,Electronics,3,7,92.8,Medium,1,1,9.7,Instagram,1
S0042,E025,Electronics,3,7,92.8,Medium,1,1,11.7,WhatsApp,1
S0043,E028,Computer Engineering,2,4,62.9,High,1,1,9.6,Instagram,1
S0043,E009,Computer Engineering,2,4,62.9,High,1,1,10.9,WhatsApp,1
S0043,E023,Computer Engineering,2,4,62.9,High,1,1,12.7,Instagram,1
S0043,E034,Computer Engineering,2,4,62.9,High,1,1,5.0,Email,1
S0043,E004,Computer Engineering,2,4,62.9,High,0,0,7.7,College Portal,0
S0044,E032,Electrical,3,3,59.0,High,1,0,9.0,College Portal,1
S0044,E001,Electrical,3,3,59.0,High,1,1,13.4,Email,1
S0044,E018,Electrical,3,3,59.0,High,1,1,11.3,College Portal,1
S0044,E004,Electrical,3,3,59.0,High,1,1,3.6,WhatsApp,1
S0044,E022,Electrical,3,3,59.0,High,1,1,8.6,Email,0
S0045,E009,Computer Engineering,4,0,47.0,High,1,1,4.7,WhatsApp,0
S0045,E024,Computer Engineering,4,0,47.0,High,1,1,15.3,WhatsApp,1
S0045,E014,Computer Engineering,4,0,47.0,High,1,1,16.6,Instagram,1
S0045,E017,Computer Engineering,4,0,47.0,High,1,1,9.4,Email,0
S0045,E002,Computer Engineering,4,0,47.0,High,1,0,1.2,WhatsApp,0
S0046,E030,Mechanical,3,4,82.5,Medium,1,1,12.5,College Portal,1
S0046,E015,Mechanical,3,4,82.5,Medium,0,0,4.0,WhatsApp,0
S0046,E024,Mechanical,3,4,82.5,Medium,1,1,4.6,Email,1
S0046,E020,Mechanical,3,4,82.5,Medium,1,1,17.1,WhatsApp,0
S0046,E037,Mechanical,3,4,82.5,Medium,1,0,9.0,WhatsApp,1
S0047,E006,IT,1,1,69.1,Low,1,1,11.3,Instagram,1
S0047,E028,IT,1,1,69.1,Low,1,1,14.4,WhatsApp,0
S0047,E033,IT,1,1,69.1,Low,1,1,14.7,WhatsApp,0
S0047,E026,IT,1,1,69.1,Low,1,1,15.0,WhatsApp,0
S0047,E014,IT,1,1,69.1,Low,1,1,15.2,Instagram,1
S0048,E011,Electronics,1,3,90.6,Medium,1,1,8.2,WhatsApp,1
S0048,E020,Electronics,1,3,90.6,Medium,1,1,1.1,Email,1
S0048,E037,Electronics,1,3,90.6,Medium,1,1,1.4,WhatsApp,1
S0048,E007,Electronics,1,3,90.6,Medium,0,0,9.9,WhatsApp,0
S0048,E013,Electronics,1,3,90.6,Medium,0,0,14.3,College Portal,0
S0049,E020,Electronics,4,3,94.5,Medium,0,0,7.5,WhatsApp,0
S0049,E024,Electronics,4,3,94.5,Medium,1,1,6.9,WhatsApp,1
S0049,E004,Electronics,4,3,94.5,Medium,0,0,9.5,Instagram,0
S0049,E026,Electronics,4,3,94.5,Medium,1,1,2.2,WhatsApp,1
S0049,E022,Electronics,4,3,94.5,Medium,1,1,10.7,Email,1
S0050,E001,Computer Engineering,1,2,73.4,High,1,1,2.1,WhatsApp,1
S0050,E034,Computer Engineering,1,2,73.4,High,1,1,16.0,WhatsApp,0
S0050,E013,Computer Engineering,1,2,73.4,High,1,1,12.6,College Portal,1
S0050,E021,Computer Engineering,1,2,73.4,High,1,1,15.9,College Portal,1
S0050,E025,Computer Engineering,1,2,73.4,High,0,0,9.4,Instagram,0
S0051,E009,Electrical,4,5,69.8,Medium,0,0,15.6,WhatsApp,0
S0051,E006,Electrical,4,5,69.8,Medium,1,1,6.7,Instagram,0
S0051,E018,Electrical,4,5,69.8,Medium,0,0,1.2,College Portal,0
S0051,E008,Electrical,4,5,69.8,Medium,1,0,4.0,Email,1
S0051,E027,Electrical,4,5,69.8,Medium,0,0,14.9,Instagram,0
S0052,E019,Civil,2,5,71.0,Low,0,0,16.9,Email,0
S0052,E035,Civil,2,5,71.0,Low,1,1,17.5,College Portal,1
S0052,E039,Civil,2,5,71.0,Low,1,1,16.1,College Portal,0
S0052,E013,Civil,2,5,71.0,Low,1,1,12.5,WhatsApp,1
S0052,E001,Civil,2,5,71.0,Low,1,1,5.7,College Portal,1
S0053,E012,Electrical,4,5,91.3,Low,1,1,10.8,WhatsApp,1
S0053,E038,Electrical,4,5,91.3,Low,1,1,9.7,College Portal,1
S0053,E032,Electrical,4,5,91.3,Low,1,0,9.5,Instagram,0
S0053,E008,Electrical,4,5,91.3,Low,1,1,15.7,WhatsApp,1
S0053,E023,Electrical,4,5,91.3,Low,1,1,11.0,College Portal,1
S0054,E003,Electrical,3,3,90.2,Low,1,1,17.8,WhatsApp,1
S0054,E037,Electrical,3,3,90.2,Low,1,0,0.7,WhatsApp,0
S0054,E024,Electrical,3,3,90.2,Low,1,1,0.5,Email,1
S0054,E016,Electrical,3,3,90.2,Low,1,1,14.9,WhatsApp,1
S0054,E020,Electrical,3,3,90.2,Low,1,1,17.0,Instagram,0
S0055,E005,Electronics,4,4,78.7,Medium,1,1,0.5,Email,1
S0055,E001,Electronics,4,4,78.7,Medium,1,0,3.4,College Portal,1
S0055,E006,Electronics,4,4,78.7,Medium,1,1,7.3,Email,1
S0055,E024,Electronics,4,4,78.7,Medium,1,0,12.7,Email,1
S0055,E026,Electronics,4,4,78.7,Medium,1,1,5.8,Email,1
S0056,E025,Electrical,2,0,88.0,High,1,1,14.7,Instagram,1
S0056,E009,Electrical,2,0,88.0,High,1,1,4.4,Email,0
S0056,E004,Electrical,2,0,88.0,High,1,1,5.2,WhatsApp,1
S0056,E011,Electrical,2,0,88.0,High,1,1,5.5,Email,0
S0056,E032,Electrical,2,0,88.0,High,0,0,4.2,Email,0
S0057,E029,Computer Engineering,3,3,95.6,High,1,1,13.8,College Portal,1
S0057,E016,Computer Engineering,3,3,95.6,High,1,1,14.1,College Portal,1
S0057,E037,Computer Engineering,3,3,95.6,High,1,1,11.1,Email,1
S0057,E009,Computer Engineering,3,3,95.6,High,1,0,3.7,WhatsApp,1
S0057,E010,Computer Engineering,3,3,95.6,High,1,1,17.5,College Portal,1
S0058,E013,Computer Engineering,2,3,84.7,High,1,1,11.4,WhatsApp,1
S0058,E005,Computer Engineering,2,3,84.7,High,1,1,16.0,WhatsApp,1
S0058,E025,Computer Engineering,2,3,84.7,High,0,0,14.8,Instagram,0
S0058,E026,Computer Engineering,2,3,84.7,High,1,1,2.1,College Portal,1
S0058,E037,Computer Engineering,2,3,84.7,High,1,1,0.5,WhatsApp,1
S0059,E013,Computer Engineering,2,8,87.9,Medium,1,1,10.9,WhatsApp,1
S0059,E015,Computer Engineering,2,8,87.9,Medium,1,1,11.7,Email,1
S0059,E028,Computer Engineering,2,8,87.9,Medium,1,0,14.8,Instagram,0
S0059,E033,Computer Engineering,2,8,87.9,Medium,1,1,9.0,WhatsApp,1
S0059,E009,Computer Engineering,2,8,87.9,Medium,1,1,2.5,College Portal,1
S0060,E019,IT,3,4,91.2,Medium,1,1,1.7,College Portal,1
S0060,E029,IT,3,4,91.2,Medium,1,1,8.8,WhatsApp,1
S0060,E023,IT,3,4,91.2,Medium,1,1,1.8,College Portal,1
S0060,E018,IT,3,4,91.2,Medium,1,0,3.6,WhatsApp,0
S0060,E036,IT,3,4,91.2,Medium,1,1,3.1,Email,0
S0061,E005,IT,4,4,96.5,Medium,1,1,4.5,Instagram,1
S0061,E003,IT,4,4,96.5,Medium,1,1,7.9,Email,0
S0061,E021,IT,4,4,96.5,Medium,1,1,7.3,WhatsApp,1
S0061,E011,IT,4,4,96.5,Medium,1,0,12.6,Email,1
S0061,E014,IT,4,4,96.5,Medium,1,1,5.8,WhatsApp,1
S0062,E027,Computer Engineering,4,4,85.1,Medium,1,0,8.9,WhatsApp,1
S0062,E026,Computer Engineering,4,4,85.1,Medium,1,1,13.1,College Portal,0
S0062,E030,Computer Engineering,4,4,85.1,Medium,1,1,7.4,WhatsApp,0
S0062,E020,Computer Engineering,4,4,85.1,Medium,1,1,10.3,College Portal,1
S0062,E025,Computer Engineering,4,4,85.1,Medium,1,1,9.1,College Portal,1
S0063,E034,Civil,3,2,81.2,High,1,1,17.5,WhatsApp,1
S0063,E035,Civil,3,2,81.2,High,0,0,15.4,Instagram,0
S0063,E039,Civil,3,2,81.2,High,1,0,17.1,College Portal,1
S0063,E028,Civil,3,2,81.2,High,0,0,9.2,WhatsApp,0
S0063,E037,Civil,3,2,81.2,High,1,1,3.5,Instagram,1
S0064,E029,IT,2,5,82.3,Medium,1,1,2.8,WhatsApp,1
S0064,E032,IT,2,5,82.3,Medium,1,1,6.8,Email,1
S0064,E001,IT,2,5,82.3,Medium,0,0,0.7,Email,0
S0064,E021,IT,2,5,82.3,Medium,1,1,4.7,WhatsApp,0
S0064,E037,IT,2,5,82.3,Medium,1,1,1.3,Email,1
S0065,E036,IT,2,2,44.2,High,1,1,16.4,WhatsApp,1
S0065,E014,IT,2,2,44.2,High,1,1,14.4,Instagram,0
S0065,E012,IT,2,2,44.2,High,1,1,7.8,College Portal,0
S0065,E009,IT,2,2,44.2,High,1,1,2.3,Email,1
S0065,E004,IT,2,2,44.2,High,1,1,6.5,WhatsApp,1
S0066,E039,Electronics,3,5,86.3,Medium,1,1,9.0,WhatsApp,1
S0066,E040,Electronics,3,5,86.3,Medium,0,0,15.2,WhatsApp,0
S0066,E031,Electronics,3,5,86.3,Medium,1,1,17.2,Email,0
S0066,E005,Electronics,3,5,86.3,Medium,1,1,4.5,WhatsApp,1
S0066,E025,Electronics,3,5,86.3,Medium,1,1,6.4,WhatsApp,1
S0067,E024,Computer Engineering,1,3,67.7,Low,1,1,5.2,Instagram,1
S0067,E005,Computer Engineering,1,3,67.7,Low,1,1,15.4,WhatsApp,0
S0067,E023,Computer Engineering,1,3,67.7,Low,1,1,13.0,WhatsApp,1
S0067,E009,Computer Engineering,1,3,67.7,Low,1,1,4.6,Email,1
S0067,E032,Computer Engineering,1,3,67.7,Low,1,1,8.0,College Portal,0
S0068,E001,Civil,1,4,91.4,Low,1,1,7.6,Instagram,1
S0068,E013,Civil,1,4,91.4,Low,1,1,3.9,WhatsApp,1
S0068,E032,Civil,1,4,91.4,Low,1,1,13.8,College Portal,0
S0068,E022,Civil,1,4,91.4,Low,1,1,2.0,Instagram,1
S0068,E033,Civil,1,4,91.4,Low,1,0,10.5,College Portal,1
S0069,E016,Computer Engineering,2,6,88.8,Medium,1,1,15.4,College Portal,1
S0069,E039,Computer Engineering,2,6,88.8,Medium,1,1,15.2,College Portal,1
S0069,E037,Computer Engineering,2,6,88.8,Medium,0,0,11.8,WhatsApp,0
S0069,E040,Computer Engineering,2,6,88.8,Medium,1,1,7.4,WhatsApp,1
S0069,E028,Computer Engineering,2,6,88.8,Medium,1,1,9.8,Email,1
S0070,E006,Electrical,2,3,84.6,High,1,1,3.5,Email,1
S0070,E027,Electrical,2,3,84.6,High,1,1,12.8,Instagram,1
S0070,E011,Electrical,2,3,84.6,High,0,0,4.7,Email,0
S0070,E020,Electrical,2,3,84.6,High,1,1,10.2,College Portal,1
S0070,E034,Electrical,2,3,84.6,High,0,0,6.7,Email,0
S0071,E001,Civil,2,9,90.4,Medium,1,1,15.3,Instagram,1
S0071,E037,Civil,2,9,90.4,Medium,1,1,16.9,Email,1
S0071,E032,Civil,2,9,90.4,Medium,1,1,16.1,WhatsApp,1
S0071,E018,Civil,2,9,90.4,Medium,1,1,16.1,College Portal,0
S0071,E023,Civil,2,9,90.4,Medium,1,1,11.9,College Portal,1
S0072,E023,Computer Engineering,1,4,80.8,High,1,1,5.8,WhatsApp,1
S0072,E029,Computer Engineering,1,4,80.8,High,1,0,14.7,WhatsApp,1
S0072,E016,Computer Engineering,1,4,80.8,High,1,1,1.1,College Portal,1
S0072,E025,Computer Engineering,1,4,80.8,High,1,1,14.9,Email,1
S0072,E007,Computer Engineering,1,4,80.8,High,1,1,17.6,WhatsApp,1
S0073,E017,Computer Engineering,1,4,82.5,High,1,1,0.7,WhatsApp,1
S0073,E026,Computer Engineering,1,4,82.5,High,1,1,14.7,College Portal,1
S0073,E029,Computer Engineering,1,4,82.5,High,1,1,5.6,Instagram,1
S0073,E035,Computer Engineering,1,4,82.5,High,1,1,15.9,College Portal,1
S0073,E034,Computer Engineering,1,4,82.5,High,1,1,2.4,Email,1
S0074,E002,Civil,1,1,42.8,Medium,1,1,12.2,College Portal,1
S0074,E023,Civil,1,1,42.8,Medium,1,1,2.1,WhatsApp,1
S0074,E032,Civil,1,1,42.8,Medium,1,1,3.1,WhatsApp,1
S0074,E036,Civil,1,1,42.8,Medium,1,0,6.7,College Portal,1
S0074,E017,Civil,1,1,42.8,Medium,1,1,16.7,College Portal,0
S0075,E003,Mechanical,4,7,77.7,High,1,1,1.3,Instagram,0
S0075,E021,Mechanical,4,7,77.7,High,1,1,8.8,College Portal,1
S0075,E014,Mechanical,4,7,77.7,High,0,0,8.4,WhatsApp,0
S0075,E032,Mechanical,4,7,77.7,High,1,1,12.0,Email,0
S0075,E034,Mechanical,4,7,77.7,High,1,1,3.5,College Portal,1
S0076,E009,Mechanical,2,4,90.0,Medium,1,1,18.0,WhatsApp,0
S0076,E030,Mechanical,2,4,90.0,Medium,1,1,14.7,WhatsApp,0
S0076,E040,Mechanical,2,4,90.0,Medium,1,1,5.8,College Portal,1
S0076,E028,Mechanical,2,4,90.0,Medium,1,1,8.6,Instagram,1
S0076,E037,Mechanical,2,4,90.0,Medium,0,0,2.3,WhatsApp,0
S0077,E035,Civil,2,4,96.8,Medium,1,1,16.6,WhatsApp,1
S0077,E006,Civil,2,4,96.8,Medium,1,1,5.0,WhatsApp,1
S0077,E018,Civil,2,4,96.8,Medium,1,1,1.6,College Portal,1
S0077,E002,Civil,2,4,96.8,Medium,1,1,7.0,Email,1
S0077,E028,Civil,2,4,96.8,Medium,1,1,13.9,Email,1
S0078,E003,Computer Engineering,3,4,52.3,High,1,1,8.2,Email,1
S0078,E005,Computer Engineering,3,4,52.3,High,1,1,15.7,Email,1
S0078,E014,Computer Engineering,3,4,52.3,High,1,1,9.2,Email,0
S0078,E004,Computer Engineering,3,4,52.3,High,1,1,10.4,Email,1
S0078,E022,Computer Engineering,3,4,52.3,High,1,1,15.3,WhatsApp,1
S0079,E008,IT,1,3,87.3,High,1,1,14.0,WhatsApp,1
S0079,E001,IT,1,3,87.3,High,1,1,10.1,WhatsApp,1
S0079,E024,IT,1,3,87.3,High,1,1,6.5,Email,1
S0079,E009,IT,1,3,87.3,High,1,0,6.0,College Portal,1
S0079,E016,IT,1,3,87.3,High,1,1,4.4,WhatsApp,1
S0080,E040,Computer Engineering,4,1,97.1,Medium,0,0,13.2,Instagram,0
S0080,E034,Computer Engineering,4,1,97.1,Medium,1,1,6.8,WhatsApp,1
S0080,E025,Computer Engineering,4,1,97.1,Medium,1,1,11.5,WhatsApp,1
S0080,E037,Computer Engineering,4,1,97.1,Medium,1,1,13.0,Instagram,0
S0080,E019,Computer Engineering,4,1,97.1,Medium,1,1,1.4,WhatsApp,1
S0081,E032,Civil,3,3,82.7,Medium,1,1,13.3,Email,0
S0081,E020,Civil,3,3,82.7,Medium,1,1,12.6,Email,1
S0081,E006,Civil,3,3,82.7,Medium,0,0,14.4,Email,0
S0081,E024,Civil,3,3,82.7,Medium,1,1,15.4,WhatsApp,1
S0081,E023,Civil,3,3,82.7,Medium,1,1,9.6,Instagram,1
S0082,E008,Mechanical,1,9,89.7,Low,1,1,16.1,WhatsApp,0
S0082,E035,Mechanical,1,9,89.7,Low,1,1,8.2,College Portal,1
S0082,E005,Mechanical,1,9,89.7,Low,1,0,5.5,College Portal,0
S0082,E006,Mechanical,1,9,89.7,Low,0,0,1.0,Email,0
S0082,E020,Mechanical,1,9,89.7,Low,1,1,13.9,WhatsApp,1
S0083,E004,IT,2,2,77.7,Medium,1,1,0.5,College Portal,1
S0083,E024,IT,2,2,77.7,Medium,1,1,6.3,College Portal,1
S0083,E020,IT,2,2,77.7,Medium,1,1,16.7,Instagram,1
S0083,E035,IT,2,2,77.7,Medium,1,0,8.4,Instagram,1
S0083,E023,IT,2,2,77.7,Medium,1,1,9.6,College Portal,1
S0084,E012,Computer Engineering,4,7,93.2,Medium,1,0,11.9,Email,0
S0084,E031,Computer Engineering,4,7,93.2,Medium,1,1,13.4,College Portal,1
S0084,E009,Computer Engineering,4,7,93.2,Medium,1,1,16.1,College Portal,0
S0084,E030,Computer Engineering,4,7,93.2,Medium,1,1,4.9,College Portal,0
S0084,E003,Computer Engineering,4,7,93.2,Medium,1,1,14.8,Instagram,0
S0085,E040,IT,4,2,82.9,High,0,0,1.0,WhatsApp,0
S0085,E011,IT,4,2,82.9,High,1,1,4.8,WhatsApp,1
S0085,E027,IT,4,2,82.9,High,1,0,13.3,WhatsApp,1
S0085,E024,IT,4,2,82.9,High,1,1,3.6,WhatsApp,1
S0085,E002,IT,4,2,82.9,High,1,1,3.3,Instagram,1
S0086,E021,IT,2,5,25.8,Medium,1,1,14.2,WhatsApp,1
S0086,E020,IT,2,5,25.8,Medium,0,0,11.8,Instagram,0
S0086,E016,IT,2,5,25.8,Medium,1,1,14.7,WhatsApp,0
S0086,E031,IT,2,5,25.8,Medium,1,1,4.9,WhatsApp,0
S0086,E027,IT,2,5,25.8,Medium,1,1,11.3,WhatsApp,0
S0087,E023,Mechanical,3,0,42.4,Low,1,1,7.7,Email,1
S0087,E037,Mechanical,3,0,42.4,Low,1,1,8.9,WhatsApp,1
S0087,E032,Mechanical,3,0,42.4,Low,1,0,11.8,Instagram,1
S0087,E005,Mechanical,3,0,42.4,Low,1,1,14.9,Email,1
S0087,E024,Mechanical,3,0,42.4,Low,0,0,3.0,WhatsApp,0
S0088,E009,Mechanical,1,3,78.6,Medium,1,1,7.8,Email,1
S0088,E018,Mechanical,1,3,78.6,Medium,0,0,6.6,Instagram,0
S0088,E027,Mechanical,1,3,78.6,Medium,1,1,2.8,Email,0
S0088,E015,Mechanical,1,3,78.6,Medium,1,1,7.5,Instagram,1
S0088,E019,Mechanical,1,3,78.6,Medium,0,0,0.9,Instagram,0
S0089,E025,Electrical,4,9,62.5,Medium,1,1,6.5,WhatsApp,1
S0089,E036,Electrical,4,9,62.5,Medium,1,0,2.4,Email,0
S0089,E002,Electrical,4,9,62.5,Medium,1,1,16.7,Instagram,1
S0089,E030,Electrical,4,9,62.5,Medium,0,0,14.4,College Portal,0
S0089,E039,Electrical,4,9,62.5,Medium,1,1,12.1,Instagram,1
S0090,E040,IT,1,6,77.5,Medium,0,0,8.3,College Portal,0
S0090,E021,IT,1,6,77.5,Medium,1,1,11.5,WhatsApp,1
S0090,E023,IT,1,6,77.5,Medium,1,1,16.5,College Portal,0
S0090,E017,IT,1,6,77.5,Medium,1,1,3.8,WhatsApp,1
S0090,E026,IT,1,6,77.5,Medium,1,0,9.6,Instagram,1
S0091,E027,Computer Engineering,4,8,89.7,Medium,1,1,13.0,College Portal,1
S0091,E033,Computer Engineering,4,8,89.7,Medium,1,1,17.6,Email,1
S0091,E002,Computer Engineering,4,8,89.7,Medium,1,1,15.6,Email,1
S0091,E013,Computer Engineering,4,8,89.7,Medium,1,0,17.7,WhatsApp,0
S0091,E003,Computer Engineering,4,8,89.7,Medium,1,1,15.8,WhatsApp,1
S0092,E008,Mechanical,3,5,89.7,High,1,1,17.9,College Portal,1
S0092,E009,Mechanical,3,5,89.7,High,1,1,8.6,Email,1
S0092,E040,Mechanical,3,5,89.7,High,0,0,1.2,Email,0
S0092,E026,Mechanical,3,5,89.7,High,0,0,3.5,Email,0
S0092,E011,Mechanical,3,5,89.7,High,0,0,15.9,Email,0
S0093,E032,Civil,3,5,71.4,Low,1,0,5.0,Instagram,1
S0093,E013,Civil,3,5,71.4,Low,1,1,16.2,WhatsApp,0
S0093,E014,Civil,3,5,71.4,Low,1,1,17.5,Email,0
S0093,E020,Civil,3,5,71.4,Low,0,0,,WhatsApp,0
S0093,E038,Civil,3,5,71.4,Low,1,1,17.0,Email,1
S0094,E031,Electronics,2,5,66.2,Medium,0,0,16.4,Email,0
S0094,E020,Electronics,2,5,66.2,Medium,1,1,2.6,WhatsApp,1
S0094,E023,Electronics,2,5,66.2,Medium,1,1,14.7,WhatsApp,1
S0094,E018,Electronics,2,5,66.2,Medium,1,1,7.2,WhatsApp,1
S0094,E022,Electronics,2,5,66.2,Medium,1,1,10.3,College Portal,1
S0095,E036,Civil,1,2,77.4,High,1,1,16.3,Email,1
S0095,E020,Civil,1,2,77.4,High,0,0,9.9,College Portal,0
S0095,E011,Civil,1,2,77.4,High,1,1,8.3,WhatsApp,1
S0095,E034,Civil,1,2,77.4,High,0,0,2.0,WhatsApp,0
S0095,E022,Civil,1,2,77.4,High,1,1,1.0,Instagram,0
S0096,E014,Electronics,1,9,80.6,Medium,1,1,17.6,Email,1
S0096,E011,Electronics,1,9,80.6,Medium,1,1,5.6,College Portal,1
S0096,E033,Electronics,1,9,80.6,Medium,1,1,17.9,WhatsApp,1
S0096,E020,Electronics,1,9,80.6,Medium,0,0,17.7,College Portal,0
S0096,E031,Electronics,1,9,80.6,Medium,1,1,4.7,College Portal,1
S0097,E027,Electronics,1,5,65.3,Medium,1,1,14.0,College Portal,1
S0097,E020,Electronics,1,5,65.3,Medium,1,0,11.8,Instagram,1
S0097,E013,Electronics,1,5,65.3,Medium,1,1,0.5,Email,1
S0097,E017,Electronics,1,5,65.3,Medium,1,1,4.6,WhatsApp,1
S0097,E016,Electronics,1,5,65.3,Medium,0,0,11.9,Email,0
S0098,E017,IT,1,1,74.8,Medium,0,0,6.3,Email,0
S0098,E020,IT,1,1,74.8,Medium,1,1,4.9,College Portal,1
S0098,E008,IT,1,1,74.8,Medium,1,1,15.1,WhatsApp,1
S0098,E007,IT,1,1,74.8,Medium,1,0,12.1,WhatsApp,1
S0098,E003,IT,1,1,74.8,Medium,1,0,8.8,Email,1
S0099,E032,Computer Engineering,3,4,84.0,Medium,0,0,15.7,WhatsApp,0
S0099,E018,Computer Engineering,3,4,84.0,Medium,1,1,15.8,WhatsApp,1
S0099,E014,Computer Engineering,3,4,84.0,Medium,1,1,12.8,WhatsApp,1
S0099,E035,Computer Engineering,3,4,84.0,Medium,0,0,11.2,WhatsApp,0
S0099,E004,Computer Engineering,3,4,84.0,Medium,0,0,6.9,WhatsApp,0
S0100,E010,Computer Engineering,2,5,56.4,Medium,1,0,17.0,Email,0
S0100,E029,Computer Engineering,2,5,56.4,Medium,0,0,1.1,Instagram,0
S0100,E024,Computer Engineering,2,5,56.4,Medium,1,1,10.6,WhatsApp,1
S0100,E003,Computer Engineering,2,5,56.4,Medium,1,1,15.0,Instagram,0
S0100,E025,Computer Engineering,2,5,56.4,Medium,1,1,8.5,College Portal,1
S0101,E002,Computer Engineering,1,3,83.7,Medium,0,0,12.9,College Portal,0
S0101,E004,Computer Engineering,1,3,83.7,Medium,1,0,3.3,Email,1
S0101,E008,Computer Engineering,1,3,83.7,Medium,1,1,11.9,WhatsApp,1
S0101,E028,Computer Engineering,1,3,83.7,Medium,0,0,16.2,WhatsApp,0
S0101,E037,Computer Engineering,1,3,83.7,Medium,1,1,13.8,WhatsApp,0
S0102,E022,Mechanical,4,5,77.3,High,1,1,6.5,College Portal,1
S0102,E004,Mechanical,4,5,77.3,High,1,1,11.5,Email,1
S0102,E005,Mechanical,4,5,77.3,High,1,1,17.9,College Portal,1
S0102,E013,Mechanical,4,5,77.3,High,1,0,6.8,College Portal,1
S0102,E034,Mechanical,4,5,77.3,High,1,0,9.4,WhatsApp,1
S0103,E032,IT,4,3,87.5,High,1,1,11.0,WhatsApp,1
S0103,E027,IT,4,3,87.5,High,1,1,16.3,College Portal,1
S0103,E015,IT,4,3,87.5,High,1,1,8.0,WhatsApp,1
S0103,E010,IT,4,3,87.5,High,1,1,4.2,Email,1
S0103,E025,IT,4,3,87.5,High,1,1,3.3,WhatsApp,1
S0104,E038,Electronics,4,4,72.3,Medium,0,0,2.1,WhatsApp,0
S0104,E019,Electronics,4,4,72.3,Medium,1,1,8.2,Email,1
S0104,E028,Electronics,4,4,72.3,Medium,1,1,1.5,College Portal,1
S0104,E006,Electronics,4,4,72.3,Medium,1,1,16.5,Email,0
S0104,E039,Electronics,4,4,72.3,Medium,1,1,14.6,College Portal,1
S0105,E034,Electrical,4,3,50.1,Low,1,0,6.8,WhatsApp,0
S0105,E017,Electrical,4,3,50.1,Low,1,1,7.9,College Portal,0
S0105,E023,Electrical,4,3,50.1,Low,1,1,13.6,WhatsApp,0
S0105,E032,Electrical,4,3,50.1,Low,1,1,17.1,WhatsApp,1
S0105,E028,Electrical,4,3,50.1,Low,1,1,1.5,Email,1
S0106,E005,Computer Engineering,1,1,70.6,Low,1,1,6.2,Instagram,1
S0106,E033,Computer Engineering,1,1,70.6,Low,1,1,2.4,College Portal,1
S0106,E026,Computer Engineering,1,1,70.6,Low,1,1,1.8,College Portal,1
S0106,E028,Computer Engineering,1,1,70.6,Low,1,1,13.7,Instagram,1
S0106,E029,Computer Engineering,1,1,70.6,Low,1,1,6.0,Email,1
S0107,E034,IT,2,5,77.2,Low,1,1,4.1,WhatsApp,1
S0107,E037,IT,2,5,77.2,Low,1,1,17.4,College Portal,1
S0107,E011,IT,2,5,77.2,Low,1,1,7.0,WhatsApp,0
S0107,E014,IT,2,5,77.2,Low,0,0,1.7,Instagram,0
S0107,E006,IT,2,5,77.2,Low,1,0,15.6,Email,0
S0108,E022,Mechanical,3,3,83.2,Medium,1,1,1.4,College Portal,1
S0108,E036,Mechanical,3,3,83.2,Medium,1,1,14.6,Email,1
S0108,E032,Mechanical,3,3,83.2,Medium,1,1,11.0,College Portal,1
S0108,E001,Mechanical,3,3,83.2,Medium,1,1,4.6,Instagram,1
S0108,E021,Mechanical,3,3,83.2,Medium,1,1,11.2,WhatsApp,1
S0109,E027,Computer Engineering,3,2,84.2,Low,1,1,1.4,Instagram,1
S0109,E032,Computer Engineering,3,2,84.2,Low,1,1,14.6,WhatsApp,1
S0109,E039,Computer Engineering,3,2,84.2,Low,1,1,15.7,WhatsApp,0
S0109,E009,Computer Engineering,3,2,84.2,Low,1,1,3.9,WhatsApp,1
S0109,E012,Computer Engineering,3,2,84.2,Low,0,0,6.9,College Portal,0
S0110,E018,Computer Engineering,1,2,58.4,Medium,1,1,16.6,WhatsApp,1
S0110,E039,Computer Engineering,1,2,58.4,Medium,1,1,15.6,WhatsApp,1
S0110,E001,Computer Engineering,1,2,58.4,Medium,1,1,10.9,College Portal,1
S0110,E035,Computer Engineering,1,2,58.4,Medium,1,1,2.0,WhatsApp,0
S0110,E040,Computer Engineering,1,2,58.4,Medium,1,1,8.2,Email,1
S0111,E007,IT,4,4,90.5,High,0,0,13.8,WhatsApp,0
S0111,E033,IT,4,4,90.5,High,1,1,2.9,WhatsApp,1
S0111,E010,IT,4,4,90.5,High,1,1,7.8,WhatsApp,1
S0111,E031,IT,4,4,90.5,High,1,1,9.6,WhatsApp,1
S0111,E003,IT,4,4,90.5,High,0,0,13.3,Instagram,0
S0112,E017,Computer Engineering,1,2,84.4,Medium,1,1,17.0,College Portal,1
S0112,E012,Computer Engineering,1,2,84.4,Medium,1,1,12.3,WhatsApp,1
S0112,E011,Computer Engineering,1,2,84.4,Medium,1,1,10.4,Instagram,1
S0112,E002,Computer Engineering,1,2,84.4,Medium,0,0,6.8,Email,0
S0112,E037,Computer Engineering,1,2,84.4,Medium,1,1,3.6,Instagram,0
S0113,E034,Electrical,1,4,81.3,High,1,1,7.9,WhatsApp,1
S0113,E011,Electrical,1,4,81.3,High,0,0,3.9,College Portal,0
S0113,E002,Electrical,1,4,81.3,High,1,1,8.7,College Portal,1
S0113,E021,Electrical,1,4,81.3,High,1,1,7.3,WhatsApp,1
S0113,E023,Electrical,1,4,81.3,High,1,1,6.2,WhatsApp,1
S0114,E007,Civil,2,3,81.8,High,1,1,15.3,College Portal,1
S0114,E027,Civil,2,3,81.8,High,1,1,5.5,College Portal,1
S0114,E035,Civil,2,3,81.8,High,1,1,2.5,WhatsApp,1
S0114,E039,Civil,2,3,81.8,High,0,0,15.4,College Portal,0
S0114,E013,Civil,2,3,81.8,High,1,1,14.2,Email,1
S0115,E015,Mechanical,3,2,90.6,Medium,0,0,9.8,WhatsApp,0
S0115,E030,Mechanical,3,2,90.6,Medium,1,1,6.7,Instagram,1
S0115,E008,Mechanical,3,2,90.6,Medium,1,1,12.9,College Portal,1
S0115,E007,Mechanical,3,2,90.6,Medium,1,1,0.5,WhatsApp,0
S0115,E029,Mechanical,3,2,90.6,Medium,1,1,17.2,WhatsApp,1
S0116,E008,Civil,3,3,91.0,High,1,1,8.4,College Portal,1
S0116,E017,Civil,3,3,91.0,High,1,1,15.6,WhatsApp,1
S0116,E037,Civil,3,3,91.0,High,1,1,7.6,WhatsApp,0
S0116,E034,Civil,3,3,91.0,High,1,1,12.8,Email,1
S0116,E005,Civil,3,3,91.0,High,0,0,11.8,WhatsApp,0
S0117,E007,Civil,1,10,68.7,High,0,0,1.5,College Portal,0
S0117,E020,Civil,1,10,68.7,High,1,1,13.9,Email,1
S0117,E006,Civil,1,10,68.7,High,1,1,14.7,College Portal,1
S0117,E019,Civil,1,10,68.7,High,1,1,3.5,Instagram,1
S0117,E034,Civil,1,10,68.7,High,0,0,10.8,WhatsApp,0
S0118,E025,Computer Engineering,4,4,78.8,Medium,1,1,12.1,College Portal,1
S0118,E015,Computer Engineering,4,4,78.8,Medium,1,0,13.7,College Portal,0
S0118,E003,Computer Engineering,4,4,78.8,Medium,1,1,16.3,WhatsApp,1
S0118,E039,Computer Engineering,4,4,78.8,Medium,1,1,2.4,WhatsApp,1
S0118,E029,Computer Engineering,4,4,78.8,Medium,1,1,6.5,College Portal,1
S0119,E035,Electrical,1,5,73.3,Medium,1,1,13.5,WhatsApp,1
S0119,E015,Electrical,1,5,73.3,Medium,1,0,15.2,WhatsApp,1
S0119,E002,Electrical,1,5,73.3,Medium,1,1,4.6,College Portal,0
S0119,E012,Electrical,1,5,73.3,Medium,1,1,3.0,Email,1
S0119,E017,Electrical,1,5,73.3,Medium,0,0,16.1,Email,0
S0120,E023,Electronics,1,3,82.7,Medium,1,1,15.7,Instagram,1
S0120,E007,Electronics,1,3,82.7,Medium,1,1,2.5,WhatsApp,1
S0120,E010,Electronics,1,3,82.7,Medium,1,0,14.3,WhatsApp,0
S0120,E012,Electronics,1,3,82.7,Medium,1,1,15.4,WhatsApp,1
S0120,E009,Electronics,1,3,82.7,Medium,1,1,4.1,College Portal,1
S0121,E023,Civil,4,4,87.0,High,1,0,5.8,College Portal,1
S0121,E026,Civil,4,4,87.0,High,1,1,13.8,WhatsApp,0
S0121,E022,Civil,4,4,87.0,High,1,1,12.3,Email,0
S0121,E014,Civil,4,4,87.0,High,1,1,14.7,Email,1
S0121,E027,Civil,4,4,87.0,High,1,1,12.9,College Portal,0
S0122,E036,Electrical,4,4,74.4,Medium,1,1,2.3,WhatsApp,1
S0122,E010,Electrical,4,4,74.4,Medium,1,1,14.8,Instagram,0
S0122,E029,Electrical,4,4,74.4,Medium,1,0,3.7,WhatsApp,1
S0122,E015,Electrical,4,4,74.4,Medium,1,0,12.7,College Portal,1
S0122,E028,Electrical,4,4,74.4,Medium,1,1,3.1,College Portal,1
S0123,E011,IT,4,3,73.9,Low,1,1,6.5,WhatsApp,0
S0123,E032,IT,4,3,73.9,Low,1,1,14.7,WhatsApp,0
S0123,E035,IT,4,3,73.9,Low,1,0,5.0,College Portal,0
S0123,E037,IT,4,3,73.9,Low,1,1,8.9,WhatsApp,0
S0123,E036,IT,4,3,73.9,Low,0,0,1.4,Email,0
S0124,E024,Computer Engineering,4,6,79.8,Medium,1,1,10.6,WhatsApp,0
S0124,E022,Computer Engineering,4,6,79.8,Medium,1,1,8.7,WhatsApp,1
S0124,E019,Computer Engineering,4,6,79.8,Medium,1,1,11.6,WhatsApp,1
S0124,E040,Computer Engineering,4,6,79.8,Medium,1,1,1.8,WhatsApp,1
S0124,E039,Computer Engineering,4,6,79.8,Medium,1,1,1.6,WhatsApp,0
S0125,E010,Computer Engineering,3,3,82.8,Medium,1,1,16.5,Email,1
S0125,E006,Computer Engineering,3,3,82.8,Medium,1,1,3.1,WhatsApp,1
S0125,E001,Computer Engineering,3,3,82.8,Medium,1,1,9.5,College Portal,1
S0125,E027,Computer Engineering,3,3,82.8,Medium,0,0,6.4,College Portal,0
S0125,E034,Computer Engineering,3,3,82.8,Medium,0,0,0.7,WhatsApp,0
S0126,E013,IT,3,5,75.1,Medium,1,1,4.5,WhatsApp,1
S0126,E021,IT,3,5,75.1,Medium,1,1,3.0,WhatsApp,1
S0126,E030,IT,3,5,75.1,Medium,0,0,14.1,Email,0
S0126,E032,IT,3,5,75.1,Medium,1,0,5.8,College Portal,1
S0126,E022,IT,3,5,75.1,Medium,0,0,12.8,Instagram,0
S0127,E037,Civil,1,3,91.4,High,0,0,2.2,WhatsApp,0
S0127,E004,Civil,1,3,91.4,High,1,1,16.8,WhatsApp,1
S0127,E010,Civil,1,3,91.4,High,1,1,14.7,Email,1
S0127,E016,Civil,1,3,91.4,High,1,1,3.4,Instagram,1
S0127,E020,Civil,1,3,91.4,High,1,0,14.8,WhatsApp,1
S0128,E029,Civil,2,0,92.3,Medium,0,0,7.4,Instagram,0
S0128,E001,Civil,2,0,92.3,Medium,0,0,9.9,WhatsApp,0
S0128,E012,Civil,2,0,92.3,Medium,1,1,10.8,Instagram,1
S0128,E039,Civil,2,0,92.3,Medium,1,1,5.3,Instagram,1
S0128,E005,Civil,2,0,92.3,Medium,0,0,5.7,College Portal,0
S0129,E007,Computer Engineering,2,6,60.8,High,1,1,13.8,WhatsApp,1
S0129,E029,Computer Engineering,2,6,60.8,High,1,1,17.4,Instagram,1
S0129,E034,Computer Engineering,2,6,60.8,High,1,1,4.6,Instagram,1
S0129,E026,Computer Engineering,2,6,60.8,High,1,1,0.9,Email,1
S0129,E002,Computer Engineering,2,6,60.8,High,1,1,5.8,Instagram,1
S0130,E025,Electronics,1,3,64.1,High,1,1,13.5,Instagram,0
S0130,E031,Electronics,1,3,64.1,High,1,1,10.2,WhatsApp,1
S0130,E030,Electronics,1,3,64.1,High,1,1,4.3,Instagram,1
S0130,E015,Electronics,1,3,64.1,High,0,0,3.2,Instagram,0
S0130,E001,Electronics,1,3,64.1,High,1,1,13.2,WhatsApp,1
S0131,E028,IT,3,2,85.7,Medium,0,0,15.7,WhatsApp,0
S0131,E012,IT,3,2,85.7,Medium,0,0,10.7,Instagram,0
S0131,E011,IT,3,2,85.7,Medium,0,0,3.4,WhatsApp,0
S0131,E015,IT,3,2,85.7,Medium,0,0,14.4,College Portal,0
S0131,E022,IT,3,2,85.7,Medium,1,1,7.4,WhatsApp,1
S0132,E030,Computer Engineering,2,5,94.0,Low,1,1,17.9,Email,0
S0132,E038,Computer Engineering,2,5,94.0,Low,0,0,4.8,WhatsApp,0
S0132,E029,Computer Engineering,2,5,94.0,Low,0,0,13.4,Instagram,0
S0132,E028,Computer Engineering,2,5,94.0,Low,1,1,8.0,College Portal,1
S0132,E039,Computer Engineering,2,5,94.0,Low,1,1,4.0,College Portal,1
S0133,E040,Computer Engineering,1,6,78.9,High,1,1,14.8,Instagram,1
S0133,E029,Computer Engineering,1,6,78.9,High,0,0,2.6,College Portal,0
S0133,E018,Computer Engineering,1,6,78.9,High,1,1,12.3,WhatsApp,1
S0133,E014,Computer Engineering,1,6,78.9,High,1,1,8.2,WhatsApp,1
S0133,E037,Computer Engineering,1,6,78.9,High,1,1,3.6,WhatsApp,1
S0134,E010,IT,1,1,67.1,High,1,1,12.0,College Portal,0
S0134,E024,IT,1,1,67.1,High,1,1,15.2,WhatsApp,0
S0134,E028,IT,1,1,67.1,High,1,1,12.8,College Portal,1
S0134,E037,IT,1,1,67.1,High,1,1,1.3,Email,1
S0134,E012,IT,1,1,67.1,High,1,1,15.3,WhatsApp,1
S0135,E007,Electrical,3,6,78.9,Low,1,1,17.5,College Portal,1
S0135,E039,Electrical,3,6,78.9,Low,1,1,13.9,Email,0
S0135,E001,Electrical,3,6,78.9,Low,1,1,8.9,Instagram,1
S0135,E016,Electrical,3,6,78.9,Low,1,1,16.1,Email,1
S0135,E033,Electrical,3,6,78.9,Low,1,1,3.7,WhatsApp,1
S0136,E027,IT,1,2,87.7,Medium,1,1,8.5,Instagram,1
S0136,E039,IT,1,2,87.7,Medium,1,0,13.9,WhatsApp,0
S0136,E030,IT,1,2,87.7,Medium,1,1,13.1,WhatsApp,1
S0136,E025,IT,1,2,87.7,Medium,1,1,16.3,College Portal,1
S0136,E033,IT,1,2,87.7,Medium,1,1,13.5,WhatsApp,1
S0137,E002,Electronics,4,2,73.9,Medium,1,1,6.7,College Portal,0
S0137,E037,Electronics,4,2,73.9,Medium,0,0,13.3,WhatsApp,0
S0137,E026,Electronics,4,2,73.9,Medium,1,1,12.2,Email,1
S0137,E009,Electronics,4,2,73.9,Medium,0,0,16.3,WhatsApp,0
S0137,E020,Electronics,4,2,73.9,Medium,1,1,8.6,College Portal,1
S0138,E025,Mechanical,2,2,66.3,High,0,0,14.1,College Portal,0
S0138,E029,Mechanical,2,2,66.3,High,1,1,7.8,College Portal,1
S0138,E008,Mechanical,2,2,66.3,High,1,1,15.5,WhatsApp,1
S0138,E018,Mechanical,2,2,66.3,High,1,1,11.2,WhatsApp,1
S0138,E014,Mechanical,2,2,66.3,High,0,0,2.9,Instagram,0
S0139,E002,IT,2,3,77.2,High,1,1,1.2,Email,1
S0139,E011,IT,2,3,77.2,High,1,1,15.6,WhatsApp,1
S0139,E009,IT,2,3,77.2,High,1,1,14.4,WhatsApp,1
S0139,E016,IT,2,3,77.2,High,1,1,12.7,WhatsApp,1
S0139,E022,IT,2,3,77.2,High,1,1,14.6,WhatsApp,1
S0140,E012,Electrical,3,4,81.6,Low,0,0,10.7,Email,0
S0140,E024,Electrical,3,4,81.6,Low,1,0,1.8,WhatsApp,1
S0140,E030,Electrical,3,4,81.6,Low,1,1,17.4,WhatsApp,0
S0140,E036,Electrical,3,4,81.6,Low,1,1,17.5,College Portal,1
S0140,E021,Electrical,3,4,81.6,Low,0,0,4.0,WhatsApp,0
S0141,E028,Electrical,4,3,85.5,High,1,0,12.8,WhatsApp,1
S0141,E033,Electrical,4,3,85.5,High,1,1,14.5,WhatsApp,0
S0141,E016,Electrical,4,3,85.5,High,1,1,14.5,WhatsApp,1
S0141,E018,Electrical,4,3,85.5,High,1,1,14.5,College Portal,1
S0141,E008,Electrical,4,3,85.5,High,0,0,17.0,Instagram,0
S0142,E028,Computer Engineering,2,3,82.7,Low,1,1,16.6,WhatsApp,1
S0142,E016,Computer Engineering,2,3,82.7,Low,1,1,2.0,College Portal,1
S0142,E029,Computer Engineering,2,3,82.7,Low,0,0,0.8,WhatsApp,0
S0142,E035,Computer Engineering,2,3,82.7,Low,1,1,14.8,Email,1
S0142,E023,Computer Engineering,2,3,82.7,Low,0,0,18.0,WhatsApp,0
S0143,E014,Electronics,3,1,86.5,High,1,1,10.3,Email,1
S0143,E007,Electronics,3,1,86.5,High,1,1,5.3,Email,1
S0143,E018,Electronics,3,1,86.5,High,1,1,7.7,Email,1
S0143,E027,Electronics,3,1,86.5,High,1,1,7.8,Email,1
S0143,E019,Electronics,3,1,86.5,High,1,1,5.3,Instagram,1
S0144,E036,IT,3,4,96.1,Medium,1,0,6.3,College Portal,0
S0144,E011,IT,3,4,96.1,Medium,1,0,4.9,College Portal,1
S0144,E004,IT,3,4,96.1,Medium,1,1,3.6,Email,1
S0144,E022,IT,3,4,96.1,Medium,1,1,7.7,WhatsApp,0
S0144,E017,IT,3,4,96.1,Medium,1,1,9.6,College Portal,1
S0145,E010,IT,1,7,71.2,Medium,1,1,14.4,WhatsApp,0
S0145,E018,IT,1,7,71.2,Medium,1,1,16.4,Instagram,1
S0145,E026,IT,1,7,71.2,,1,1,6.1,College Portal,1
S0145,E014,IT,1,7,71.2,Medium,1,1,1.4,WhatsApp,1
S0145,E032,IT,1,7,71.2,Medium,0,0,2.2,WhatsApp,0
S0146,E040,Computer Engineering,4,6,77.9,Low,1,1,4.1,College Portal,1
S0146,E008,Computer Engineering,4,6,77.9,Low,1,1,6.6,College Portal,1
S0146,E005,Computer Engineering,4,6,77.9,Low,0,0,11.8,WhatsApp,0
S0146,E015,Computer Engineering,4,6,77.9,Low,1,0,4.6,Instagram,1
S0146,E023,Computer Engineering,4,6,77.9,Low,1,1,8.7,College Portal,1
S0147,E007,Electronics,3,6,81.4,Low,0,0,16.2,College Portal,0
S0147,E018,Electronics,3,6,81.4,Low,1,1,8.2,Email,0
S0147,E028,Electronics,3,6,81.4,Low,1,0,13.7,Instagram,1
S0147,E039,Electronics,3,6,81.4,Low,1,1,16.0,WhatsApp,1
S0147,E033,Electronics,3,6,81.4,Low,0,0,15.5,College Portal,0
S0148,E009,Electronics,3,5,66.3,Medium,1,1,16.5,WhatsApp,1
S0148,E004,Electronics,3,5,66.3,Medium,1,0,0.8,College Portal,1
S0148,E006,Electronics,3,5,66.3,Medium,0,0,10.6,WhatsApp,0
S0148,E028,Electronics,3,5,66.3,Medium,1,1,8.1,WhatsApp,1
S0148,E026,Electronics,3,5,66.3,Medium,0,0,10.5,Instagram,0
S0149,E040,Computer Engineering,4,3,87.6,Medium,1,1,1.9,Email,1
S0149,E021,Computer Engineering,4,3,87.6,Medium,1,1,11.8,Email,1
S0149,E011,Computer Engineering,4,3,87.6,Medium,1,1,10.8,WhatsApp,0
S0149,E015,Computer Engineering,4,3,87.6,Medium,1,0,15.4,WhatsApp,1
S0149,E032,Computer Engineering,4,3,87.6,Medium,1,1,2.8,Instagram,1
S0150,E025,Computer Engineering,4,2,57.1,Low,1,1,6.6,College Portal,1
S0150,E006,Computer Engineering,4,2,57.1,Low,1,1,7.5,Instagram,1
S0150,E035,Computer Engineering,4,2,57.1,Low,1,1,11.9,College Portal,1
S0150,E020,Computer Engineering,4,2,57.1,Low,1,1,13.4,WhatsApp,0
S0150,E017,Computer Engineering,4,2,57.1,Low,0,0,0.7,College Portal,0
S0151,E040,Electrical,3,5,95.5,Low,1,1,6.4,Instagram,1
S0151,E011,Electrical,3,5,95.5,Low,1,1,14.0,Email,0
S0151,E033,Electrical,3,5,95.5,Low,1,1,4.5,College Portal,1
S0151,E038,Electrical,3,5,95.5,Low,0,0,9.1,WhatsApp,0
S0151,E009,Electrical,3,5,95.5,Low,0,0,14.8,Instagram,0
S0152,E030,Computer Engineering,4,6,89.6,Low,1,1,1.6,College Portal,0
S0152,E009,Computer Engineering,4,6,89.6,Low,1,1,6.0,Email,1
S0152,E007,Computer Engineering,4,6,89.6,Low,1,1,1.0,Instagram,1
S0152,E023,Computer Engineering,4,6,89.6,Low,1,1,9.5,College Portal,1
S0152,E015,Computer Engineering,4,6,89.6,Low,1,1,6.0,Email,1
S0153,E022,Computer Engineering,3,0,59.1,High,1,0,14.3,College Portal,0
S0153,E039,Computer Engineering,3,0,59.1,High,0,0,1.8,College Portal,0
S0153,E015,Computer Engineering,3,0,59.1,High,1,1,13.4,College Portal,1
S0153,E033,Computer Engineering,3,0,59.1,High,1,1,6.9,Email,1
S0153,E026,Computer Engineering,3,0,59.1,High,0,0,16.5,Email,0
S0154,E024,Electronics,3,6,73.8,High,1,1,8.8,WhatsApp,0
S0154,E039,Electronics,3,6,73.8,High,1,1,16.5,College Portal,1
S0154,E020,Electronics,3,6,73.8,High,0,0,12.7,College Portal,0
S0154,E001,Electronics,3,6,73.8,High,0,0,16.0,College Portal,0
S0154,E037,Electronics,3,6,73.8,High,0,0,9.9,Email,0
S0155,E005,Electrical,3,3,77.4,Low,1,1,5.5,Email,0
S0155,E017,Electrical,3,3,77.4,Low,1,1,16.5,WhatsApp,1
S0155,E011,Electrical,3,3,77.4,Low,1,1,3.4,Email,1
S0155,E029,Electrical,3,3,77.4,Low,1,1,8.7,Email,1
S0155,E034,Electrical,3,3,77.4,Low,1,1,17.0,Instagram,0
S0156,E020,Computer Engineering,3,4,91.0,Medium,1,1,6.8,College Portal,1
S0156,E012,Computer Engineering,3,4,91.0,Medium,1,1,3.5,WhatsApp,1
S0156,E007,Computer Engineering,3,4,91.0,Medium,1,1,13.9,WhatsApp,0
S0156,E024,Computer Engineering,3,4,91.0,Medium,1,1,12.7,Instagram,1
S0156,E032,Computer Engineering,3,4,91.0,Medium,1,1,13.2,College Portal,0
S0157,E004,Mechanical,1,4,70.9,Low,1,0,14.3,Email,1
S0157,E015,Mechanical,1,4,70.9,Low,1,1,7.7,Instagram,1
S0157,E040,Mechanical,1,4,70.9,Low,0,0,16.2,Email,0
S0157,E001,Mechanical,1,4,70.9,Low,1,1,8.1,Email,1
S0157,E012,Mechanical,1,4,70.9,Low,1,1,15.8,College Portal,0
S0158,E027,Civil,4,3,96.9,High,0,0,10.8,College Portal,0
S0158,E013,Civil,4,3,96.9,High,1,1,9.9,College Portal,1
S0158,E004,Civil,4,3,96.9,High,1,1,17.6,College Portal,1
S0158,E019,Civil,4,3,96.9,High,1,1,16.3,Email,1
S0158,E014,Civil,4,3,96.9,High,1,1,1.5,WhatsApp,1
S0159,E039,Computer Engineering,4,10,43.3,High,1,1,13.3,Email,1
S0159,E008,Computer Engineering,4,10,43.3,High,1,1,13.9,Instagram,1
S0159,E011,Computer Engineering,4,10,43.3,High,1,1,1.8,College Portal,1
S0159,E040,Computer Engineering,4,10,43.3,High,1,1,16.1,College Portal,1
S0159,E038,Computer Engineering,4,10,43.3,High,1,1,8.9,WhatsApp,1
S0160,E004,Mechanical,1,1,93.5,Medium,0,0,0.7,Instagram,0
S0160,E032,Mechanical,1,1,93.5,Medium,1,1,11.6,WhatsApp,1
S0160,E002,Mechanical,1,1,93.5,Medium,0,0,0.6,College Portal,0
S0160,E017,Mechanical,1,1,93.5,Medium,1,1,5.2,Email,1
S0160,E007,Mechanical,1,1,93.5,Medium,1,1,3.5,College Portal,0
S0161,E027,IT,4,5,97.0,High,1,0,10.1,Email,0
S0161,E001,IT,4,5,97.0,High,1,0,5.1,WhatsApp,1
S0161,E015,IT,4,5,97.0,High,1,0,11.1,College Portal,1
S0161,E011,IT,4,5,97.0,High,1,1,12.8,College Portal,1
S0161,E028,IT,4,5,97.0,High,1,0,6.0,College Portal,1
S0162,E016,Mechanical,1,2,75.7,High,0,0,4.6,WhatsApp,0
S0162,E023,Mechanical,1,2,75.7,High,1,1,1.3,Email,1
S0162,E040,Mechanical,1,2,75.7,High,1,1,10.6,College Portal,1
S0162,E033,Mechanical,1,2,75.7,High,1,1,2.8,WhatsApp,1
S0162,E017,Mechanical,1,2,75.7,High,1,1,2.8,College Portal,1
S0163,E011,Mechanical,2,2,95.5,High,1,1,16.0,College Portal,1
S0163,E022,Mechanical,2,2,95.5,High,1,1,9.0,Email,1
S0163,E027,Mechanical,2,2,95.5,High,1,1,13.5,WhatsApp,0
S0163,E007,Mechanical,2,2,95.5,High,1,0,4.8,WhatsApp,1
S0163,E034,Mechanical,2,2,95.5,High,1,1,17.5,College Portal,1
S0164,E039,Electronics,3,3,90.0,Medium,1,1,10.1,Email,1
S0164,E005,Electronics,3,3,90.0,Medium,1,1,10.0,Email,1
S0164,E028,Electronics,3,3,90.0,Medium,0,0,15.5,Email,0
S0164,E009,Electronics,3,3,90.0,Medium,1,1,14.8,College Portal,1
S0164,E007,Electronics,3,3,90.0,Medium,1,1,7.4,WhatsApp,1
S0165,E040,Computer Engineering,1,7,83.3,Medium,1,1,15.2,Email,1
S0165,E021,Computer Engineering,1,7,83.3,Medium,1,1,16.0,College Portal,1
S0165,E025,Computer Engineering,1,7,83.3,Medium,1,1,17.9,Instagram,1
S0165,E019,Computer Engineering,1,7,83.3,Medium,0,0,17.4,Instagram,0
S0165,E037,Computer Engineering,1,7,83.3,Medium,0,0,16.9,WhatsApp,0
S0166,E007,Civil,4,1,55.6,Medium,1,0,8.7,Instagram,1
S0166,E012,Civil,4,1,55.6,Medium,0,0,15.2,WhatsApp,0
S0166,E017,Civil,4,1,55.6,Medium,1,1,13.4,Instagram,0
S0166,E022,Civil,4,1,55.6,Medium,1,1,14.8,WhatsApp,0
S0166,E006,Civil,4,1,55.6,Medium,1,0,14.0,WhatsApp,1
S0167,E037,IT,4,2,82.9,Medium,0,0,17.5,WhatsApp,0
S0167,E012,IT,4,2,82.9,Medium,1,1,15.7,WhatsApp,0
S0167,E011,IT,4,2,82.9,Medium,0,0,3.4,Instagram,0
S0167,E029,IT,4,2,82.9,Medium,1,1,1.9,Instagram,1
S0167,E036,IT,4,2,82.9,Medium,0,0,5.7,College Portal,0
S0168,E034,Computer Engineering,2,4,84.2,Medium,0,0,17.9,Instagram,0
S0168,E035,Computer Engineering,2,4,84.2,Medium,1,1,11.7,WhatsApp,1
S0168,E010,Computer Engineering,2,4,84.2,Medium,1,1,17.7,WhatsApp,0
S0168,E009,Computer Engineering,2,4,84.2,Medium,1,1,3.7,WhatsApp,1
S0168,E018,Computer Engineering,2,4,84.2,Medium,1,0,1.3,Instagram,0
S0169,E017,Computer Engineering,1,6,83.5,Low,1,0,16.2,WhatsApp,0
S0169,E007,Computer Engineering,1,6,83.5,Low,1,1,1.6,WhatsApp,1
S0169,E004,Computer Engineering,1,6,83.5,Low,1,1,5.3,College Portal,1
S0169,E035,Computer Engineering,1,6,83.5,Low,1,0,11.4,Instagram,1
S0169,E024,Computer Engineering,1,6,83.5,Low,1,0,4.1,WhatsApp,1
S0170,E008,Electronics,2,1,96.5,Medium,1,1,16.1,Email,1
S0170,E028,Electronics,2,1,96.5,Medium,0,0,4.6,WhatsApp,0
S0170,E029,Electronics,2,1,96.5,Medium,1,1,7.5,Email,1
S0170,E036,Electronics,2,1,96.5,Medium,0,0,9.5,WhatsApp,0
S0170,E015,Electronics,2,1,96.5,Medium,1,1,9.1,College Portal,1
S0171,E006,Mechanical,3,4,87.2,Medium,0,0,8.8,Email,0
S0171,E014,Mechanical,3,4,87.2,Medium,1,1,17.4,WhatsApp,1
S0171,E025,Mechanical,3,4,87.2,Medium,1,0,13.0,College Portal,0
S0171,E022,Mechanical,3,4,87.2,Medium,1,1,3.9,WhatsApp,1
S0171,E023,Mechanical,3,4,87.2,Medium,1,1,6.7,Email,1
S0172,E030,Computer Engineering,4,6,69.5,Medium,1,1,5.9,Email,1
S0172,E034,Computer Engineering,4,6,69.5,Medium,1,1,7.3,College Portal,1
S0172,E008,Computer Engineering,4,6,69.5,Medium,1,1,11.2,WhatsApp,1
S0172,E011,Computer Engineering,4,6,69.5,Medium,1,1,10.3,Instagram,1
S0172,E014,Computer Engineering,4,6,69.5,Medium,0,0,13.1,WhatsApp,0
S0173,E033,Electronics,3,3,87.6,Medium,1,0,13.9,Email,0
S0173,E040,Electronics,3,3,87.6,Medium,1,1,13.8,College Portal,1
S0173,E023,Electronics,3,3,87.6,Medium,1,1,10.8,WhatsApp,1
S0173,E001,Electronics,3,3,87.6,Medium,0,0,7.9,College Portal,0
S0173,E021,Electronics,3,3,87.6,Medium,1,1,14.7,College Portal,1
S0174,E022,Computer Engineering,1,5,93.3,High,1,1,11.0,WhatsApp,1
S0174,E002,Computer Engineering,1,5,93.3,High,1,1,7.1,Instagram,1
S0174,E030,Computer Engineering,1,5,93.3,High,1,1,4.1,College Portal,1
S0174,E014,Computer Engineering,1,5,93.3,High,1,0,12.6,Instagram,1
S0174,E016,Computer Engineering,1,5,93.3,High,1,1,6.2,College Portal,1
S0175,E004,Mechanical,3,3,65.6,High,1,1,5.6,Email,0
S0175,E003,Mechanical,3,3,65.6,High,0,0,,Instagram,0
S0175,E039,Mechanical,3,3,65.6,High,1,1,13.7,College Portal,1
S0175,E035,Mechanical,3,3,65.6,High,1,1,8.0,Instagram,1
S0175,E038,Mechanical,3,3,65.6,High,1,0,12.9,WhatsApp,1
S0176,E027,Computer Engineering,2,4,69.1,Medium,1,1,2.4,College Portal,1
S0176,E038,Computer Engineering,2,4,69.1,Medium,1,0,10.5,College Portal,0
S0176,E022,Computer Engineering,2,4,69.1,Medium,1,1,8.0,Instagram,1
S0176,E030,Computer Engineering,2,4,69.1,Medium,1,1,2.1,WhatsApp,1
S0176,E005,Computer Engineering,2,4,69.1,Medium,1,1,13.1,Instagram,1
S0177,E027,Mechanical,3,6,72.3,Medium,1,1,1.5,Email,0
S0177,E038,Mechanical,3,6,72.3,Medium,1,1,12.6,Email,0
S0177,E015,Mechanical,3,6,72.3,Medium,1,1,13.2,Email,1
S0177,E030,Mechanical,3,6,72.3,,0,0,9.3,College Portal,0
S0177,E011,Mechanical,3,6,72.3,Medium,1,1,1.9,Email,1
S0178,E024,IT,1,2,69.3,Medium,1,1,7.0,Instagram,1
S0178,E037,IT,1,2,69.3,Medium,1,1,4.3,College Portal,1
S0178,E027,IT,1,2,69.3,Medium,1,1,5.0,WhatsApp,0
S0178,E035,IT,1,2,69.3,Medium,1,1,14.2,WhatsApp,1
S0178,E040,IT,1,2,69.3,Medium,1,1,9.0,College Portal,1
S0179,E033,Electrical,3,3,90.0,Low,1,1,14.5,WhatsApp,1
S0179,E038,Electrical,3,3,90.0,Low,1,1,16.0,College Portal,1
S0179,E024,Electrical,3,3,90.0,Low,1,1,15.1,College Portal,0
S0179,E034,Electrical,3,3,90.0,Low,1,1,1.1,WhatsApp,1
S0179,E017,Electrical,3,3,90.0,Low,1,1,15.1,College Portal,1
S0180,E040,Computer Engineering,2,3,90.2,High,1,1,1.7,College Portal,1
S0180,E031,Computer Engineering,2,3,90.2,High,1,1,5.9,WhatsApp,1
S0180,E007,Computer Engineering,2,3,90.2,High,1,0,7.7,WhatsApp,1
S0180,E013,Computer Engineering,2,3,90.2,High,1,1,5.3,College Portal,1
S0180,E029,Computer Engineering,2,3,90.2,High,1,1,13.2,WhatsApp,0
S0181,E009,IT,4,4,93.5,Medium,1,1,8.5,Email,1
S0181,E006,IT,4,4,93.5,Medium,1,1,10.7,Instagram,1
S0181,E033,IT,4,4,93.5,Medium,1,1,6.6,WhatsApp,0
S0181,E014,IT,4,4,93.5,Medium,1,1,9.3,WhatsApp,0
S0181,E008,IT,4,4,93.5,Medium,1,1,17.5,Instagram,0
S0182,E031,Computer Engineering,2,9,87.4,Low,1,0,12.7,WhatsApp,0
S0182,E003,Computer Engineering,2,9,87.4,Low,1,1,16.5,College Portal,1
S0182,E037,Computer Engineering,2,9,87.4,Low,1,1,4.4,WhatsApp,1
S0182,E016,Computer Engineering,2,9,87.4,Low,1,1,13.8,College Portal,1
S0182,E015,Computer Engineering,2,9,87.4,Low,1,1,6.6,Email,1
S0183,E019,Electrical,3,6,72.5,High,1,1,8.2,Email,0
S0183,E012,Electrical,3,6,72.5,High,1,1,4.9,College Portal,1
S0183,E028,Electrical,3,6,72.5,High,1,1,5.7,College Portal,1
S0183,E008,Electrical,3,6,72.5,High,1,1,9.4,WhatsApp,0
S0183,E038,Electrical,3,6,72.5,High,1,1,14.3,Instagram,1
S0184,E034,Civil,4,6,87.7,Low,1,1,7.6,WhatsApp,1
S0184,E020,Civil,4,6,87.7,Low,1,1,13.0,Instagram,1
S0184,E018,Civil,4,6,87.7,Low,1,1,12.8,WhatsApp,1
S0184,E033,Civil,4,6,87.7,Low,1,1,15.3,Email,0
S0184,E038,Civil,4,6,87.7,Low,1,1,14.7,WhatsApp,1
S0185,E001,Computer Engineering,1,5,90.1,Medium,0,0,17.6,WhatsApp,0
S0185,E035,Computer Engineering,1,5,90.1,Medium,0,0,17.2,Instagram,0
S0185,E036,Computer Engineering,1,5,90.1,Medium,1,1,0.9,Instagram,0
S0185,E011,Computer Engineering,1,5,90.1,Medium,1,1,5.6,Instagram,1
S0185,E028,Computer Engineering,1,5,90.1,Medium,0,0,7.2,Instagram,0
S0186,E010,Mechanical,4,1,69.6,Low,1,1,15.8,WhatsApp,0
S0186,E013,Mechanical,4,1,69.6,Low,1,0,17.7,WhatsApp,1
S0186,E029,Mechanical,4,1,69.6,Low,1,1,8.2,Instagram,0
S0186,E031,Mechanical,4,1,69.6,Low,1,1,9.3,Email,1
S0186,E019,Mechanical,4,1,69.6,Low,0,0,4.7,Instagram,0
S0187,E034,Civil,3,0,77.4,Low,1,1,6.4,WhatsApp,1
S0187,E018,Civil,3,0,77.4,Low,1,1,16.5,Email,1
S0187,E038,Civil,3,0,77.4,Low,0,0,0.7,WhatsApp,0
S0187,E012,Civil,3,0,77.4,Low,0,0,7.2,Email,0
S0187,E001,Civil,3,0,77.4,Low,1,1,15.1,College Portal,1
S0188,E021,Electronics,1,9,76.3,Low,1,1,9.0,Instagram,0
S0188,E029,Electronics,1,9,76.3,,0,0,15.4,WhatsApp,0
S0188,E028,Electronics,1,9,76.3,Low,1,1,8.4,College Portal,1
S0188,E031,Electronics,1,9,76.3,Low,1,1,2.4,Instagram,1
S0188,E001,Electronics,1,9,76.3,Low,1,1,14.7,Email,1
S0189,E026,Electronics,2,2,85.6,Low,1,1,2.7,College Portal,1
S0189,E028,Electronics,2,2,85.6,Low,1,1,17.5,Instagram,1
S0189,E012,Electronics,2,2,85.6,Low,1,1,11.2,Email,0
S0189,E007,Electronics,2,2,85.6,Low,1,0,10.8,WhatsApp,1
S0189,E020,Electronics,2,2,85.6,Low,1,1,3.3,Email,0
S0190,E035,Computer Engineering,3,5,84.5,Medium,1,1,8.6,WhatsApp,0
S0190,E033,Computer Engineering,3,5,84.5,Medium,1,1,13.5,WhatsApp,1
S0190,E016,Computer Engineering,3,5,84.5,Medium,1,1,12.3,Email,1
S0190,E025,Computer Engineering,3,5,84.5,Medium,1,0,10.6,WhatsApp,1
S0190,E010,Computer Engineering,3,5,84.5,Medium,1,1,12.3,WhatsApp,0
S0191,E029,Computer Engineering,1,4,90.7,High,0,0,9.6,WhatsApp,0
S0191,E019,Computer Engineering,1,4,90.7,High,1,1,14.8,Email,1
S0191,E028,Computer Engineering,1,4,90.7,High,1,1,13.5,WhatsApp,1
S0191,E038,Computer Engineering,1,4,90.7,High,1,0,4.3,College Portal,1
S0191,E021,Computer Engineering,1,4,90.7,High,1,0,2.3,WhatsApp,1
S0192,E027,Electrical,3,2,65.6,Medium,1,1,2.5,Email,1
S0192,E029,Electrical,3,2,65.6,Medium,1,1,13.5,WhatsApp,0
S0192,E040,Electrical,3,2,65.6,Medium,1,1,17.9,Email,1
S0192,E005,Electrical,3,2,65.6,Medium,1,1,10.2,College Portal,1
S0192,E035,Electrical,3,2,65.6,Medium,1,1,14.9,Instagram,0
S0193,E002,Electrical,2,4,66.4,High,1,1,5.0,WhatsApp,1
S0193,E008,Electrical,2,4,66.4,High,1,1,15.1,Email,0
S0193,E033,Electrical,2,4,66.4,High,1,1,5.5,Instagram,1
S0193,E030,Electrical,2,4,66.4,High,1,1,13.2,WhatsApp,1
S0193,E014,Electrical,2,4,66.4,High,1,0,3.8,Email,1
S0194,E004,Mechanical,3,0,87.1,Medium,1,1,6.9,Instagram,0
S0194,E022,Mechanical,3,0,87.1,Medium,1,1,14.2,WhatsApp,1
S0194,E008,Mechanical,3,0,87.1,Medium,1,1,15.3,WhatsApp,1
S0194,E040,Mechanical,3,0,87.1,Medium,1,1,6.1,Instagram,1
S0194,E031,Mechanical,3,0,87.1,Medium,1,1,3.1,College Portal,1
S0195,E028,IT,1,3,95.1,Medium,1,1,9.0,Instagram,1
S0195,E031,IT,1,3,95.1,Medium,1,0,6.7,WhatsApp,1
S0195,E016,IT,1,3,95.1,Medium,0,0,11.3,College Portal,0
S0195,E015,IT,1,3,95.1,Medium,1,0,11.0,Email,0
S0195,E022,IT,1,3,95.1,Medium,1,1,8.8,WhatsApp,1
S0196,E038,IT,4,3,81.8,Low,1,0,3.2,Email,1
S0196,E010,IT,4,3,81.8,Low,0,0,9.9,College Portal,0
S0196,E017,IT,4,3,81.8,Low,1,1,16.7,Instagram,1
S0196,E008,IT,4,3,81.8,Low,1,1,14.9,Instagram,1
S0196,E031,IT,4,3,81.8,Low,0,0,0.9,WhatsApp,0
S0197,E040,Mechanical,4,4,70.6,Medium,1,1,5.4,Email,1
S0197,E032,Mechanical,4,4,70.6,Medium,1,0,16.6,WhatsApp,0
S0197,E036,Mechanical,4,4,70.6,Medium,1,1,12.2,WhatsApp,0
S0197,E005,Mechanical,4,4,70.6,Medium,1,1,6.0,College Portal,1
S0197,E016,Mechanical,4,4,70.6,Medium,1,1,3.8,Instagram,1
S0198,E019,Electrical,4,2,88.1,Medium,1,1,17.1,Instagram,1
S0198,E015,Electrical,4,2,88.1,Medium,1,1,3.1,College Portal,1
S0198,E003,Electrical,4,2,88.1,Medium,1,1,16.3,College Portal,0
S0198,E017,Electrical,4,2,88.1,Medium,0,0,16.1,Instagram,0
S0198,E037,Electrical,4,2,88.1,Medium,1,1,15.4,WhatsApp,0
S0199,E002,Electrical,3,1,59.8,Medium,1,1,3.3,College Portal,0
S0199,E039,Electrical,3,1,59.8,Medium,1,1,13.5,College Portal,1
S0199,E011,Electrical,3,1,59.8,Medium,1,1,3.0,Instagram,1
S0199,E017,Electrical,3,1,59.8,Medium,1,0,2.0,WhatsApp,0
S0199,E005,Electrical,3,1,59.8,Medium,1,1,5.0,Instagram,1
S0200,E010,Civil,1,0,53.7,High,1,1,1.5,College Portal,0
S0200,E026,Civil,1,0,53.7,High,1,1,15.6,WhatsApp,1
S0200,E017,Civil,1,0,53.7,High,1,1,11.9,WhatsApp,1
S0200,E036,Civil,1,0,53.7,High,1,1,17.3,WhatsApp,1
S0200,E035,Civil,1,0,53.7,High,1,1,17.1,College Portal,1
S0201,E021,Mechanical,3,2,46.6,Medium,1,1,12.9,College Portal,0
S0201,E031,Mechanical,3,2,46.6,Medium,0,0,7.6,College Portal,0
S0201,E027,Mechanical,3,2,46.6,Medium,1,0,10.4,WhatsApp,1
S0201,E025,Mechanical,3,2,46.6,Medium,1,0,6.9,Email,1
S0201,E024,Mechanical,3,2,46.6,Medium,0,0,13.0,College Portal,0
S0202,E036,Computer Engineering,1,6,82.3,Medium,1,1,2.8,College Portal,1
S0202,E005,Computer Engineering,1,6,82.3,Medium,1,1,14.5,Instagram,1
S0202,E008,Computer Engineering,1,6,82.3,Medium,1,0,5.3,WhatsApp,1
S0202,E007,Computer Engineering,1,6,82.3,Medium,1,1,4.0,Email,0
S0202,E028,Computer Engineering,1,6,82.3,Medium,1,1,14.5,WhatsApp,1
S0203,E023,Computer Engineering,1,3,59.0,High,1,1,6.7,Instagram,1
S0203,E015,Computer Engineering,1,3,59.0,High,1,1,4.8,College Portal,1
S0203,E037,Computer Engineering,1,3,59.0,High,0,0,17.5,Instagram,0
S0203,E012,Computer Engineering,1,3,59.0,High,1,1,2.1,WhatsApp,0
S0203,E007,Computer Engineering,1,3,59.0,High,0,0,5.9,College Portal,0
S0204,E040,Electrical,2,4,70.0,Medium,0,0,7.9,WhatsApp,0
S0204,E031,Electrical,2,4,70.0,Medium,1,1,4.5,Email,1
S0204,E018,Electrical,2,4,70.0,Medium,1,1,1.0,WhatsApp,1
S0204,E010,Electrical,2,4,70.0,Medium,1,1,6.3,College Portal,1
S0204,E005,Electrical,2,4,70.0,Medium,1,1,6.4,WhatsApp,1
S0205,E009,Electronics,2,4,85.8,Medium,1,1,15.1,WhatsApp,0
S0205,E016,Electronics,2,4,85.8,Medium,1,1,4.9,WhatsApp,0
S0205,E039,Electronics,2,4,85.8,Medium,1,1,13.3,Email,1
S0205,E035,Electronics,2,4,85.8,Medium,1,0,13.8,WhatsApp,1
S0205,E005,Electronics,2,4,85.8,Medium,0,0,12.3,WhatsApp,0
S0206,E002,Computer Engineering,3,2,80.7,High,1,1,11.5,WhatsApp,1
S0206,E028,Computer Engineering,3,2,80.7,High,1,1,11.3,College Portal,1
S0206,E032,Computer Engineering,3,2,80.7,High,0,0,1.9,WhatsApp,0
S0206,E017,Computer Engineering,3,2,80.7,High,1,1,17.5,Email,0
S0206,E015,Computer Engineering,3,2,80.7,High,1,0,3.6,College Portal,1
S0207,E034,Computer Engineering,3,3,86.2,Medium,0,0,4.1,College Portal,0
S0207,E035,Computer Engineering,3,3,86.2,Medium,1,1,12.1,WhatsApp,1
S0207,E027,Computer Engineering,3,3,86.2,Medium,1,1,14.6,WhatsApp,1
S0207,E032,Computer Engineering,3,3,86.2,Medium,1,1,7.8,College Portal,1
S0207,E028,Computer Engineering,3,3,86.2,Medium,1,0,6.4,WhatsApp,1
S0208,E024,Mechanical,2,3,83.3,Low,0,0,9.9,College Portal,0
S0208,E034,Mechanical,2,3,83.3,Low,1,1,0.9,College Portal,1
S0208,E005,Mechanical,2,3,83.3,Low,1,1,10.0,College Portal,1
S0208,E036,Mechanical,2,3,83.3,Low,1,0,15.4,WhatsApp,1
S0208,E009,Mechanical,2,3,83.3,Low,0,0,2.7,WhatsApp,0
S0209,E013,Computer Engineering,1,4,75.9,Medium,1,1,8.1,Email,1
S0209,E025,Computer Engineering,1,4,75.9,Medium,1,1,5.5,College Portal,1
S0209,E032,Computer Engineering,1,4,75.9,Medium,1,1,15.2,WhatsApp,0
S0209,E018,Computer Engineering,1,4,75.9,Medium,1,1,14.5,WhatsApp,0
S0209,E040,Computer Engineering,1,4,75.9,Medium,1,1,9.3,Email,0
S0210,E004,Computer Engineering,4,4,94.3,Medium,1,1,3.6,WhatsApp,1
S0210,E002,Computer Engineering,4,4,94.3,Medium,1,1,13.5,College Portal,0
S0210,E010,Computer Engineering,4,4,94.3,Medium,1,1,1.5,College Portal,1
S0210,E022,Computer Engineering,4,4,94.3,Medium,0,0,7.8,College Portal,0
S0210,E033,Computer Engineering,4,4,94.3,Medium,1,1,10.9,College Portal,1
S0211,E021,Electronics,2,1,82.0,Medium,1,1,12.1,Email,1
S0211,E014,Electronics,2,1,82.0,Medium,1,1,3.0,WhatsApp,0
S0211,E040,Electronics,2,1,82.0,Medium,0,0,9.5,Email,0
S0211,E037,Electronics,2,1,82.0,Medium,1,1,1.0,Email,1
S0211,E033,Electronics,2,1,82.0,Medium,1,1,16.1,Instagram,0
S0212,E040,Mechanical,2,5,91.1,Low,1,0,2.9,Email,1
S0212,E038,Mechanical,2,5,91.1,Low,1,1,1.5,WhatsApp,1
S0212,E003,Mechanical,2,5,91.1,Low,1,1,16.7,College Portal,1
S0212,E036,Mechanical,2,5,91.1,Low,0,0,10.4,Email,0
S0212,E034,Mechanical,2,5,91.1,Low,0,0,9.9,WhatsApp,0
S0213,E019,Mechanical,1,3,76.2,High,0,0,5.3,Email,0
S0213,E037,Mechanical,1,3,76.2,High,1,1,16.6,WhatsApp,0
S0213,E012,Mechanical,1,3,76.2,High,1,1,1.5,WhatsApp,1
S0213,E026,Mechanical,1,3,76.2,High,1,1,9.5,WhatsApp,1
S0213,E036,Mechanical,1,3,76.2,High,1,1,16.9,WhatsApp,1
S0214,E029,Computer Engineering,3,6,64.7,High,1,0,10.6,College Portal,0
S0214,E034,Computer Engineering,3,6,64.7,High,1,1,,College Portal,1
S0214,E027,Computer Engineering,3,6,64.7,High,0,0,14.8,College Portal,0
S0214,E026,Computer Engineering,3,6,64.7,High,0,0,13.6,Instagram,0
S0214,E014,Computer Engineering,3,6,64.7,High,1,1,7.1,WhatsApp,1
S0215,E009,Mechanical,3,3,87.6,Medium,1,1,2.6,WhatsApp,1
S0215,E017,Mechanical,3,3,87.6,Medium,1,1,10.5,College Portal,1
S0215,E021,Mechanical,3,3,87.6,Medium,1,1,9.6,WhatsApp,1
S0215,E004,Mechanical,3,3,87.6,Medium,0,0,6.1,WhatsApp,0
S0215,E039,Mechanical,3,3,87.6,Medium,1,1,4.9,Email,1
S0216,E009,Computer Engineering,1,8,80.4,Medium,1,0,6.3,WhatsApp,1
S0216,E024,Computer Engineering,1,8,80.4,Medium,1,1,12.8,WhatsApp,1
S0216,E019,Computer Engineering,1,8,80.4,Medium,1,1,12.2,WhatsApp,1
S0216,E022,Computer Engineering,1,8,80.4,Medium,1,1,17.8,WhatsApp,1
S0216,E030,Computer Engineering,1,8,80.4,Medium,1,1,17.7,WhatsApp,0
S0217,E003,IT,1,4,88.4,High,1,1,14.5,Instagram,1
S0217,E016,IT,1,4,88.4,High,1,1,2.6,WhatsApp,1
S0217,E035,IT,1,4,88.4,High,1,1,14.9,Instagram,1
S0217,E015,IT,1,4,88.4,High,1,1,7.4,College Portal,1
S0217,E037,IT,1,4,88.4,High,1,1,3.4,Instagram,1
S0218,E031,Mechanical,3,8,80.2,Low,1,1,1.3,Instagram,1
S0218,E036,Mechanical,3,8,80.2,Low,1,1,16.1,WhatsApp,1
S0218,E004,Mechanical,3,8,80.2,Low,1,1,4.7,WhatsApp,1
S0218,E010,Mechanical,3,8,80.2,Low,1,1,8.3,College Portal,1
S0218,E034,Mechanical,3,8,80.2,Low,0,0,3.1,College Portal,0
S0219,E036,Mechanical,3,4,61.2,Medium,1,1,8.4,College Portal,1
S0219,E004,Mechanical,3,4,61.2,Medium,1,1,5.6,WhatsApp,1
S0219,E035,Mechanical,3,4,61.2,Medium,1,1,6.3,WhatsApp,0
S0219,E029,Mechanical,3,4,61.2,Medium,1,0,3.5,WhatsApp,1
S0219,E010,Mechanical,3,4,61.2,Medium,1,1,1.3,WhatsApp,0
S0220,E039,Civil,1,4,82.4,Medium,1,1,12.0,Instagram,1
S0220,E010,Civil,1,4,82.4,Medium,0,0,16.4,Email,0
S0220,E028,Civil,1,4,82.4,Medium,1,1,8.7,College Portal,0
S0220,E024,Civil,1,4,82.4,Medium,1,0,4.5,WhatsApp,0
S0220,E006,Civil,1,4,82.4,Medium,1,0,,WhatsApp,1
S0221,E013,Mechanical,4,5,53.5,High,1,0,3.6,College Portal,1
S0221,E006,Mechanical,4,5,53.5,High,1,1,13.4,Email,1
S0221,E029,Mechanical,4,5,53.5,High,0,0,16.3,Email,0
S0221,E007,Mechanical,4,5,53.5,High,0,0,4.0,Instagram,0
S0221,E004,Mechanical,4,5,53.5,High,1,0,6.8,College Portal,1
S0222,E035,Electronics,1,5,35.6,Low,1,1,3.0,Instagram,0
S0222,E019,Electronics,1,5,35.6,Low,1,1,17.3,College Portal,1
S0222,E017,Electronics,1,5,35.6,Low,1,1,14.9,WhatsApp,0
S0222,E001,Electronics,1,5,35.6,Low,1,0,12.4,Email,0
S0222,E033,Electronics,1,5,35.6,Low,1,0,4.4,College Portal,1
S0223,E005,Computer Engineering,2,4,92.5,High,1,1,2.0,Instagram,1
S0223,E019,Computer Engineering,2,4,92.5,High,1,1,13.6,Instagram,1
S0223,E008,Computer Engineering,2,4,92.5,High,1,1,16.4,WhatsApp,1
S0223,E023,Computer Engineering,2,4,92.5,High,0,0,14.6,Instagram,0
S0223,E038,Computer Engineering,2,4,92.5,High,1,1,11.3,WhatsApp,1
S0224,E021,IT,4,2,82.5,Medium,1,1,13.2,Instagram,1
S0224,E005,IT,4,2,82.5,Medium,1,1,11.7,Email,1
S0224,E001,IT,4,2,82.5,Medium,1,1,17.5,Email,1
S0224,E040,IT,4,2,82.5,Medium,1,1,3.4,Email,0
S0224,E032,IT,4,2,82.5,Medium,1,0,5.4,Email,1
S0225,E025,Computer Engineering,2,3,68.3,Medium,0,0,7.2,Instagram,0
S0225,E011,Computer Engineering,2,3,68.3,Medium,1,1,17.6,WhatsApp,1
S0225,E039,Computer Engineering,2,3,68.3,Medium,1,1,8.6,WhatsApp,1
S0225,E033,Computer Engineering,2,3,68.3,Medium,1,1,3.9,WhatsApp,1
S0225,E019,Computer Engineering,2,3,68.3,Medium,1,1,3.0,WhatsApp,0
S0226,E039,Computer Engineering,3,5,89.5,Medium,1,1,2.7,WhatsApp,1
S0226,E035,Computer Engineering,3,5,89.5,Medium,1,1,14.0,WhatsApp,1
S0226,E023,Computer Engineering,3,5,89.5,Medium,1,1,11.0,Instagram,1
S0226,E034,Computer Engineering,3,5,89.5,Medium,1,1,8.3,WhatsApp,1
S0226,E014,Computer Engineering,3,5,89.5,Medium,1,1,1.1,College Portal,1
S0227,E021,Electrical,2,0,73.3,Low,1,1,14.8,WhatsApp,0
S0227,E022,Electrical,2,0,73.3,Low,1,0,12.8,College Portal,1
S0227,E014,Electrical,2,0,73.3,Low,1,1,7.5,WhatsApp,1
S0227,E005,Electrical,2,0,73.3,Low,1,1,17.6,Email,0
S0227,E015,Electrical,2,0,73.3,Low,1,1,12.4,Instagram,1
S0228,E021,IT,1,2,73.2,High,1,0,1.5,College Portal,0
S0228,E038,IT,1,2,73.2,High,1,1,12.9,Instagram,1
S0228,E015,IT,1,2,73.2,High,0,0,9.5,College Portal,0
S0228,E026,IT,1,2,73.2,High,1,1,0.8,Email,1
S0228,E001,IT,1,2,73.2,High,0,0,11.0,WhatsApp,0
S0229,E007,Electrical,4,4,96.1,High,1,0,14.7,Email,0
S0229,E017,Electrical,4,4,96.1,High,1,1,1.7,WhatsApp,1
S0229,E040,Electrical,4,4,96.1,High,1,1,5.8,College Portal,1
S0229,E001,Electrical,4,4,96.1,High,1,1,12.2,Instagram,1
S0229,E010,Electrical,4,4,96.1,High,1,0,11.0,Email,1
S0230,E031,Mechanical,2,4,97.4,Medium,1,1,14.1,Email,1
S0230,E016,Mechanical,2,4,97.4,Medium,1,1,9.5,WhatsApp,1
S0230,E034,Mechanical,2,4,97.4,Medium,0,0,8.6,Email,0
S0230,E015,Mechanical,2,4,97.4,Medium,0,0,11.8,WhatsApp,0
S0230,E014,Mechanical,2,4,97.4,Medium,1,1,13.7,WhatsApp,0
S0231,E021,Civil,4,3,80.6,High,1,1,8.5,WhatsApp,1
S0231,E002,Civil,4,3,80.6,High,0,0,11.9,College Portal,0
S0231,E004,Civil,4,3,80.6,High,1,1,10.6,WhatsApp,1
S0231,E007,Civil,4,3,80.6,High,1,0,17.5,Email,1
S0231,E005,Civil,4,3,80.6,High,1,1,17.7,College Portal,1
S0232,E027,Electronics,1,4,99.6,High,1,1,7.6,Email,1
S0232,E004,Electronics,1,4,99.6,High,1,0,2.4,WhatsApp,1
S0232,E005,Electronics,1,4,99.6,High,1,1,8.6,College Portal,1
S0232,E018,Electronics,1,4,99.6,High,1,1,17.4,WhatsApp,1
S0232,E011,Electronics,1,4,99.6,High,1,1,1.3,Email,1
S0233,E022,Electronics,1,9,75.1,Medium,1,1,2.7,WhatsApp,1
S0233,E012,Electronics,1,9,75.1,Medium,1,0,12.3,College Portal,0
S0233,E009,Electronics,1,9,75.1,Medium,1,1,6.1,Instagram,1
S0233,E011,Electronics,1,9,75.1,Medium,1,1,17.2,College Portal,1
S0233,E034,Electronics,1,9,75.1,Medium,1,1,4.8,WhatsApp,1
S0234,E018,Electronics,1,0,97.1,Medium,1,1,3.2,College Portal,1
S0234,E019,Electronics,1,0,97.1,Medium,0,0,4.6,Email,0
S0234,E008,Electronics,1,0,97.1,Medium,1,1,9.0,College Portal,1
S0234,E039,Electronics,1,0,97.1,Medium,0,0,11.3,Instagram,0
S0234,E037,Electronics,1,0,97.1,Medium,1,1,5.0,WhatsApp,1
S0235,E024,Computer Engineering,3,4,97.6,Medium,1,1,4.6,College Portal,1
S0235,E026,Computer Engineering,3,4,97.6,Medium,1,1,8.2,WhatsApp,1
S0235,E035,Computer Engineering,3,4,97.6,Medium,1,1,17.0,WhatsApp,1
S0235,E021,Computer Engineering,3,4,97.6,Medium,0,0,9.7,WhatsApp,0
S0235,E010,Computer Engineering,3,4,97.6,Medium,0,0,10.3,WhatsApp,0
S0236,E023,Mechanical,2,0,69.4,Medium,0,0,14.1,Instagram,0
S0236,E040,Mechanical,2,0,69.4,Medium,1,0,12.7,Instagram,1
S0236,E014,Mechanical,2,0,69.4,Medium,0,0,5.7,Email,0
S0236,E028,Mechanical,2,0,69.4,Medium,1,1,11.9,Email,0
S0236,E009,Mechanical,2,0,69.4,Medium,1,1,6.8,College Portal,1
S0237,E030,IT,4,5,78.2,Low,1,1,9.7,Instagram,1
S0237,E033,IT,4,5,78.2,Low,1,1,10.2,WhatsApp,1
S0237,E001,IT,4,5,78.2,Low,1,1,8.1,Instagram,0
S0237,E021,IT,4,5,78.2,Low,1,1,7.1,Email,1
S0237,E014,IT,4,5,78.2,Low,0,0,5.0,WhatsApp,0
S0238,E025,Computer Engineering,2,4,94.7,Medium,1,1,16.6,WhatsApp,1
S0238,E021,Computer Engineering,2,4,94.7,Medium,1,1,10.2,WhatsApp,1
S0238,E032,Computer Engineering,2,4,94.7,Medium,1,1,9.3,Instagram,1
S0238,E036,Computer Engineering,2,4,94.7,Medium,1,1,3.2,College Portal,1
S0238,E016,Computer Engineering,2,4,94.7,Medium,1,1,16.9,WhatsApp,1
S0239,E001,Mechanical,4,4,97.3,Low,1,1,6.0,Email,0
S0239,E005,Mechanical,4,4,97.3,Low,0,0,14.3,Instagram,0
S0239,E002,Mechanical,4,4,97.3,Low,1,1,5.9,WhatsApp,1
S0239,E014,Mechanical,4,4,97.3,Low,1,1,11.8,WhatsApp,1
S0239,E029,Mechanical,4,4,97.3,Low,1,0,6.0,College Portal,1
S0240,E009,Computer Engineering,1,3,54.3,High,0,0,16.3,College Portal,0
S0240,E013,Computer Engineering,1,3,54.3,High,0,0,12.4,WhatsApp,0
S0240,E014,Computer Engineering,1,3,54.3,High,1,1,11.4,College Portal,1
S0240,E002,Computer Engineering,1,3,54.3,High,1,1,12.7,WhatsApp,1
S0240,E040,Computer Engineering,1,3,54.3,High,1,1,11.6,WhatsApp,1
S0241,E018,Electrical,4,5,93.5,High,1,1,2.9,College Portal,1
S0241,E031,Electrical,4,5,93.5,High,1,1,9.7,Instagram,1
S0241,E028,Electrical,4,5,93.5,High,1,1,1.2,Email,1
S0241,E005,Electrical,4,5,93.5,High,1,1,14.9,Email,1
S0241,E039,Electrical,4,5,93.5,High,1,1,2.7,College Portal,1
S0242,E024,Electrical,3,4,93.3,Medium,1,1,11.4,WhatsApp,1
S0242,E018,Electrical,3,4,93.3,Medium,1,1,14.9,WhatsApp,1
S0242,E028,Electrical,3,4,93.3,Medium,1,1,14.7,College Portal,1
S0242,E008,Electrical,3,4,93.3,Medium,1,1,16.2,Email,1
S0242,E012,Electrical,3,4,93.3,Medium,1,1,15.4,Instagram,0
S0243,E020,Electrical,3,2,94.2,Medium,1,0,16.7,Instagram,0
S0243,E004,Electrical,3,2,94.2,Medium,1,1,,Instagram,1
S0243,E027,Electrical,3,2,94.2,Medium,1,0,9.4,WhatsApp,1
S0243,E028,Electrical,3,2,94.2,Medium,1,1,2.0,College Portal,1
S0243,E032,Electrical,3,2,94.2,Medium,0,0,10.8,Instagram,0
S0244,E017,IT,4,7,82.9,Medium,1,1,10.2,WhatsApp,1
S0244,E003,IT,4,7,82.9,Medium,1,1,2.1,WhatsApp,1
S0244,E036,IT,4,7,82.9,Medium,1,1,6.4,WhatsApp,1
S0244,E021,IT,4,7,82.9,Medium,1,0,8.5,Instagram,1
S0244,E023,IT,4,7,82.9,Medium,0,0,3.2,Email,0
S0245,E001,Computer Engineering,3,5,92.4,Medium,1,0,1.8,College Portal,1
S0245,E040,Computer Engineering,3,5,92.4,Medium,1,1,12.8,WhatsApp,1
S0245,E016,Computer Engineering,3,5,92.4,Medium,1,1,1.0,WhatsApp,1
S0245,E028,Computer Engineering,3,5,92.4,Medium,1,1,14.1,WhatsApp,1
S0245,E033,Computer Engineering,3,5,92.4,Medium,1,1,7.9,Email,1
S0246,E008,Electrical,3,2,75.8,Medium,1,1,12.7,College Portal,0
S0246,E020,Electrical,3,2,75.8,Medium,1,1,4.4,College Portal,1
S0246,E024,Electrical,3,2,75.8,Medium,1,1,3.8,WhatsApp,1
S0246,E009,Electrical,3,2,75.8,Medium,1,1,2.9,College Portal,1
S0246,E025,Electrical,3,2,75.8,Medium,1,1,3.0,College Portal,1
S0247,E025,IT,1,8,81.6,Medium,1,1,9.1,Email,1
S0247,E028,IT,1,8,81.6,Medium,1,1,8.9,Email,1
S0247,E008,IT,1,8,81.6,Medium,1,1,9.6,WhatsApp,1
S0247,E004,IT,1,8,81.6,Medium,1,1,16.3,WhatsApp,1
S0247,E020,IT,1,8,81.6,Medium,1,1,6.2,Instagram,1
S0248,E033,Electrical,1,1,86.8,Medium,1,1,7.1,Instagram,1
S0248,E032,Electrical,1,1,86.8,Medium,0,0,2.0,Email,0
S0248,E034,Electrical,1,1,86.8,Medium,1,1,6.6,WhatsApp,1
S0248,E015,Electrical,1,1,86.8,Medium,1,1,13.3,College Portal,1
S0248,E020,Electrical,1,1,86.8,Medium,1,0,17.5,WhatsApp,1
S0249,E040,Electrical,4,4,56.2,Low,1,0,15.2,Email,1
S0249,E004,Electrical,4,4,56.2,Low,1,0,17.8,WhatsApp,0
S0249,E010,Electrical,4,4,56.2,Low,1,1,7.7,College Portal,0
S0249,E018,Electrical,4,4,56.2,Low,1,1,7.6,College Portal,1
S0249,E015,Electrical,4,4,56.2,Low,1,1,17.9,Email,1
S0250,E008,Civil,3,4,86.9,Low,1,1,4.7,Instagram,1
S0250,E009,Civil,3,4,86.9,Low,1,1,10.0,WhatsApp,1
S0250,E012,Civil,3,4,86.9,Low,1,1,17.6,Email,0
S0250,E002,Civil,3,4,86.9,Low,1,1,6.4,College Portal,0
S0250,E031,Civil,3,4,86.9,Low,1,1,9.9,Email,1
S0251,E019,IT,3,1,88.3,Low,1,1,9.1,Email,0
S0251,E037,IT,3,1,88.3,Low,1,1,14.9,WhatsApp,1
S0251,E016,IT,3,1,88.3,Low,1,1,4.7,WhatsApp,1
S0251,E017,IT,3,1,88.3,Low,1,1,12.5,College Portal,1
S0251,E035,IT,3,1,88.3,Low,0,0,7.7,Email,0
S0252,E006,IT,2,3,69.0,High,1,1,7.9,College Portal,1
S0252,E013,IT,2,3,69.0,High,0,0,0.8,WhatsApp,0
S0252,E015,IT,2,3,69.0,High,0,0,11.9,WhatsApp,0
S0252,E031,IT,2,3,69.0,High,1,1,3.9,Email,0
S0252,E003,IT,2,3,69.0,High,1,1,17.2,WhatsApp,1
S0253,E007,Civil,1,3,96.3,High,1,1,10.2,College Portal,1
S0253,E016,Civil,1,3,96.3,High,1,1,10.4,WhatsApp,1
S0253,E015,Civil,1,3,96.3,High,0,0,1.2,WhatsApp,0
S0253,E001,Civil,1,3,96.3,High,1,1,2.5,College Portal,1
S0253,E021,Civil,1,3,96.3,High,1,1,5.6,WhatsApp,1
S0254,E032,IT,1,6,84.3,Medium,1,1,10.5,WhatsApp,1
S0254,E020,IT,1,6,84.3,Medium,1,1,16.7,College Portal,1
S0254,E025,IT,1,6,84.3,Medium,1,1,6.4,WhatsApp,1
S0254,E009,IT,1,6,84.3,Medium,1,1,3.9,College Portal,1
S0254,E015,IT,1,6,84.3,Medium,1,1,4.6,WhatsApp,1
S0255,E015,Computer Engineering,3,4,79.4,Medium,1,0,7.0,Email,1
S0255,E019,Computer Engineering,3,4,79.4,Medium,1,1,5.6,WhatsApp,1
S0255,E006,Computer Engineering,3,4,79.4,Medium,1,1,10.0,Email,1
S0255,E002,Computer Engineering,3,4,79.4,Medium,1,1,13.7,WhatsApp,0
S0255,E007,Computer Engineering,3,4,79.4,Medium,1,1,9.0,WhatsApp,1
S0256,E032,Electronics,2,4,89.6,Low,1,1,13.3,Instagram,1
S0256,E034,Electronics,2,4,89.6,Low,1,1,11.2,WhatsApp,1
S0256,E031,Electronics,2,4,89.6,Low,1,0,14.8,WhatsApp,1
S0256,E015,Electronics,2,4,89.6,Low,1,1,15.2,Instagram,1
S0256,E039,Electronics,2,4,89.6,Low,0,0,9.0,Email,0
S0257,E001,Electrical,1,1,83.2,Medium,0,0,4.4,Instagram,0
S0257,E027,Electrical,1,1,83.2,Medium,1,1,2.4,Email,1
S0257,E028,Electrical,1,1,83.2,Medium,0,0,1.9,Instagram,0
S0257,E022,Electrical,1,1,83.2,Medium,0,0,15.2,WhatsApp,0
S0257,E017,Electrical,1,1,83.2,Medium,0,0,9.8,College Portal,0
S0258,E008,Mechanical,2,6,94.8,Low,1,1,12.1,College Portal,1
S0258,E011,Mechanical,2,6,94.8,Low,1,1,12.9,College Portal,1
S0258,E036,Mechanical,2,6,94.8,Low,1,1,12.3,WhatsApp,1
S0258,E037,Mechanical,2,6,94.8,Low,1,1,8.0,Email,1
S0258,E031,Mechanical,2,6,94.8,Low,0,0,15.8,Email,0
S0259,E010,Electronics,1,3,87.8,Medium,1,1,12.2,College Portal,1
S0259,E017,Electronics,1,3,87.8,Medium,1,1,9.4,Instagram,0
S0259,E008,Electronics,1,3,87.8,Medium,1,1,10.3,WhatsApp,0
S0259,E006,Electronics,1,3,87.8,Medium,1,1,11.5,WhatsApp,1
S0259,E030,Electronics,1,3,87.8,Medium,1,1,16.3,College Portal,1
S0260,E012,Computer Engineering,3,3,77.6,High,0,0,6.2,WhatsApp,0
S0260,E014,Computer Engineering,3,3,77.6,High,1,1,11.1,Email,1
S0260,E030,Computer Engineering,3,3,77.6,High,1,1,7.9,WhatsApp,0
S0260,E026,Computer Engineering,3,3,77.6,High,1,1,16.3,College Portal,1
S0260,E023,Computer Engineering,3,3,77.6,High,1,1,6.5,Instagram,1
S0261,E026,Electronics,1,3,75.8,Low,1,1,10.5,WhatsApp,1
S0261,E011,Electronics,1,3,75.8,Low,1,1,12.9,Instagram,1
S0261,E016,Electronics,1,3,75.8,Low,1,1,5.2,WhatsApp,1
S0261,E032,Electronics,1,3,75.8,Low,1,1,17.0,College Portal,0
S0261,E001,Electronics,1,3,75.8,Low,1,1,13.1,Instagram,1
S0262,E035,Electrical,3,4,88.3,High,1,1,2.4,College Portal,1
S0262,E030,Electrical,3,4,88.3,High,1,1,16.1,College Portal,0
S0262,E003,Electrical,3,4,88.3,High,1,1,6.3,WhatsApp,1
S0262,E032,Electrical,3,4,88.3,High,1,1,4.7,College Portal,1
S0262,E027,Electrical,3,4,88.3,High,1,1,14.9,WhatsApp,1
S0263,E024,Computer Engineering,2,6,53.1,Low,1,1,1.9,Email,1
S0263,E035,Computer Engineering,2,6,53.1,Low,1,0,8.7,Email,1
S0263,E034,Computer Engineering,2,6,53.1,Low,1,1,17.3,Email,1
S0263,E031,Computer Engineering,2,6,53.1,Low,1,1,4.9,College Portal,1
S0263,E030,Computer Engineering,2,6,53.1,Low,1,1,12.5,WhatsApp,0
S0264,E015,Electronics,2,7,92.2,Medium,1,1,12.5,College Portal,1
S0264,E011,Electronics,2,7,92.2,Medium,1,1,11.6,Email,1
S0264,E036,Electronics,2,7,92.2,Medium,1,1,14.6,Email,1
S0264,E002,Electronics,2,7,92.2,Medium,1,1,3.5,WhatsApp,1
S0264,E017,Electronics,2,7,92.2,Medium,1,1,10.2,Instagram,1
S0265,E018,Civil,1,2,92.1,Low,1,1,6.1,College Portal,0
S0265,E019,Civil,1,2,92.1,Low,1,1,9.8,WhatsApp,0
S0265,E007,Civil,1,2,92.1,Low,1,1,6.6,College Portal,0
S0265,E014,Civil,1,2,92.1,Low,1,1,1.0,College Portal,1
S0265,E008,Civil,1,2,92.1,Low,1,1,6.2,WhatsApp,1
S0266,E023,Mechanical,1,3,72.9,Medium,1,1,6.8,WhatsApp,1
S0266,E028,Mechanical,1,3,72.9,Medium,1,1,7.2,WhatsApp,1
S0266,E010,Mechanical,1,3,72.9,Medium,1,1,15.1,Email,1
S0266,E025,Mechanical,1,3,72.9,Medium,1,0,13.8,Instagram,0
S0266,E007,Mechanical,1,3,72.9,Medium,1,1,16.0,College Portal,1
S0267,E023,Mechanical,2,3,59.0,Low,1,1,16.3,WhatsApp,1
S0267,E019,Mechanical,2,3,59.0,Low,1,1,5.5,WhatsApp,0
S0267,E016,Mechanical,2,3,59.0,Low,1,1,7.9,WhatsApp,1
S0267,E011,Mechanical,2,3,59.0,Low,1,1,17.9,College Portal,0
S0267,E022,Mechanical,2,3,59.0,Low,1,1,9.3,Email,1
S0268,E024,Mechanical,2,4,83.3,Medium,1,1,14.4,Instagram,0
S0268,E039,Mechanical,2,4,83.3,Medium,1,1,17.7,College Portal,1
S0268,E019,Mechanical,2,4,83.3,Medium,1,1,10.6,College Portal,1
S0268,E033,Mechanical,2,4,83.3,Medium,1,1,9.8,WhatsApp,1
S0268,E030,Mechanical,2,4,83.3,Medium,1,1,6.4,College Portal,1
S0269,E028,IT,3,4,42.7,Medium,1,1,10.4,WhatsApp,1
S0269,E017,IT,3,4,42.7,Medium,1,1,9.8,Email,1
S0269,E011,IT,3,4,42.7,Medium,1,0,11.1,WhatsApp,1
S0269,E005,IT,3,4,42.7,Medium,1,0,9.6,Instagram,1
S0269,E032,IT,3,4,42.7,Medium,1,1,3.8,WhatsApp,0
S0270,E012,IT,2,3,87.3,Medium,1,1,11.0,College Portal,1
S0270,E038,IT,2,3,87.3,Medium,0,0,1.9,College Portal,0
S0270,E017,IT,2,3,87.3,Medium,0,0,16.1,Email,0
S0270,E037,IT,2,3,87.3,Medium,1,1,13.5,College Portal,1
S0270,E018,IT,2,3,87.3,Medium,1,1,12.7,WhatsApp,1
S0271,E013,Civil,3,5,91.4,Medium,1,1,3.0,WhatsApp,1
S0271,E008,Civil,3,5,91.4,Medium,1,1,3.4,College Portal,1
S0271,E033,Civil,3,5,91.4,Medium,1,1,0.7,WhatsApp,1
S0271,E015,Civil,3,5,91.4,Medium,0,0,3.5,WhatsApp,0
S0271,E025,Civil,3,5,91.4,Medium,1,1,1.0,College Portal,1
S0272,E029,Civil,4,5,71.6,High,0,0,17.0,Email,0
S0272,E032,Civil,4,5,71.6,High,0,0,4.8,WhatsApp,0
S0272,E008,Civil,4,5,71.6,High,1,1,5.2,WhatsApp,1
S0272,E028,Civil,4,5,71.6,High,1,1,13.3,Instagram,1
S0272,E039,Civil,4,5,71.6,High,1,1,3.1,WhatsApp,1
S0273,E027,Civil,3,4,77.3,Medium,1,1,16.2,WhatsApp,0
S0273,E032,Civil,3,4,77.3,Medium,1,1,9.1,College Portal,0
S0273,E033,Civil,3,4,77.3,Medium,1,1,0.8,WhatsApp,1
S0273,E031,Civil,3,4,77.3,Medium,1,1,2.8,WhatsApp,1
S0273,E002,Civil,3,4,77.3,Medium,1,1,17.0,WhatsApp,1
S0274,E037,Electrical,1,8,79.8,Low,1,1,5.1,WhatsApp,1
S0274,E022,Electrical,1,8,79.8,Low,1,1,13.6,WhatsApp,1
S0274,E027,Electrical,1,8,79.8,Low,1,1,6.6,WhatsApp,1
S0274,E012,Electrical,1,8,79.8,Low,1,1,15.1,Email,0
S0274,E029,Electrical,1,8,79.8,Low,1,1,7.9,College Portal,1
S0275,E033,Electronics,2,4,78.4,Medium,1,1,2.5,Instagram,1
S0275,E026,Electronics,2,4,78.4,Medium,0,0,5.5,WhatsApp,0
S0275,E021,Electronics,2,4,78.4,Medium,0,0,6.8,College Portal,0
S0275,E003,Electronics,2,4,78.4,Medium,0,0,5.1,College Portal,0
S0275,E019,Electronics,2,4,78.4,Medium,1,1,15.3,WhatsApp,1
S0276,E004,Electronics,1,3,85.8,High,1,1,9.2,College Portal,1
S0276,E018,Electronics,1,3,85.8,High,1,1,3.9,Email,1
S0276,E032,Electronics,1,3,85.8,High,0,0,13.0,WhatsApp,0
S0276,E024,Electronics,1,3,85.8,High,1,1,11.1,Instagram,1
S0276,E028,Electronics,1,3,85.8,High,1,1,9.0,College Portal,1
S0277,E026,Civil,1,5,83.2,Medium,0,0,8.1,Email,0
S0277,E027,Civil,1,5,83.2,Medium,1,1,9.6,College Portal,1
S0277,E025,Civil,1,5,83.2,Medium,1,1,12.4,WhatsApp,1
S0277,E004,Civil,1,5,83.2,Medium,1,1,4.5,WhatsApp,1
S0277,E016,Civil,1,5,83.2,Medium,1,1,12.8,WhatsApp,1
S0278,E004,Mechanical,4,9,64.2,Medium,1,1,9.7,WhatsApp,1
S0278,E040,Mechanical,4,9,64.2,Medium,0,0,5.1,WhatsApp,0
S0278,E037,Mechanical,4,9,64.2,Medium,1,1,4.3,WhatsApp,0
S0278,E006,Mechanical,4,9,64.2,Medium,1,1,5.2,Email,1
S0278,E016,Mechanical,4,9,64.2,Medium,1,1,2.0,WhatsApp,1
S0279,E038,Mechanical,1,5,76.5,Low,1,1,9.3,Email,0
S0279,E010,Mechanical,1,5,76.5,Low,1,0,5.0,College Portal,1
S0279,E034,Mechanical,1,5,76.5,Low,1,1,8.8,Email,1
S0279,E011,Mechanical,1,5,76.5,Low,1,1,3.7,WhatsApp,0
S0279,E039,Mechanical,1,5,76.5,Low,1,1,11.1,WhatsApp,1
S0280,E022,Civil,2,2,74.8,Medium,1,1,10.6,College Portal,0
S0280,E039,Civil,2,2,74.8,Medium,1,1,6.6,College Portal,1
S0280,E034,Civil,2,2,74.8,Medium,1,1,16.4,WhatsApp,1
S0280,E026,Civil,2,2,74.8,Medium,1,1,5.6,College Portal,1
S0280,E040,Civil,2,2,74.8,Medium,1,1,15.2,WhatsApp,0
S0281,E002,Electrical,3,5,77.8,Medium,1,0,17.1,Instagram,1
S0281,E008,Electrical,3,5,77.8,Medium,0,0,1.0,Email,0
S0281,E016,Electrical,3,5,77.8,Medium,0,0,8.1,WhatsApp,0
S0281,E010,Electrical,3,5,77.8,Medium,1,1,8.8,WhatsApp,1
S0281,E014,Electrical,3,5,77.8,Medium,1,1,17.5,Instagram,0
S0282,E022,IT,3,2,77.8,High,1,1,6.0,College Portal,1
S0282,E023,IT,3,2,77.8,High,1,1,14.1,College Portal,1
S0282,E020,IT,3,2,77.8,High,1,1,6.0,WhatsApp,1
S0282,E018,IT,3,2,77.8,High,0,0,15.0,Email,0
S0282,E025,IT,3,2,77.8,High,1,1,16.9,College Portal,0
S0283,E012,IT,3,2,96.2,High,1,1,6.3,Instagram,1
S0283,E011,IT,3,2,96.2,High,0,0,14.8,College Portal,0
S0283,E037,IT,3,2,96.2,High,1,1,1.3,College Portal,1
S0283,E018,IT,3,2,96.2,High,0,0,5.3,College Portal,0
S0283,E033,IT,3,2,96.2,High,0,0,6.2,WhatsApp,0
S0284,E015,Computer Engineering,1,5,89.0,Low,1,0,17.0,WhatsApp,1
S0284,E030,Computer Engineering,1,5,89.0,Low,1,1,10.3,WhatsApp,1
S0284,E035,Computer Engineering,1,5,89.0,Low,1,1,2.5,Instagram,1
S0284,E029,Computer Engineering,1,5,89.0,Low,1,1,6.8,Email,1
S0284,E037,Computer Engineering,1,5,89.0,Low,0,0,11.8,College Portal,0
S0285,E015,Electronics,2,2,82.7,Medium,1,0,16.0,Email,1
S0285,E023,Electronics,2,2,82.7,Medium,1,1,1.9,WhatsApp,1
S0285,E036,Electronics,2,2,82.7,Medium,1,1,9.6,Instagram,0
S0285,E037,Electronics,2,2,82.7,Medium,0,0,9.7,College Portal,0
S0285,E016,Electronics,2,2,82.7,Medium,1,1,4.5,Email,1
S0286,E030,Computer Engineering,2,5,78.7,Medium,1,1,3.2,WhatsApp,1
S0286,E012,Computer Engineering,2,5,78.7,Medium,1,1,13.3,Email,1
S0286,E024,Computer Engineering,2,5,78.7,Medium,0,0,10.2,Email,0
S0286,E040,Computer Engineering,2,5,78.7,Medium,1,1,0.7,Email,1
S0286,E005,Computer Engineering,2,5,78.7,Medium,0,0,5.6,Email,0
S0287,E024,IT,1,1,86.2,Medium,1,1,13.8,WhatsApp,1
S0287,E027,IT,1,1,86.2,Medium,1,1,4.1,Instagram,1
S0287,E015,IT,1,1,86.2,Medium,1,1,16.2,WhatsApp,1
S0287,E003,IT,1,1,86.2,Medium,1,1,0.7,Email,1
S0287,E021,IT,1,1,86.2,Medium,0,0,10.3,College Portal,0
S0288,E008,Electronics,2,3,85.7,High,1,1,11.6,WhatsApp,1
S0288,E007,Electronics,2,3,85.7,High,1,1,4.5,WhatsApp,1
S0288,E035,Electronics,2,3,85.7,High,1,1,8.1,College Portal,1
S0288,E011,Electronics,2,3,85.7,High,1,1,17.2,WhatsApp,1
S0288,E016,Electronics,2,3,85.7,High,1,1,1.8,Instagram,1
S0289,E006,IT,1,3,71.1,Medium,1,1,16.8,WhatsApp,0
S0289,E004,IT,1,3,71.1,Medium,1,0,7.0,Email,0
S0289,E023,IT,1,3,71.1,Medium,1,1,8.9,Instagram,1
S0289,E015,IT,1,3,71.1,Medium,1,1,2.4,Instagram,1
S0289,E030,IT,1,3,71.1,Medium,1,0,12.0,Email,1
S0290,E026,Electronics,1,2,77.9,Medium,1,0,3.0,Email,1
S0290,E009,Electronics,1,2,77.9,Medium,1,1,6.7,WhatsApp,1
S0290,E033,Electronics,1,2,77.9,Medium,1,1,14.0,WhatsApp,1
S0290,E028,Electronics,1,2,77.9,Medium,1,1,8.3,Instagram,1
S0290,E022,Electronics,1,2,77.9,Medium,0,0,11.7,College Portal,0
S0291,E007,Computer Engineering,2,6,56.2,Medium,1,1,11.0,WhatsApp,1
S0291,E037,Computer Engineering,2,6,56.2,Medium,1,0,7.8,College Portal,1
S0291,E022,Computer Engineering,2,6,56.2,Medium,1,1,17.8,WhatsApp,0
S0291,E027,Computer Engineering,2,6,56.2,Medium,1,1,15.7,WhatsApp,1
S0291,E009,Computer Engineering,2,6,56.2,Medium,0,0,12.0,College Portal,0
S0292,E013,Computer Engineering,1,2,85.7,High,1,1,5.7,College Portal,1
S0292,E007,Computer Engineering,1,2,85.7,High,1,1,4.5,WhatsApp,1
S0292,E029,Computer Engineering,1,2,85.7,High,1,1,10.5,WhatsApp,1
S0292,E032,Computer Engineering,1,2,85.7,High,1,1,12.7,Email,0
S0292,E005,Computer Engineering,1,2,85.7,High,1,0,15.1,Instagram,0
S0293,E040,Civil,3,0,86.1,Medium,1,1,13.5,WhatsApp,0
S0293,E020,Civil,3,0,86.1,Medium,1,1,11.8,College Portal,0
S0293,E039,Civil,3,0,86.1,Medium,0,0,16.6,Email,0
S0293,E001,Civil,3,0,86.1,Medium,1,1,8.2,College Portal,1
S0293,E035,Civil,3,0,86.1,Medium,1,1,4.8,WhatsApp,0
S0294,E027,IT,3,5,65.8,Medium,1,1,15.3,Email,1
S0294,E001,IT,3,5,65.8,Medium,1,1,16.5,College Portal,0
S0294,E010,IT,3,5,65.8,Medium,1,1,17.2,Email,0
S0294,E004,IT,3,5,65.8,Medium,1,1,9.1,Email,1
S0294,E006,IT,3,5,65.8,Medium,1,1,8.6,WhatsApp,1
S0295,E036,Computer Engineering,4,2,67.3,Medium,1,1,3.6,WhatsApp,0
S0295,E016,Computer Engineering,4,2,67.3,Medium,1,1,9.5,Email,0
S0295,E008,Computer Engineering,4,2,67.3,Medium,1,1,3.2,Email,1
S0295,E025,Computer Engineering,4,2,67.3,Medium,1,1,17.8,Email,0
S0295,E007,Computer Engineering,4,2,67.3,Medium,1,0,1.0,Instagram,1
S0296,E024,Electronics,1,5,47.7,Medium,1,1,8.4,Instagram,1
S0296,E025,Electronics,1,5,47.7,Medium,1,1,5.6,Email,1
S0296,E013,Electronics,1,5,47.7,Medium,1,1,3.1,WhatsApp,1
S0296,E003,Electronics,1,5,47.7,Medium,1,1,13.4,WhatsApp,1
S0296,E012,Electronics,1,5,47.7,Medium,1,0,14.6,WhatsApp,1
S0297,E023,Civil,1,1,81.0,High,1,1,9.1,WhatsApp,1
S0297,E033,Civil,1,1,81.0,High,1,1,10.1,College Portal,0
S0297,E014,Civil,1,1,81.0,High,1,1,6.7,WhatsApp,1
S0297,E016,Civil,1,1,81.0,High,0,0,7.2,WhatsApp,0
S0297,E009,Civil,1,1,81.0,High,0,0,5.0,College Portal,0
S0298,E035,Computer Engineering,1,5,90.5,Medium,1,1,17.5,WhatsApp,1
S0298,E011,Computer Engineering,1,5,90.5,Medium,1,1,7.7,College Portal,1
S0298,E022,Computer Engineering,1,5,90.5,Medium,0,0,14.7,College Portal,0
S0298,E038,Computer Engineering,1,5,90.5,Medium,1,1,9.4,College Portal,1
S0298,E012,Computer Engineering,1,5,90.5,Medium,1,1,10.5,College Portal,1
S0299,E039,Mechanical,3,5,48.9,Medium,1,1,7.9,WhatsApp,1
S0299,E040,Mechanical,3,5,48.9,Medium,1,1,11.6,Instagram,1
S0299,E002,Mechanical,3,5,48.9,Medium,1,1,3.5,Email,1
S0299,E001,Mechanical,3,5,48.9,Medium,1,1,6.6,College Portal,1
S0299,E030,Mechanical,3,5,48.9,Medium,1,1,7.3,College Portal,1
S0300,E019,Computer Engineering,3,5,80.3,Medium,1,1,1.9,WhatsApp,0
S0300,E026,Computer Engineering,3,5,80.3,Medium,1,0,17.7,WhatsApp,1
S0300,E018,Computer Engineering,3,5,80.3,Medium,0,0,4.4,College Portal,0
S0300,E004,Computer Engineering,3,5,80.3,Medium,1,1,5.9,College Portal,1
S0300,E006,Computer Engineering,3,5,80.3,Medium,1,0,13.9,College Portal,1
S0301,E008,Computer Engineering,1,8,79.1,High,0,0,12.8,WhatsApp,0
S0301,E007,Computer Engineering,1,8,79.1,High,1,1,1.7,College Portal,1
S0301,E030,Computer Engineering,1,8,79.1,High,1,1,11.1,Email,1
S0301,E029,Computer Engineering,1,8,79.1,High,1,0,15.5,Email,0
S0301,E013,Computer Engineering,1,8,79.1,High,1,1,12.9,WhatsApp,1
S0302,E033,Electronics,4,4,72.2,Medium,1,1,7.2,WhatsApp,1
S0302,E008,Electronics,4,4,72.2,Medium,1,1,16.3,WhatsApp,0
S0302,E019,Electronics,4,4,72.2,Medium,1,1,6.1,College Portal,1
S0302,E017,Electronics,4,4,72.2,Medium,1,0,6.6,Email,1
S0302,E037,Electronics,4,4,72.2,Medium,1,1,11.3,WhatsApp,1
S0303,E001,Electronics,1,5,86.5,Low,1,1,7.2,Instagram,1
S0303,E036,Electronics,1,5,86.5,Low,1,1,14.5,College Portal,1
S0303,E039,Electronics,1,5,86.5,Low,1,1,9.7,College Portal,1
S0303,E037,Electronics,1,5,86.5,Low,1,1,1.4,WhatsApp,1
S0303,E021,Electronics,1,5,86.5,Low,1,0,8.5,Email,0
S0304,E013,Mechanical,2,6,57.0,Medium,0,0,4.9,WhatsApp,0
S0304,E022,Mechanical,2,6,57.0,Medium,1,0,12.1,College Portal,0
S0304,E037,Mechanical,2,6,57.0,Medium,1,1,3.6,College Portal,1
S0304,E005,Mechanical,2,6,57.0,Medium,1,1,2.0,WhatsApp,0
S0304,E032,Mechanical,2,6,57.0,Medium,0,0,2.5,College Portal,0
S0305,E032,Mechanical,3,5,83.7,Medium,1,1,7.9,Email,1
S0305,E029,Mechanical,3,5,83.7,Medium,0,0,9.1,Email,0
S0305,E005,Mechanical,3,5,83.7,Medium,0,0,10.1,Email,0
S0305,E033,Mechanical,3,5,83.7,Medium,1,0,1.1,College Portal,1
S0305,E010,Mechanical,3,5,83.7,Medium,0,0,9.3,WhatsApp,0
S0306,E007,Electrical,4,4,53.1,High,1,1,17.0,Instagram,1
S0306,E004,Electrical,4,4,53.1,High,1,1,13.0,WhatsApp,1
S0306,E032,Electrical,4,4,53.1,High,1,0,9.7,College Portal,1
S0306,E017,Electrical,4,4,53.1,High,1,1,9.2,College Portal,1
S0306,E023,Electrical,4,4,53.1,High,1,1,4.8,WhatsApp,0
S0307,E018,Electronics,3,2,88.5,High,1,1,12.5,Instagram,1
S0307,E016,Electronics,3,2,88.5,High,0,0,15.6,WhatsApp,0
S0307,E008,Electronics,3,2,88.5,High,1,1,12.8,WhatsApp,1
S0307,E012,Electronics,3,2,88.5,High,1,0,14.8,College Portal,1
S0307,E005,Electronics,3,2,88.5,High,1,0,1.8,College Portal,1
S0308,E023,IT,4,7,66.7,Medium,1,1,12.5,College Portal,0
S0308,E038,IT,4,7,66.7,Medium,0,0,7.3,WhatsApp,0
S0308,E001,IT,4,7,66.7,Medium,1,1,5.1,College Portal,0
S0308,E002,IT,4,7,66.7,Medium,1,1,11.6,WhatsApp,1
S0308,E037,IT,4,7,66.7,Medium,1,1,11.6,Email,1
S0309,E015,Civil,2,2,50.9,Low,0,0,4.0,Email,0
S0309,E002,Civil,2,2,50.9,Low,1,1,9.5,Instagram,1
S0309,E036,Civil,2,2,50.9,Low,1,1,10.3,WhatsApp,1
S0309,E012,Civil,2,2,50.9,Low,1,1,13.2,WhatsApp,0
S0309,E040,Civil,2,2,50.9,Low,1,1,15.0,Instagram,0
S0310,E038,Computer Engineering,4,4,65.6,High,1,1,8.8,WhatsApp,0
S0310,E037,Computer Engineering,4,4,65.6,High,1,1,12.0,WhatsApp,1
S0310,E005,Computer Engineering,4,4,65.6,High,1,1,10.1,WhatsApp,1
S0310,E001,Computer Engineering,4,4,65.6,High,1,1,7.9,WhatsApp,1
S0310,E036,Computer Engineering,4,4,65.6,High,1,1,16.3,WhatsApp,1
S0311,E026,IT,1,3,90.3,Medium,0,0,17.5,WhatsApp,0
S0311,E024,IT,1,3,90.3,Medium,1,1,14.7,Email,1
S0311,E016,IT,1,3,90.3,Medium,1,1,16.6,College Portal,1
S0311,E023,IT,1,3,90.3,Medium,0,0,13.4,Email,0
S0311,E019,IT,1,3,90.3,Medium,1,1,14.3,Email,1
S0312,E039,Computer Engineering,4,4,76.8,Medium,0,0,9.0,WhatsApp,0
S0312,E016,Computer Engineering,4,4,76.8,Medium,1,1,8.7,College Portal,1
S0312,E038,Computer Engineering,4,4,76.8,Medium,1,1,13.7,Email,1
S0312,E003,Computer Engineering,4,4,76.8,Medium,1,0,9.7,Email,1
S0312,E014,Computer Engineering,4,4,76.8,Medium,0,0,6.7,Instagram,0
S0313,E019,Computer Engineering,2,5,82.0,Medium,1,1,0.7,WhatsApp,1
S0313,E008,Computer Engineering,2,5,82.0,Medium,1,1,6.3,WhatsApp,1
S0313,E035,Computer Engineering,2,5,82.0,Medium,1,0,7.3,Email,1
S0313,E010,Computer Engineering,2,5,82.0,Medium,1,1,0.9,WhatsApp,1
S0313,E006,Computer Engineering,2,5,82.0,Medium,1,1,1.8,WhatsApp,1
S0314,E020,Electrical,4,2,40.9,Medium,0,0,4.2,Email,0
S0314,E040,Electrical,4,2,40.9,Medium,1,1,17.5,WhatsApp,1
S0314,E005,Electrical,4,2,40.9,Medium,1,1,15.0,Email,1
S0314,E025,Electrical,4,2,40.9,Medium,1,0,9.4,College Portal,1
S0314,E021,Electrical,4,2,40.9,Medium,1,0,17.0,College Portal,1
S0315,E009,Civil,2,7,71.8,Medium,0,0,2.3,Email,0
S0315,E026,Civil,2,7,71.8,Medium,1,1,3.2,WhatsApp,1
S0315,E040,Civil,2,7,71.8,Medium,1,1,17.9,Instagram,0
S0315,E032,Civil,2,7,71.8,Medium,1,0,14.9,WhatsApp,1
S0315,E016,Civil,2,7,71.8,Medium,1,1,8.0,WhatsApp,1
S0316,E001,Mechanical,3,2,75.5,High,1,1,15.2,College Portal,1
S0316,E013,Mechanical,3,2,75.5,High,1,1,5.7,WhatsApp,1
S0316,E010,Mechanical,3,2,75.5,High,1,1,1.7,College Portal,1
S0316,E022,Mechanical,3,2,75.5,High,1,1,16.4,College Portal,1
S0316,E017,Mechanical,3,2,75.5,High,1,1,11.8,WhatsApp,1
S0317,E014,IT,2,5,70.4,High,1,1,12.4,College Portal,1
S0317,E037,IT,2,5,70.4,High,1,1,5.4,WhatsApp,1
S0317,E010,IT,2,5,70.4,High,1,1,10.9,WhatsApp,1
S0317,E002,IT,2,5,70.4,High,0,0,7.6,WhatsApp,0
S0317,E024,IT,2,5,70.4,High,1,1,2.3,WhatsApp,1
S0318,E033,Computer Engineering,3,1,80.2,Medium,1,1,17.2,College Portal,0
S0318,E010,Computer Engineering,3,1,80.2,Medium,1,1,7.6,Email,1
S0318,E038,Computer Engineering,3,1,80.2,Medium,1,1,8.5,College Portal,1
S0318,E004,Computer Engineering,3,1,80.2,Medium,1,1,4.2,College Portal,1
S0318,E035,Computer Engineering,3,1,80.2,Medium,1,1,16.8,Email,1
S0319,E025,Computer Engineering,1,3,93.0,Medium,0,0,2.3,Instagram,0
S0319,E001,Computer Engineering,1,3,93.0,Medium,0,0,0.9,College Portal,0
S0319,E026,Computer Engineering,1,3,93.0,Medium,1,1,5.9,WhatsApp,1
S0319,E040,Computer Engineering,1,3,93.0,Medium,1,0,11.6,College Portal,0
S0319,E018,Computer Engineering,1,3,93.0,Medium,1,1,11.8,WhatsApp,1
S0320,E030,Computer Engineering,1,1,64.9,Low,1,1,18.0,WhatsApp,0
S0320,E036,Computer Engineering,1,1,64.9,Low,1,1,9.0,WhatsApp,1
S0320,E021,Computer Engineering,1,1,64.9,Low,1,1,11.7,WhatsApp,1
S0320,E027,Computer Engineering,1,1,64.9,Low,1,0,5.9,Instagram,0
S0320,E003,Computer Engineering,1,1,64.9,Low,1,1,8.8,WhatsApp,0
S0321,E003,Electronics,1,4,73.8,Low,1,1,3.6,WhatsApp,1
S0321,E020,Electronics,1,4,73.8,Low,1,1,15.3,WhatsApp,0
S0321,E025,Electronics,1,4,73.8,Low,0,0,15.3,College Portal,0
S0321,E002,Electronics,1,4,73.8,Low,0,0,14.9,WhatsApp,0
S0321,E039,Electronics,1,4,73.8,Low,1,1,8.9,Email,1
S0322,E026,Mechanical,1,5,61.4,Medium,1,1,15.6,Instagram,0
S0322,E028,Mechanical,1,5,61.4,Medium,0,0,13.3,Email,0
S0322,E017,Mechanical,1,5,61.4,Medium,0,0,12.5,College Portal,0
S0322,E030,Mechanical,1,5,61.4,Medium,1,1,14.9,Instagram,1
S0322,E003,Mechanical,1,5,61.4,Medium,1,1,11.9,College Portal,1
S0323,E023,Mechanical,4,5,70.2,Medium,1,0,5.1,WhatsApp,1
S0323,E024,Mechanical,4,5,70.2,Medium,1,1,16.5,WhatsApp,1
S0323,E008,Mechanical,4,5,70.2,Medium,1,1,11.0,WhatsApp,1
S0323,E037,Mechanical,4,5,70.2,Medium,0,0,6.4,WhatsApp,0
S0323,E011,Mechanical,4,5,70.2,Medium,1,1,6.0,College Portal,1
S0324,E019,Computer Engineering,1,3,78.7,High,1,1,16.1,WhatsApp,1
S0324,E028,Computer Engineering,1,3,78.7,High,1,1,12.2,WhatsApp,1
S0324,E012,Computer Engineering,1,3,78.7,High,1,1,1.6,College Portal,1
S0324,E007,Computer Engineering,1,3,78.7,High,1,1,7.6,Email,1
S0324,E013,Computer Engineering,1,3,78.7,High,1,1,11.5,Instagram,1
S0325,E009,Electrical,4,4,93.6,High,0,0,6.7,WhatsApp,0
S0325,E011,Electrical,4,4,93.6,High,1,0,11.2,WhatsApp,1
S0325,E010,Electrical,4,4,93.6,High,0,0,17.1,Instagram,0
S0325,E004,Electrical,4,4,93.6,High,0,0,2.3,WhatsApp,0
S0325,E027,Electrical,4,4,93.6,High,0,0,1.5,College Portal,0
S0326,E009,Mechanical,2,4,38.3,Medium,1,1,9.0,College Portal,1
S0326,E029,Mechanical,2,4,38.3,Medium,0,0,9.7,Instagram,0
S0326,E025,Mechanical,2,4,38.3,Medium,1,1,17.6,WhatsApp,0
S0326,E001,Mechanical,2,4,38.3,Medium,1,1,4.7,College Portal,1
S0326,E011,Mechanical,2,4,38.3,Medium,1,1,16.9,College Portal,1
S0327,E016,Electronics,1,9,87.9,Medium,0,0,6.7,WhatsApp,0
S0327,E004,Electronics,1,9,87.9,Medium,0,0,1.5,Email,0
S0327,E040,Electronics,1,9,87.9,Medium,1,1,1.7,College Portal,1
S0327,E035,Electronics,1,9,87.9,Medium,1,1,15.2,Email,1
S0327,E014,Electronics,1,9,87.9,Medium,0,0,5.7,Email,0
S0328,E025,Electronics,3,5,91.2,Low,1,1,9.0,College Portal,1
S0328,E019,Electronics,3,5,91.2,Low,1,1,7.4,College Portal,1
S0328,E023,Electronics,3,5,91.2,Low,1,1,3.1,Instagram,1
S0328,E015,Electronics,3,5,91.2,Low,0,0,4.6,WhatsApp,0
S0328,E005,Electronics,3,5,91.2,Low,1,1,18.0,WhatsApp,1
S0329,E019,IT,3,5,81.2,High,1,1,16.3,College Portal,1
S0329,E035,IT,3,5,81.2,High,0,0,10.2,WhatsApp,0
S0329,E014,IT,3,5,81.2,High,1,1,11.6,Instagram,1
S0329,E024,IT,3,5,81.2,,1,1,11.8,College Portal,1
S0329,E006,IT,3,5,81.2,High,0,0,10.7,WhatsApp,0
S0330,E040,Computer Engineering,2,7,69.5,Medium,1,1,10.8,Instagram,1
S0330,E027,Computer Engineering,2,7,69.5,Medium,1,1,6.6,Instagram,1
S0330,E025,Computer Engineering,2,7,69.5,Medium,1,1,1.6,Instagram,1
S0330,E008,Computer Engineering,2,7,69.5,Medium,1,1,6.2,Email,1
S0330,E023,Computer Engineering,2,7,69.5,Medium,1,1,17.0,College Portal,0
S0331,E022,IT,3,3,32.8,Low,0,0,5.8,WhatsApp,0
S0331,E015,IT,3,3,32.8,Low,1,1,16.6,College Portal,0
S0331,E034,IT,3,3,32.8,Low,1,1,3.3,WhatsApp,0
S0331,E012,IT,3,3,32.8,Low,1,1,0.7,WhatsApp,0
S0331,E038,IT,3,3,32.8,Low,1,1,1.8,Instagram,1
S0332,E016,Mechanical,3,2,92.3,Medium,0,0,17.5,WhatsApp,0
S0332,E017,Mechanical,3,2,92.3,Medium,1,0,15.9,Instagram,0
S0332,E039,Mechanical,3,2,92.3,Medium,1,1,17.1,College Portal,1
S0332,E022,Mechanical,3,2,92.3,Medium,0,0,14.3,College Portal,0
S0332,E038,Mechanical,3,2,92.3,Medium,1,1,,WhatsApp,0
S0333,E029,Computer Engineering,1,7,80.8,High,1,1,6.7,Instagram,1
S0333,E030,Computer Engineering,1,7,80.8,High,0,0,10.9,WhatsApp,0
S0333,E016,Computer Engineering,1,7,80.8,High,1,1,8.2,WhatsApp,1
S0333,E021,Computer Engineering,1,7,80.8,High,1,1,14.7,Email,1
S0333,E013,Computer Engineering,1,7,80.8,High,1,1,4.1,Email,1
S0334,E013,Computer Engineering,4,7,92.1,High,1,1,9.9,WhatsApp,1
S0334,E012,Computer Engineering,4,7,92.1,High,1,1,11.2,WhatsApp,1
S0334,E006,Computer Engineering,4,7,92.1,High,1,1,8.9,WhatsApp,1
S0334,E035,Computer Engineering,4,7,92.1,High,1,1,11.8,Instagram,0
S0334,E031,Computer Engineering,4,7,92.1,High,1,1,1.4,WhatsApp,1
S0335,E008,Computer Engineering,4,5,84.0,Low,1,0,16.8,Email,0
S0335,E037,Computer Engineering,4,5,84.0,Low,1,1,14.8,WhatsApp,0
S0335,E015,Computer Engineering,4,5,84.0,Low,1,1,7.4,WhatsApp,0
S0335,E033,Computer Engineering,4,5,84.0,Low,1,1,13.3,College Portal,1
S0335,E039,Computer Engineering,4,5,84.0,Low,1,1,0.5,WhatsApp,0
S0336,E020,Computer Engineering,3,6,87.8,High,1,1,14.4,Email,1
S0336,E040,Computer Engineering,3,6,87.8,High,1,1,17.9,WhatsApp,1
S0336,E015,Computer Engineering,3,6,87.8,High,1,1,2.7,College Portal,1
S0336,E012,Computer Engineering,3,6,87.8,High,0,0,3.5,Email,0
S0336,E038,Computer Engineering,3,6,87.8,High,1,0,11.8,Email,1
S0337,E020,Civil,1,5,54.7,Medium,1,1,4.5,Instagram,1
S0337,E038,Civil,1,5,54.7,Medium,1,1,7.0,WhatsApp,1
S0337,E015,Civil,1,5,54.7,Medium,1,1,6.4,College Portal,1
S0337,E021,Civil,1,5,54.7,Medium,1,1,7.5,College Portal,1
S0337,E037,Civil,1,5,54.7,Medium,0,0,16.6,College Portal,0
S0338,E020,Mechanical,3,2,66.9,Low,1,0,8.3,College Portal,0
S0338,E029,Mechanical,3,2,66.9,Low,0,0,6.3,Email,0
S0338,E012,Mechanical,3,2,66.9,Low,1,1,16.1,WhatsApp,0
S0338,E028,Mechanical,3,2,66.9,Low,0,0,6.2,College Portal,0
S0338,E030,Mechanical,3,2,66.9,Low,1,1,12.1,Email,1
S0339,E020,IT,1,5,92.1,High,1,1,6.1,College Portal,1
S0339,E018,IT,1,5,92.1,High,1,1,1.2,Instagram,1
S0339,E016,IT,1,5,92.1,High,0,0,3.2,College Portal,0
S0339,E039,IT,1,5,92.1,High,0,0,17.3,College Portal,0
S0339,E028,IT,1,5,92.1,High,0,0,9.8,WhatsApp,0
S0340,E004,Computer Engineering,1,7,94.6,High,1,1,6.6,College Portal,1
S0340,E040,Computer Engineering,1,7,94.6,High,0,0,0.8,College Portal,0
S0340,E005,Computer Engineering,1,7,94.6,High,1,1,5.8,College Portal,1
S0340,E010,Computer Engineering,1,7,94.6,High,1,0,13.9,College Portal,1
S0340,E022,Computer Engineering,1,7,94.6,High,1,0,14.2,Email,1
S0341,E011,Electronics,1,6,87.2,Medium,1,1,12.8,College Portal,0
S0341,E007,Electronics,1,6,87.2,Medium,0,0,10.1,WhatsApp,0
S0341,E002,Electronics,1,6,87.2,Medium,1,1,3.0,Email,1
S0341,E038,Electronics,1,6,87.2,Medium,1,1,8.6,WhatsApp,1
S0341,E034,Electronics,1,6,87.2,Medium,1,1,6.6,College Portal,1
S0342,E013,IT,2,2,68.4,Medium,1,0,12.6,Email,1
S0342,E025,IT,2,2,68.4,Medium,1,1,14.5,WhatsApp,0
S0342,E027,IT,2,2,68.4,Medium,0,0,7.3,College Portal,0
S0342,E014,IT,2,2,68.4,Medium,0,0,1.0,WhatsApp,0
S0342,E017,IT,2,2,68.4,Medium,1,1,11.5,Email,1
S0343,E017,Computer Engineering,4,6,80.0,High,1,1,4.8,Instagram,1
S0343,E019,Computer Engineering,4,6,80.0,High,1,1,5.5,WhatsApp,1
S0343,E021,Computer Engineering,4,6,80.0,High,0,0,17.9,Email,0
S0343,E012,Computer Engineering,4,6,80.0,High,1,1,17.2,College Portal,1
S0343,E014,Computer Engineering,4,6,80.0,High,1,1,14.0,WhatsApp,0
S0344,E018,IT,3,3,68.9,High,1,1,17.1,WhatsApp,0
S0344,E033,IT,3,3,68.9,High,1,1,13.4,Instagram,0
S0344,E001,IT,3,3,68.9,High,1,1,13.8,Instagram,1
S0344,E020,IT,3,3,68.9,High,1,1,13.8,Email,1
S0344,E002,IT,3,3,68.9,High,1,1,10.0,WhatsApp,1
S0345,E006,IT,3,5,96.0,High,0,0,14.0,Instagram,0
S0345,E011,IT,3,5,96.0,High,1,1,8.8,WhatsApp,1
S0345,E032,IT,3,5,96.0,High,1,0,10.1,WhatsApp,0
S0345,E024,IT,3,5,96.0,High,1,1,14.3,WhatsApp,1
S0345,E037,IT,3,5,96.0,High,1,1,10.2,WhatsApp,1
S0346,E016,Electronics,2,4,98.3,Medium,1,1,17.9,WhatsApp,1
S0346,E031,Electronics,2,4,98.3,Medium,1,1,12.2,College Portal,1
S0346,E010,Electronics,2,4,98.3,Medium,1,1,1.7,WhatsApp,1
S0346,E001,Electronics,2,4,98.3,Medium,1,1,9.9,WhatsApp,1
S0346,E006,Electronics,2,4,98.3,Medium,1,0,17.8,Instagram,1
S0347,E032,Mechanical,2,2,92.7,High,1,1,4.1,College Portal,1
S0347,E028,Mechanical,2,2,92.7,High,0,0,1.3,Email,0
S0347,E014,Mechanical,2,2,92.7,High,1,1,7.9,Email,1
S0347,E039,Mechanical,2,2,92.7,High,1,1,3.5,WhatsApp,1
S0347,E009,Mechanical,2,2,92.7,High,1,1,11.8,WhatsApp,1
S0348,E039,Computer Engineering,2,5,84.1,High,1,1,14.4,Instagram,1
S0348,E018,Computer Engineering,2,5,84.1,High,1,1,5.3,Instagram,0
S0348,E001,Computer Engineering,2,5,84.1,High,1,1,10.9,WhatsApp,1
S0348,E029,Computer Engineering,2,5,84.1,High,1,1,6.3,College Portal,1
S0348,E040,Computer Engineering,2,5,84.1,High,1,1,15.0,Instagram,1
S0349,E038,IT,4,6,61.5,Low,1,1,17.7,Email,1
S0349,E022,IT,4,6,61.5,Low,1,1,16.6,WhatsApp,0
S0349,E032,IT,4,6,61.5,Low,1,1,8.4,WhatsApp,1
S0349,E005,IT,4,6,61.5,Low,1,1,6.4,Instagram,1
S0349,E010,IT,4,6,61.5,Low,1,1,13.2,WhatsApp,1
S0350,E034,Mechanical,1,6,74.8,High,1,1,13.6,WhatsApp,0
S0350,E018,Mechanical,1,6,74.8,High,1,1,14.8,WhatsApp,1
S0350,E037,Mechanical,1,6,74.8,High,1,1,13.0,Email,1
S0350,E030,Mechanical,1,6,74.8,High,1,1,9.4,College Portal,1
S0350,E024,Mechanical,1,6,74.8,High,0,0,14.0,College Portal,0
S0351,E013,Electronics,4,3,93.0,Medium,1,1,13.0,College Portal,1
S0351,E020,Electronics,4,3,93.0,Medium,0,0,4.6,College Portal,0
S0351,E004,Electronics,4,3,93.0,Medium,1,1,13.2,Email,1
S0351,E036,Electronics,4,3,93.0,Medium,1,1,10.6,WhatsApp,1
S0351,E017,Electronics,4,3,93.0,Medium,1,1,16.9,Instagram,1
S0352,E005,Civil,3,4,68.0,Medium,1,1,11.1,WhatsApp,0
S0352,E026,Civil,3,4,68.0,Medium,0,0,3.1,Instagram,0
S0352,E013,Civil,3,4,68.0,Medium,1,1,11.3,WhatsApp,0
S0352,E007,Civil,3,4,68.0,Medium,1,1,7.6,Email,0
S0352,E020,Civil,3,4,68.0,Medium,1,1,8.3,WhatsApp,1
S0353,E037,Mechanical,2,4,58.4,Medium,1,1,8.9,Instagram,1
S0353,E011,Mechanical,2,4,58.4,Medium,1,1,1.4,WhatsApp,0
S0353,E007,Mechanical,2,4,58.4,Medium,0,0,8.7,College Portal,0
S0353,E026,Mechanical,2,4,58.4,Medium,1,1,11.9,College Portal,1
S0353,E017,Mechanical,2,4,58.4,Medium,0,0,8.0,College Portal,0
S0354,E026,Computer Engineering,3,5,81.7,Low,1,1,17.6,College Portal,1
S0354,E007,Computer Engineering,3,5,81.7,Low,1,1,11.7,WhatsApp,1
S0354,E035,Computer Engineering,3,5,81.7,Low,1,0,2.8,WhatsApp,1
S0354,E015,Computer Engineering,3,5,81.7,Low,1,1,15.6,College Portal,0
S0354,E016,Computer Engineering,3,5,81.7,Low,1,1,8.8,WhatsApp,1
S0355,E023,Computer Engineering,2,2,86.1,Medium,1,1,14.7,WhatsApp,0
S0355,E032,Computer Engineering,2,2,86.1,Medium,1,1,11.0,Email,1
S0355,E008,Computer Engineering,2,2,86.1,Medium,1,1,13.8,WhatsApp,1
S0355,E027,Computer Engineering,2,2,86.1,Medium,1,1,8.5,Email,1
S0355,E003,Computer Engineering,2,2,86.1,Medium,1,1,10.8,Email,1
S0356,E021,Mechanical,4,1,70.9,High,1,1,16.5,WhatsApp,1
S0356,E038,Mechanical,4,1,70.9,High,1,1,14.8,College Portal,1
S0356,E018,Mechanical,4,1,70.9,High,1,1,14.7,Email,0
S0356,E027,Mechanical,4,1,70.9,High,1,1,7.7,WhatsApp,1
S0356,E035,Mechanical,4,1,70.9,High,1,1,7.6,WhatsApp,1
S0357,E032,Computer Engineering,4,1,94.6,Medium,1,1,7.6,College Portal,1
S0357,E020,Computer Engineering,4,1,94.6,Medium,1,1,10.5,Email,1
S0357,E028,Computer Engineering,4,1,94.6,Medium,1,1,10.3,WhatsApp,1
S0357,E012,Computer Engineering,4,1,94.6,Medium,0,0,5.9,Instagram,0
S0357,E024,Computer Engineering,4,1,94.6,Medium,1,1,13.4,Email,1
S0358,E010,Electronics,2,7,64.2,Medium,1,1,10.7,College Portal,1
S0358,E006,Electronics,2,7,64.2,Medium,1,1,10.3,WhatsApp,1
S0358,E028,Electronics,2,7,64.2,Medium,1,1,16.8,WhatsApp,1
S0358,E020,Electronics,2,7,64.2,Medium,0,0,11.9,WhatsApp,0
S0358,E029,Electronics,2,7,64.2,Medium,1,1,2.8,College Portal,1
S0359,E015,Electrical,1,7,68.5,High,0,0,10.5,WhatsApp,0
S0359,E017,Electrical,1,7,68.5,High,0,0,0.9,Email,0
S0359,E024,Electrical,1,7,68.5,High,1,0,6.7,Instagram,1
S0359,E009,Electrical,1,7,68.5,High,1,1,16.5,Email,1
S0359,E011,Electrical,1,7,68.5,High,0,0,2.3,Instagram,0
S0360,E014,Electronics,3,5,85.9,Medium,0,0,3.7,WhatsApp,0
S0360,E019,Electronics,3,5,85.9,Medium,0,0,3.4,WhatsApp,0
S0360,E007,Electronics,3,5,85.9,Medium,1,1,11.4,WhatsApp,1
S0360,E034,Electronics,3,5,85.9,Medium,1,1,3.1,WhatsApp,1
S0360,E008,Electronics,3,5,85.9,Medium,0,0,15.5,College Portal,0
S0361,E017,IT,4,5,73.2,Medium,0,0,17.1,WhatsApp,0
S0361,E006,IT,4,5,73.2,Medium,1,1,11.9,Email,1
S0361,E040,IT,4,5,73.2,Medium,0,0,17.9,College Portal,0
S0361,E039,IT,4,5,73.2,Medium,1,1,4.8,College Portal,1
S0361,E004,IT,4,5,73.2,Medium,1,1,11.1,WhatsApp,1
S0362,E027,Mechanical,1,2,88.3,Medium,1,0,7.9,College Portal,0
S0362,E034,Mechanical,1,2,88.3,Medium,1,1,16.2,WhatsApp,1
S0362,E038,Mechanical,1,2,88.3,Medium,1,1,8.3,Email,1
S0362,E033,Mechanical,1,2,88.3,Medium,1,1,4.7,Email,1
S0362,E002,Mechanical,1,2,88.3,Medium,1,1,2.8,WhatsApp,0
S0363,E009,IT,3,1,86.4,Medium,1,1,1.7,College Portal,1
S0363,E037,IT,3,1,86.4,Medium,1,1,15.8,WhatsApp,0
S0363,E010,IT,3,1,86.4,Medium,1,1,2.2,WhatsApp,1
S0363,E028,IT,3,1,86.4,Medium,1,1,13.4,Email,1
S0363,E008,IT,3,1,86.4,Medium,1,0,5.5,Instagram,1
S0364,E024,Electronics,3,6,96.5,Medium,1,1,0.5,Email,1
S0364,E010,Electronics,3,6,96.5,Medium,0,0,14.0,WhatsApp,0
S0364,E018,Electronics,3,6,96.5,Medium,1,1,13.8,WhatsApp,1
S0364,E039,Electronics,3,6,96.5,Medium,1,1,9.2,College Portal,1
S0364,E009,Electronics,3,6,96.5,Medium,1,1,17.2,WhatsApp,1
S0365,E014,Electrical,3,3,60.8,High,1,0,16.9,WhatsApp,1
S0365,E002,Electrical,3,3,60.8,High,1,1,5.8,WhatsApp,1
S0365,E009,Electrical,3,3,60.8,High,1,0,15.8,College Portal,1
S0365,E001,Electrical,3,3,60.8,High,1,1,5.3,WhatsApp,1
S0365,E011,Electrical,3,3,60.8,High,1,0,11.0,Email,1
S0366,E007,IT,1,3,85.4,Medium,1,1,3.9,Email,1
S0366,E014,IT,1,3,85.4,Medium,0,0,0.9,WhatsApp,0
S0366,E026,IT,1,3,85.4,Medium,1,1,3.7,College Portal,0
S0366,E032,IT,1,3,85.4,Medium,1,1,7.9,Instagram,0
S0366,E009,IT,1,3,85.4,Medium,1,1,6.3,WhatsApp,1
S0367,E040,Electrical,3,3,86.8,High,1,0,5.8,College Portal,1
S0367,E013,Electrical,3,3,86.8,High,1,1,1.1,WhatsApp,0
S0367,E026,Electrical,3,3,86.8,High,1,1,9.4,Instagram,1
S0367,E028,Electrical,3,3,86.8,High,1,0,9.0,Instagram,1
S0367,E038,Electrical,3,3,86.8,High,1,1,16.2,Instagram,0
S0368,E037,Electrical,4,2,69.5,Medium,1,1,1.5,Email,1
S0368,E032,Electrical,4,2,69.5,Medium,0,0,12.8,WhatsApp,0
S0368,E015,Electrical,4,2,69.5,Medium,0,0,2.9,WhatsApp,0
S0368,E022,Electrical,4,2,69.5,Medium,1,1,17.0,College Portal,1
S0368,E021,Electrical,4,2,69.5,Medium,1,1,7.1,WhatsApp,1
S0369,E040,Computer Engineering,1,4,60.9,Medium,1,1,8.4,WhatsApp,1
S0369,E024,Computer Engineering,1,4,60.9,Medium,1,1,3.5,Instagram,1
S0369,E007,Computer Engineering,1,4,60.9,Medium,1,1,10.2,WhatsApp,1
S0369,E018,Computer Engineering,1,4,60.9,Medium,1,1,17.9,WhatsApp,0
S0369,E030,Computer Engineering,1,4,60.9,Medium,1,1,5.9,College Portal,1
S0370,E032,Computer Engineering,1,3,78.5,Medium,1,0,13.6,WhatsApp,1
S0370,E014,Computer Engineering,1,3,78.5,Medium,1,1,4.5,College Portal,1
S0370,E033,Computer Engineering,1,3,78.5,Medium,1,1,10.5,College Portal,1
S0370,E001,Computer Engineering,1,3,78.5,Medium,1,1,4.6,WhatsApp,1
S0370,E005,Computer Engineering,1,3,78.5,Medium,0,0,0.8,WhatsApp,0
S0371,E027,Computer Engineering,4,7,81.9,High,1,1,16.7,WhatsApp,1
S0371,E016,Computer Engineering,4,7,81.9,High,1,1,2.4,WhatsApp,0
S0371,E005,Computer Engineering,4,7,81.9,High,0,0,1.9,Email,0
S0371,E004,Computer Engineering,4,7,81.9,High,0,0,10.4,Instagram,0
S0371,E026,Computer Engineering,4,7,81.9,High,1,1,17.9,Instagram,1
S0372,E012,Computer Engineering,1,4,68.4,Medium,1,1,4.2,Email,1
S0372,E039,Computer Engineering,1,4,68.4,Medium,1,1,8.1,Email,0
S0372,E007,Computer Engineering,1,4,68.4,Medium,1,1,10.8,WhatsApp,1
S0372,E032,Computer Engineering,1,4,68.4,Medium,1,1,10.3,College Portal,0
S0372,E002,Computer Engineering,1,4,68.4,Medium,1,1,10.7,College Portal,0
S0373,E011,Computer Engineering,4,3,77.2,Low,0,0,,Instagram,0
S0373,E003,Computer Engineering,4,3,77.2,Low,1,1,13.8,College Portal,1
S0373,E038,Computer Engineering,4,3,77.2,Low,0,0,5.2,WhatsApp,0
S0373,E016,Computer Engineering,4,3,77.2,Low,0,0,2.4,Instagram,0
S0373,E018,Computer Engineering,4,3,77.2,Low,0,0,2.6,College Portal,0
S0374,E001,Mechanical,2,5,72.9,Low,1,1,3.9,College Portal,1
S0374,E005,Mechanical,2,5,72.9,Low,1,1,16.7,WhatsApp,1
S0374,E002,Mechanical,2,5,72.9,Low,0,0,7.2,College Portal,0
S0374,E017,Mechanical,2,5,72.9,Low,1,0,8.0,Email,1
S0374,E040,Mechanical,2,5,72.9,Low,1,1,17.0,College Portal,0
S0375,E002,Computer Engineering,1,2,72.6,Medium,1,1,4.5,WhatsApp,0
S0375,E030,Computer Engineering,1,2,72.6,Medium,1,1,15.7,WhatsApp,1
S0375,E003,Computer Engineering,1,2,72.6,Medium,1,1,13.3,Email,1
S0375,E018,Computer Engineering,1,2,72.6,Medium,1,1,15.0,WhatsApp,0
S0375,E016,Computer Engineering,1,2,72.6,Medium,1,0,16.6,WhatsApp,0
S0376,E001,IT,4,4,92.8,Medium,1,1,15.7,Email,1
S0376,E012,IT,4,4,92.8,Medium,1,1,9.6,College Portal,1
S0376,E038,IT,4,4,92.8,Medium,1,1,11.7,WhatsApp,1
S0376,E010,IT,4,4,92.8,Medium,0,0,1.6,Email,0
S0376,E039,IT,4,4,92.8,Medium,1,1,12.0,WhatsApp,1
S0377,E002,Civil,2,3,54.2,Medium,0,0,8.3,College Portal,0
S0377,E023,Civil,2,3,54.2,Medium,1,1,7.4,WhatsApp,0
S0377,E026,Civil,2,3,54.2,Medium,1,1,10.8,College Portal,1
S0377,E020,Civil,2,3,54.2,Medium,1,1,17.6,Email,0
S0377,E034,Civil,2,3,54.2,Medium,1,0,14.3,Email,1
S0378,E008,Computer Engineering,2,5,77.4,Low,0,0,2.1,Instagram,0
S0378,E030,Computer Engineering,2,5,77.4,Low,1,1,3.5,WhatsApp,1
S0378,E037,Computer Engineering,2,5,77.4,Low,0,0,5.5,Email,0
S0378,E012,Computer Engineering,2,5,77.4,Low,0,0,15.8,WhatsApp,0
S0378,E025,Computer Engineering,2,5,77.4,Low,1,0,0.5,Instagram,0
S0379,E035,Civil,2,2,54.9,High,1,1,13.1,WhatsApp,0
S0379,E019,Civil,2,2,54.9,High,1,1,0.6,WhatsApp,0
S0379,E036,Civil,2,2,54.9,High,1,1,9.8,WhatsApp,1
S0379,E023,Civil,2,2,54.9,High,1,1,8.3,WhatsApp,0
S0379,E016,Civil,2,2,54.9,High,1,1,3.8,Email,1
S0380,E007,IT,3,6,83.8,Medium,0,0,4.7,Email,0
S0380,E015,IT,3,6,83.8,Medium,1,1,4.3,Instagram,1
S0380,E034,IT,3,6,83.8,Medium,0,0,10.0,Email,0
S0380,E020,IT,3,6,83.8,Medium,1,1,13.9,Email,1
S0380,E033,IT,3,6,83.8,Medium,1,1,6.5,WhatsApp,1
S0381,E012,Computer Engineering,1,3,61.4,Medium,1,1,12.7,Email,0
S0381,E028,Computer Engineering,1,3,61.4,Medium,1,1,1.2,Instagram,0
S0381,E027,Computer Engineering,1,3,61.4,Medium,1,1,2.7,Instagram,1
S0381,E038,Computer Engineering,1,3,61.4,Medium,0,0,1.1,WhatsApp,0
S0381,E011,Computer Engineering,1,3,61.4,Medium,1,1,7.5,WhatsApp,1
S0382,E002,Mechanical,2,4,78.7,Medium,1,0,6.6,Instagram,1
S0382,E010,Mechanical,2,4,78.7,Medium,1,1,12.3,College Portal,1
S0382,E006,Mechanical,2,4,78.7,Medium,1,1,2.6,WhatsApp,1
S0382,E037,Mechanical,2,4,78.7,Medium,1,1,8.1,WhatsApp,1
S0382,E009,Mechanical,2,4,78.7,Medium,1,1,6.7,WhatsApp,1
S0383,E038,Mechanical,4,5,87.3,Medium,0,0,1.8,Email,0
S0383,E015,Mechanical,4,5,87.3,Medium,1,1,1.6,Instagram,1
S0383,E024,Mechanical,4,5,87.3,Medium,1,1,7.2,WhatsApp,1
S0383,E031,Mechanical,4,5,87.3,Medium,1,1,1.8,WhatsApp,1
S0383,E016,Mechanical,4,5,87.3,Medium,1,1,7.0,WhatsApp,1
S0384,E020,Civil,1,4,95.0,High,1,1,0.5,Email,1
S0384,E040,Civil,1,4,95.0,High,1,1,17.5,Email,1
S0384,E032,Civil,1,4,95.0,High,1,1,11.0,WhatsApp,1
S0384,E005,Civil,1,4,95.0,High,1,1,11.7,College Portal,1
S0384,E006,Civil,1,4,95.0,High,1,1,17.0,WhatsApp,1
S0385,E027,Mechanical,3,4,93.3,Low,1,0,17.1,Email,1
S0385,E002,Mechanical,3,4,93.3,Low,0,0,9.9,College Portal,0
S0385,E003,Mechanical,3,4,93.3,Low,1,1,11.9,WhatsApp,0
S0385,E032,Mechanical,3,4,93.3,Low,0,0,5.4,College Portal,0
S0385,E024,Mechanical,3,4,93.3,Low,1,1,6.1,WhatsApp,1
S0386,E016,Civil,2,2,86.0,Medium,1,0,17.4,Email,0
S0386,E015,Civil,2,2,86.0,Medium,1,1,17.8,WhatsApp,1
S0386,E013,Civil,2,2,86.0,Medium,1,1,5.8,Email,0
S0386,E008,Civil,2,2,86.0,Medium,1,1,12.5,Instagram,1
S0386,E001,Civil,2,2,86.0,Medium,1,1,0.8,Email,1
S0387,E001,IT,3,3,92.5,High,1,1,13.3,Instagram,1
S0387,E022,IT,3,3,92.5,High,1,0,6.1,Email,0
S0387,E038,IT,3,3,92.5,High,0,0,2.1,Email,0
S0387,E029,IT,3,3,92.5,High,1,1,16.5,College Portal,1
S0387,E040,IT,3,3,92.5,High,0,0,6.7,Email,0
S0388,E027,Computer Engineering,1,2,50.5,Medium,1,1,4.2,WhatsApp,0
S0388,E028,Computer Engineering,1,2,50.5,Medium,1,1,11.2,College Portal,1
S0388,E037,Computer Engineering,1,2,50.5,Medium,1,1,9.7,Instagram,0
S0388,E013,Computer Engineering,1,2,50.5,Medium,0,0,5.4,WhatsApp,0
S0388,E032,Computer Engineering,1,2,50.5,Medium,1,1,15.3,Email,1
S0389,E034,Mechanical,4,1,82.2,Medium,1,1,15.7,College Portal,1
S0389,E023,Mechanical,4,1,82.2,Medium,1,1,7.1,WhatsApp,0
S0389,E033,Mechanical,4,1,82.2,Medium,1,1,11.8,WhatsApp,0
S0389,E009,Mechanical,4,1,82.2,Medium,0,0,14.0,College Portal,0
S0389,E036,Mechanical,4,1,82.2,Medium,1,1,17.2,College Portal,1
S0390,E007,Civil,2,3,97.6,Medium,1,1,4.9,Email,1
S0390,E012,Civil,2,3,97.6,Medium,1,1,13.9,WhatsApp,1
S0390,E011,Civil,2,3,97.6,Medium,1,1,8.8,College Portal,1
S0390,E040,Civil,2,3,97.6,Medium,1,1,6.2,Instagram,1
S0390,E022,Civil,2,3,97.6,Medium,1,1,12.2,College Portal,0
S0391,E016,Electrical,1,4,64.6,High,1,1,3.1,Email,1
S0391,E020,Electrical,1,4,64.6,High,1,1,15.8,WhatsApp,1
S0391,E010,Electrical,1,4,64.6,High,1,1,0.9,College Portal,1
S0391,E015,Electrical,1,4,64.6,High,1,1,9.3,WhatsApp,1
S0391,E013,Electrical,1,4,64.6,High,1,1,12.8,WhatsApp,1
S0392,E035,IT,1,4,89.3,High,1,1,5.4,College Portal,1
S0392,E001,IT,1,4,89.3,High,1,1,9.4,Instagram,1
S0392,E027,IT,1,4,89.3,High,1,1,6.2,Email,1
S0392,E003,IT,1,4,89.3,High,1,1,8.9,Email,1
S0392,E021,IT,1,4,89.3,High,1,1,6.6,Email,0
S0393,E018,IT,1,7,62.5,High,1,1,9.9,WhatsApp,1
S0393,E024,IT,1,7,62.5,High,1,1,3.7,Email,1
S0393,E005,IT,1,7,62.5,High,1,1,14.8,WhatsApp,1
S0393,E006,IT,1,7,62.5,High,0,0,11.4,WhatsApp,0
S0393,E031,IT,1,7,62.5,High,1,0,5.8,College Portal,1
S0394,E039,Civil,2,2,75.9,Medium,1,1,13.9,Email,0
S0394,E014,Civil,2,2,75.9,Medium,1,1,17.1,WhatsApp,1
S0394,E019,Civil,2,2,75.9,Medium,1,1,1.0,College Portal,0
S0394,E018,Civil,2,2,75.9,Medium,0,0,15.5,WhatsApp,0
S0394,E037,Civil,2,2,75.9,Medium,0,0,1.0,Email,0
S0395,E029,IT,2,5,59.8,High,1,1,16.8,Email,1
S0395,E032,IT,2,5,59.8,High,1,1,7.6,College Portal,1
S0395,E002,IT,2,5,59.8,High,1,1,1.5,College Portal,1
S0395,E015,IT,2,5,59.8,High,0,0,3.6,WhatsApp,0
S0395,E026,IT,2,5,59.8,High,1,0,5.9,Instagram,1
S0396,E029,Electrical,4,8,74.0,Low,1,1,11.4,College Portal,0
S0396,E008,Electrical,4,8,74.0,Low,0,0,7.9,College Portal,0
S0396,E007,Electrical,4,8,74.0,Low,1,1,17.8,Instagram,1
S0396,E010,Electrical,4,8,74.0,Low,1,0,13.6,College Portal,1
S0396,E002,Electrical,4,8,74.0,Low,1,1,9.1,WhatsApp,1
S0397,E035,Civil,2,9,68.3,Low,1,1,3.7,WhatsApp,1
S0397,E032,Civil,2,9,68.3,Low,1,1,2.6,Email,1
S0397,E020,Civil,2,9,68.3,Low,1,1,10.0,Email,1
S0397,E013,Civil,2,9,68.3,Low,1,1,6.9,College Portal,0
S0397,E025,Civil,2,9,68.3,Low,1,1,15.7,College Portal,0
S0398,E008,IT,1,2,67.8,High,1,1,11.3,College Portal,1
S0398,E019,IT,1,2,67.8,High,0,0,5.0,WhatsApp,0
S0398,E015,IT,1,2,67.8,High,1,1,4.7,Email,1
S0398,E011,IT,1,2,67.8,High,1,0,1.7,Email,1
S0398,E004,IT,1,2,67.8,High,0,0,2.0,College Portal,0
S0399,E025,Mechanical,3,4,76.7,Low,1,1,0.6,Email,1
S0399,E039,Mechanical,3,4,76.7,Low,1,1,3.9,WhatsApp,1
S0399,E017,Mechanical,3,4,76.7,Low,1,1,12.5,Email,0
S0399,E008,Mechanical,3,4,76.7,Low,0,0,8.2,WhatsApp,0
S0399,E032,Mechanical,3,4,76.7,Low,1,1,1.2,WhatsApp,0
S0400,E037,Mechanical,3,4,69.4,Low,0,0,4.6,WhatsApp,0
S0400,E038,Mechanical,3,4,69.4,Low,1,1,3.8,College Portal,1
S0400,E013,Mechanical,3,4,69.4,Low,1,1,15.9,College Portal,1
S0400,E001,Mechanical,3,4,69.4,Low,1,1,11.7,WhatsApp,1
S0400,E002,Mechanical,3,4,69.4,Low,1,0,7.3,WhatsApp,0
S0401,E019,Computer Engineering,1,6,83.2,Medium,1,1,14.0,Email,1
S0401,E006,Computer Engineering,1,6,83.2,Medium,1,1,4.5,College Portal,1
S0401,E040,Computer Engineering,1,6,83.2,Medium,1,1,8.3,WhatsApp,1
S0401,E022,Computer Engineering,1,6,83.2,Medium,1,1,5.7,Email,1
S0401,E030,Computer Engineering,1,6,83.2,Medium,1,1,1.4,College Portal,0
S0402,E039,Electrical,1,5,56.0,Medium,0,0,13.4,WhatsApp,0
S0402,E004,Electrical,1,5,56.0,Medium,1,0,9.8,WhatsApp,0
S0402,E026,Electrical,1,5,56.0,Medium,0,0,10.8,Email,0
S0402,E016,Electrical,1,5,56.0,Medium,1,0,2.0,WhatsApp,1
S0402,E031,Electrical,1,5,56.0,Medium,1,0,11.3,WhatsApp,1
S0403,E021,Electronics,1,1,79.0,High,1,1,3.9,WhatsApp,0
S0403,E032,Electronics,1,1,79.0,High,0,0,15.7,College Portal,0
S0403,E019,Electronics,1,1,79.0,High,1,1,7.0,WhatsApp,1
S0403,E028,Electronics,1,1,79.0,High,1,1,16.6,WhatsApp,0
S0403,E023,Electronics,1,1,79.0,High,1,1,11.1,Email,0
S0404,E029,Civil,3,2,57.3,,1,1,6.3,WhatsApp,0
S0404,E015,Civil,3,2,57.3,Medium,1,1,1.4,Email,1
S0404,E018,Civil,3,2,57.3,Medium,1,1,6.8,WhatsApp,1
S0404,E036,Civil,3,2,57.3,Medium,1,1,16.6,WhatsApp,1
S0404,E009,Civil,3,2,57.3,Medium,0,0,16.7,Email,0
S0405,E026,IT,3,6,71.4,Medium,1,1,14.4,WhatsApp,1
S0405,E012,IT,3,6,71.4,Medium,1,0,16.3,WhatsApp,0
S0405,E024,IT,3,6,71.4,Medium,1,1,5.4,Instagram,0
S0405,E001,IT,3,6,71.4,Medium,1,1,8.1,WhatsApp,1
S0405,E035,IT,3,6,71.4,Medium,1,1,14.6,College Portal,0
S0406,E028,Electrical,2,5,64.3,Medium,1,1,7.6,WhatsApp,1
S0406,E023,Electrical,2,5,64.3,Medium,1,1,10.8,Email,1
S0406,E021,Electrical,2,5,64.3,Medium,0,0,6.3,WhatsApp,0
S0406,E034,Electrical,2,5,64.3,Medium,1,1,2.4,College Portal,0
S0406,E007,Electrical,2,5,64.3,Medium,1,1,7.7,Instagram,1
S0407,E007,IT,4,4,82.7,High,1,1,6.1,College Portal,1
S0407,E012,IT,4,4,82.7,High,1,1,15.6,Instagram,1
S0407,E001,IT,4,4,82.7,High,1,1,7.5,Email,1
S0407,E016,IT,4,4,82.7,High,1,1,14.6,College Portal,1
S0407,E009,IT,4,4,82.7,High,1,1,16.8,WhatsApp,1
S0408,E026,Computer Engineering,4,5,76.9,High,1,1,11.9,WhatsApp,1
S0408,E010,Computer Engineering,4,5,76.9,High,1,1,7.0,Instagram,1
S0408,E011,Computer Engineering,4,5,76.9,High,0,0,11.6,WhatsApp,0
S0408,E008,Computer Engineering,4,5,76.9,High,1,1,2.8,Email,1
S0408,E017,Computer Engineering,4,5,76.9,High,1,1,5.6,College Portal,1
S0409,E001,Electrical,3,4,55.4,Medium,1,1,3.0,College Portal,1
S0409,E010,Electrical,3,4,55.4,Medium,1,1,6.4,Email,0
S0409,E021,Electrical,3,4,55.4,Medium,1,1,3.6,Email,1
S0409,E027,Electrical,3,4,55.4,Medium,1,1,1.2,Email,1
S0409,E005,Electrical,3,4,55.4,Medium,1,1,0.6,College Portal,1
S0410,E036,Computer Engineering,4,4,94.1,High,1,1,13.2,WhatsApp,1
S0410,E025,Computer Engineering,4,4,94.1,High,1,1,5.3,Email,1
S0410,E018,Computer Engineering,4,4,94.1,High,1,1,4.0,Email,1
S0410,E011,Computer Engineering,4,4,94.1,High,0,0,2.9,WhatsApp,0
S0410,E034,Computer Engineering,4,4,94.1,High,1,1,17.0,WhatsApp,1
S0411,E009,IT,1,1,85.9,High,1,1,3.1,Instagram,1
S0411,E018,IT,1,1,85.9,High,1,1,5.5,WhatsApp,1
S0411,E022,IT,1,1,85.9,High,1,1,6.4,Instagram,1
S0411,E006,IT,1,1,85.9,High,1,1,9.2,College Portal,1
S0411,E001,IT,1,1,85.9,High,0,0,6.7,WhatsApp,0
S0412,E039,Electrical,1,8,83.8,Low,1,1,10.1,Email,1
S0412,E025,Electrical,1,8,83.8,Low,1,1,4.4,Email,1
S0412,E036,Electrical,1,8,83.8,Low,1,1,11.0,College Portal,1
S0412,E010,Electrical,1,8,83.8,Low,1,0,5.7,WhatsApp,0
S0412,E012,Electrical,1,8,83.8,Low,1,1,12.7,Instagram,0
S0413,E028,Electrical,1,2,73.7,Low,0,0,0.7,College Portal,0
S0413,E030,Electrical,1,2,73.7,Low,0,0,1.7,Instagram,0
S0413,E026,Electrical,1,2,73.7,Low,1,1,8.7,WhatsApp,1
S0413,E033,Electrical,1,2,73.7,Low,1,1,14.3,College Portal,1
S0413,E019,Electrical,1,2,73.7,Low,0,0,9.6,College Portal,0
S0414,E037,Electronics,1,4,70.2,Low,1,1,11.6,WhatsApp,1
S0414,E031,Electronics,1,4,70.2,Low,1,1,3.1,Email,1
S0414,E022,Electronics,1,4,70.2,Low,1,1,13.1,WhatsApp,0
S0414,E021,Electronics,1,4,70.2,Low,1,1,11.5,WhatsApp,0
S0414,E027,Electronics,1,4,70.2,Low,1,1,17.8,Email,1
S0415,E021,Mechanical,2,7,84.8,High,1,1,4.5,College Portal,1
S0415,E004,Mechanical,2,7,84.8,High,1,1,6.1,Instagram,1
S0415,E010,Mechanical,2,7,84.8,High,0,0,13.1,Email,0
S0415,E039,Mechanical,2,7,84.8,High,1,1,12.8,WhatsApp,1
S0415,E001,Mechanical,2,7,84.8,High,0,0,17.1,Instagram,0
S0416,E011,IT,4,6,68.8,Low,0,0,3.3,Instagram,0
S0416,E035,IT,4,6,68.8,Low,1,1,9.1,Email,1
S0416,E022,IT,4,6,68.8,Low,1,1,6.8,College Portal,1
S0416,E027,IT,4,6,68.8,Low,1,1,12.8,WhatsApp,1
S0416,E015,IT,4,6,68.8,Low,1,1,6.8,WhatsApp,1
S0417,E039,IT,1,3,93.0,Medium,1,1,3.9,College Portal,1
S0417,E015,IT,1,3,93.0,Medium,1,1,4.7,Instagram,0
S0417,E024,IT,1,3,93.0,Medium,1,1,10.8,College Portal,1
S0417,E006,IT,1,3,93.0,Medium,1,1,1.8,WhatsApp,1
S0417,E023,IT,1,3,93.0,Medium,0,0,5.5,College Portal,0
S0418,E020,IT,1,5,70.2,Low,0,0,10.1,WhatsApp,0
S0418,E005,IT,1,5,70.2,Low,1,1,7.0,Email,1
S0418,E021,IT,1,5,70.2,Low,1,1,14.9,WhatsApp,1
S0418,E033,IT,1,5,70.2,Low,1,1,6.1,Email,1
S0418,E034,IT,1,5,70.2,Low,1,1,2.4,College Portal,1
S0419,E026,Mechanical,2,5,74.9,High,1,1,16.9,College Portal,1
S0419,E040,Mechanical,2,5,74.9,High,1,1,15.9,Email,0
S0419,E005,Mechanical,2,5,74.9,High,1,1,10.4,WhatsApp,1
S0419,E004,Mechanical,2,5,74.9,High,1,1,10.6,College Portal,1
S0419,E030,Mechanical,2,5,74.9,High,1,1,6.9,WhatsApp,1
S0420,E034,Mechanical,4,3,69.2,Medium,1,1,11.6,Instagram,0
S0420,E007,Mechanical,4,3,69.2,Medium,0,0,5.0,WhatsApp,0
S0420,E025,Mechanical,4,3,69.2,Medium,1,1,13.0,Instagram,1
S0420,E022,Mechanical,4,3,69.2,Medium,0,0,0.9,WhatsApp,0
S0420,E021,Mechanical,4,3,69.2,Medium,1,1,16.5,College Portal,1
S0421,E035,Civil,2,3,44.4,High,0,0,16.1,College Portal,0
S0421,E039,Civil,2,3,44.4,High,1,1,16.2,Email,1
S0421,E017,Civil,2,3,44.4,High,1,0,15.7,College Portal,0
S0421,E001,Civil,2,3,44.4,High,1,1,7.8,Email,1
S0421,E026,Civil,2,3,44.4,High,0,0,8.7,Email,0
S0422,E031,Civil,2,5,70.9,High,1,1,16.3,WhatsApp,0
S0422,E013,Civil,2,5,70.9,High,1,1,10.2,College Portal,1
S0422,E033,Civil,2,5,70.9,High,1,1,6.6,Email,1
S0422,E021,Civil,2,5,70.9,High,1,1,5.6,WhatsApp,1
S0422,E004,Civil,2,5,70.9,High,1,0,6.4,College Portal,1
S0423,E008,Computer Engineering,1,1,82.5,Low,1,1,5.0,WhatsApp,0
S0423,E012,Computer Engineering,1,1,82.5,Low,1,1,3.8,Email,1
S0423,E023,Computer Engineering,1,1,82.5,Low,1,1,16.9,College Portal,0
S0423,E026,Computer Engineering,1,1,82.5,Low,1,1,16.0,WhatsApp,1
S0423,E003,Computer Engineering,1,1,82.5,Low,1,1,12.2,College Portal,1
S0424,E040,Electronics,1,4,66.9,Medium,0,0,5.7,WhatsApp,0
S0424,E007,Electronics,1,4,66.9,Medium,1,1,12.2,Email,0
S0424,E004,Electronics,1,4,66.9,Medium,1,1,14.6,WhatsApp,1
S0424,E021,Electronics,1,4,66.9,Medium,1,1,11.2,WhatsApp,1
S0424,E015,Electronics,1,4,66.9,Medium,1,1,15.2,Email,1
S0425,E018,Computer Engineering,4,2,47.0,Low,1,1,16.5,WhatsApp,1
S0425,E007,Computer Engineering,4,2,47.0,Low,0,0,17.5,Email,0
S0425,E040,Computer Engineering,4,2,47.0,Low,1,1,1.2,Email,0
S0425,E011,Computer Engineering,4,2,47.0,Low,1,1,15.1,Instagram,1
S0425,E038,Computer Engineering,4,2,47.0,Low,0,0,6.6,Instagram,0
S0426,E034,Electronics,4,1,97.1,High,1,1,12.8,Instagram,1
S0426,E040,Electronics,4,1,97.1,High,1,1,13.0,WhatsApp,0
S0426,E035,Electronics,4,1,97.1,High,1,1,14.2,Instagram,1
S0426,E004,Electronics,4,1,97.1,High,1,1,10.5,Email,1
S0426,E024,Electronics,4,1,97.1,High,1,1,12.3,WhatsApp,1
S0427,E006,IT,1,2,75.2,Medium,1,1,4.6,Email,1
S0427,E009,IT,1,2,75.2,Medium,1,1,10.5,Instagram,1
S0427,E001,IT,1,2,75.2,Medium,1,1,9.7,Email,1
S0427,E028,IT,1,2,75.2,Medium,1,1,5.5,WhatsApp,1
S0427,E037,IT,1,2,75.2,Medium,1,1,13.7,WhatsApp,1
S0428,E001,Electrical,4,4,86.5,Low,1,1,5.5,WhatsApp,1
S0428,E024,Electrical,4,4,86.5,Low,0,0,11.4,WhatsApp,0
S0428,E017,Electrical,4,4,86.5,Low,1,1,16.8,WhatsApp,1
S0428,E016,Electrical,4,4,86.5,Low,1,1,5.1,Email,0
S0428,E014,Electrical,4,4,86.5,Low,1,1,17.5,Instagram,0
S0429,E025,IT,3,4,67.1,Low,1,0,5.3,WhatsApp,0
S0429,E008,IT,3,4,67.1,Low,0,0,14.9,Instagram,0
S0429,E035,IT,3,4,67.1,Low,1,1,,Email,1
S0429,E040,IT,3,4,67.1,Low,1,0,11.1,Instagram,0
S0429,E028,IT,3,4,67.1,Low,1,1,6.6,College Portal,1
S0430,E040,Computer Engineering,4,2,47.2,,1,1,16.4,WhatsApp,1
S0430,E005,Computer Engineering,4,2,47.2,Medium,1,1,0.8,WhatsApp,1
S0430,E017,Computer Engineering,4,2,47.2,,1,1,6.6,WhatsApp,0
S0430,E021,Computer Engineering,4,2,47.2,Medium,1,1,0.9,Email,1
S0430,E026,Computer Engineering,4,2,47.2,Medium,1,1,5.7,Email,0
S0431,E032,Computer Engineering,2,9,59.5,High,0,0,4.6,Instagram,0
S0431,E008,Computer Engineering,2,9,59.5,High,1,1,8.8,Email,1
S0431,E028,Computer Engineering,2,9,59.5,High,1,0,10.0,WhatsApp,1
S0431,E021,Computer Engineering,2,9,59.5,High,0,0,8.9,Instagram,0
S0431,E026,Computer Engineering,2,9,59.5,High,1,1,14.1,WhatsApp,1
S0432,E030,Civil,2,4,80.5,Medium,1,1,14.9,WhatsApp,1
S0432,E013,Civil,2,4,80.5,Medium,1,1,10.5,College Portal,1
S0432,E002,Civil,2,4,80.5,Medium,1,1,8.0,Email,0
S0432,E023,Civil,2,4,80.5,Medium,1,1,16.8,WhatsApp,1
S0432,E034,Civil,2,4,80.5,Medium,1,0,17.8,WhatsApp,0
S0433,E039,Electronics,2,5,93.4,High,0,0,1.3,Instagram,0
S0433,E036,Electronics,2,5,93.4,High,0,0,9.9,Instagram,0
S0433,E037,Electronics,2,5,93.4,High,1,0,2.1,WhatsApp,0
S0433,E034,Electronics,2,5,93.4,High,1,1,8.0,WhatsApp,1
S0433,E006,Electronics,2,5,93.4,High,1,1,3.9,WhatsApp,0
S0434,E019,Computer Engineering,3,4,75.0,Medium,1,1,12.9,WhatsApp,1
S0434,E013,Computer Engineering,3,4,75.0,Medium,1,1,8.0,WhatsApp,0
S0434,E014,Computer Engineering,3,4,75.0,Medium,1,1,3.1,WhatsApp,0
S0434,E006,Computer Engineering,3,4,75.0,Medium,1,1,9.2,College Portal,1
S0434,E027,Computer Engineering,3,4,75.0,Medium,1,1,15.3,WhatsApp,0
S0435,E015,Computer Engineering,1,3,79.5,Low,1,1,6.3,WhatsApp,1
S0435,E030,Computer Engineering,1,3,79.5,Low,0,0,9.0,WhatsApp,0
S0435,E027,Computer Engineering,1,3,79.5,Low,1,1,10.3,WhatsApp,1
S0435,E008,Computer Engineering,1,3,79.5,Low,1,1,1.3,WhatsApp,1
S0435,E021,Computer Engineering,1,3,79.5,Low,1,1,11.6,WhatsApp,0
S0436,E016,Mechanical,1,6,78.0,High,1,1,7.3,WhatsApp,1
S0436,E035,Mechanical,1,6,78.0,High,1,1,17.2,Instagram,1
S0436,E020,Mechanical,1,6,78.0,High,1,1,17.8,Email,1
S0436,E005,Mechanical,1,6,78.0,High,1,1,17.2,College Portal,1
S0436,E034,Mechanical,1,6,78.0,High,1,1,6.8,WhatsApp,1
S0437,E034,Computer Engineering,2,5,88.7,Low,0,0,15.3,Email,0
S0437,E026,Computer Engineering,2,5,88.7,Low,1,1,5.5,WhatsApp,1
S0437,E039,Computer Engineering,2,5,88.7,Low,0,0,11.0,College Portal,0
S0437,E001,Computer Engineering,2,5,88.7,Low,1,1,5.6,WhatsApp,1
S0437,E033,Computer Engineering,2,5,88.7,Low,1,1,15.4,WhatsApp,1
S0438,E014,Civil,3,5,40.7,High,1,1,11.8,Instagram,1
S0438,E001,Civil,3,5,40.7,High,0,0,5.8,Email,0
S0438,E010,Civil,3,5,40.7,High,1,1,1.4,Instagram,0
S0438,E020,Civil,3,5,40.7,High,1,1,14.3,WhatsApp,0
S0438,E039,Civil,3,5,40.7,High,1,1,4.7,Email,1
S0439,E004,Mechanical,1,4,74.4,Medium,1,1,9.4,Email,1
S0439,E013,Mechanical,1,4,74.4,Medium,1,1,14.5,College Portal,1
S0439,E014,Mechanical,1,4,74.4,Medium,1,1,11.0,WhatsApp,1
S0439,E032,Mechanical,1,4,74.4,Medium,1,1,5.2,College Portal,1
S0439,E024,Mechanical,1,4,74.4,Medium,1,1,5.4,Instagram,1
S0440,E005,Computer Engineering,3,4,55.5,Low,1,1,14.1,WhatsApp,0
S0440,E009,Computer Engineering,3,4,55.5,Low,1,0,1.1,WhatsApp,1
S0440,E019,Computer Engineering,3,4,55.5,Low,0,0,15.8,College Portal,0
S0440,E026,Computer Engineering,3,4,55.5,Low,1,1,5.5,College Portal,1
S0440,E037,Computer Engineering,3,4,55.5,Low,1,1,5.5,Email,0
S0441,E017,Computer Engineering,4,3,82.6,Medium,1,1,17.4,WhatsApp,1
S0441,E031,Computer Engineering,4,3,82.6,Medium,0,0,11.0,Email,0
S0441,E012,Computer Engineering,4,3,82.6,Medium,1,1,6.4,WhatsApp,1
S0441,E004,Computer Engineering,4,3,82.6,Medium,1,1,5.6,College Portal,0
S0441,E021,Computer Engineering,4,3,82.6,Medium,1,1,7.3,Email,1
S0442,E013,Electrical,1,1,90.4,High,1,1,7.3,WhatsApp,1
S0442,E004,Electrical,1,1,90.4,High,1,1,13.7,Email,1
S0442,E018,Electrical,1,1,90.4,High,1,1,7.3,Instagram,1
S0442,E002,Electrical,1,1,90.4,High,1,1,1.1,WhatsApp,1
S0442,E016,Electrical,1,1,90.4,High,1,1,17.8,College Portal,0
S0443,E024,IT,3,1,54.6,High,1,1,9.4,WhatsApp,1
S0443,E022,IT,3,1,54.6,High,0,0,6.7,WhatsApp,0
S0443,E011,IT,3,1,54.6,High,1,1,16.5,Instagram,1
S0443,E001,IT,3,1,54.6,High,1,1,6.6,WhatsApp,1
S0443,E040,IT,3,1,54.6,High,1,1,11.0,WhatsApp,1
S0444,E033,IT,2,5,96.2,Low,1,1,15.3,WhatsApp,1
S0444,E038,IT,2,5,96.2,Low,1,1,6.5,College Portal,1
S0444,E003,IT,2,5,96.2,Low,1,1,10.8,College Portal,1
S0444,E023,IT,2,5,96.2,Low,0,0,4.6,WhatsApp,0
S0444,E017,IT,2,5,96.2,Low,1,1,11.9,WhatsApp,1
S0445,E018,Civil,4,6,48.4,Low,1,1,11.2,WhatsApp,1
S0445,E039,Civil,4,6,48.4,Low,1,1,0.6,Email,1
S0445,E030,Civil,4,6,48.4,Low,1,1,1.3,Instagram,1
S0445,E040,Civil,4,6,48.4,Low,1,1,0.7,WhatsApp,1
S0445,E037,Civil,4,6,48.4,Low,1,1,14.5,Instagram,0
S0446,E029,Electrical,1,6,92.6,Medium,1,1,17.5,WhatsApp,1
S0446,E022,Electrical,1,6,92.6,Medium,1,1,6.8,WhatsApp,1
S0446,E011,Electrical,1,6,92.6,Medium,1,0,14.4,Email,1
S0446,E040,Electrical,1,6,92.6,Medium,1,1,2.4,WhatsApp,1
S0446,E017,Electrical,1,6,92.6,Medium,0,0,14.5,Email,0
S0447,E009,Electrical,3,3,95.1,Medium,0,0,0.9,College Portal,0
S0447,E031,Electrical,3,3,95.1,Medium,1,1,4.3,College Portal,1
S0447,E001,Electrical,3,3,95.1,Medium,1,1,12.1,Email,1
S0447,E037,Electrical,3,3,95.1,Medium,1,1,6.0,WhatsApp,1
S0447,E017,Electrical,3,3,95.1,Medium,0,0,11.7,WhatsApp,0
S0448,E027,Mechanical,4,6,37.2,High,1,1,6.2,WhatsApp,1
S0448,E012,Mechanical,4,6,37.2,High,1,1,12.8,WhatsApp,1
S0448,E028,Mechanical,4,6,37.2,High,1,1,7.4,Instagram,1
S0448,E016,Mechanical,4,6,37.2,High,1,1,15.4,Instagram,1
S0448,E021,Mechanical,4,6,37.2,High,1,0,7.6,Email,0
S0449,E035,IT,4,5,86.8,Low,1,0,2.5,Instagram,1
S0449,E007,IT,4,5,86.8,Low,1,1,14.1,WhatsApp,1
S0449,E037,IT,4,5,86.8,Low,0,0,1.2,WhatsApp,0
S0449,E020,IT,4,5,86.8,Low,1,0,13.8,WhatsApp,0
S0449,E014,IT,4,5,86.8,Low,0,0,1.7,WhatsApp,0
S0450,E021,Computer Engineering,3,6,87.4,High,1,1,10.6,Instagram,1
S0450,E022,Computer Engineering,3,6,87.4,High,1,1,14.3,Instagram,1
S0450,E029,Computer Engineering,3,6,87.4,High,1,0,2.8,College Portal,1
S0450,E016,Computer Engineering,3,6,87.4,High,1,1,17.1,WhatsApp,1
S0450,E032,Computer Engineering,3,6,87.4,High,0,0,11.5,WhatsApp,0
S0451,E040,Civil,2,1,47.8,Medium,0,0,14.4,Email,0
S0451,E027,Civil,2,1,47.8,Medium,0,0,8.8,WhatsApp,0
S0451,E030,Civil,2,1,47.8,Medium,1,1,10.5,Email,1
S0451,E029,Civil,2,1,47.8,Medium,0,0,12.1,WhatsApp,0
S0451,E017,Civil,2,1,47.8,Medium,1,1,5.5,College Portal,0
S0452,E016,Electronics,3,3,52.3,High,1,1,6.1,Instagram,1
S0452,E024,Electronics,3,3,52.3,High,0,0,4.9,WhatsApp,0
S0452,E039,Electronics,3,3,52.3,High,1,1,12.7,WhatsApp,0
S0452,E032,Electronics,3,3,52.3,High,1,1,9.5,College Portal,0
S0452,E035,Electronics,3,3,52.3,High,0,0,10.9,WhatsApp,0
S0453,E025,IT,4,3,60.4,Medium,1,1,3.7,College Portal,1
S0453,E035,IT,4,3,60.4,Medium,1,1,3.8,WhatsApp,1
S0453,E012,IT,4,3,60.4,Medium,0,0,2.4,College Portal,0
S0453,E021,IT,4,3,60.4,Medium,1,1,15.5,College Portal,1
S0453,E037,IT,4,3,60.4,Medium,1,1,6.6,WhatsApp,1
S0454,E038,Electrical,3,6,76.7,Medium,1,1,17.2,WhatsApp,0
S0454,E021,Electrical,3,6,76.7,Medium,1,1,9.4,WhatsApp,1
S0454,E036,Electrical,3,6,76.7,Medium,1,1,2.7,WhatsApp,1
S0454,E011,Electrical,3,6,76.7,Medium,1,1,5.4,WhatsApp,0
S0454,E006,Electrical,3,6,76.7,Medium,1,1,12.4,WhatsApp,0
S0455,E033,Computer Engineering,1,2,71.5,High,0,0,17.7,College Portal,0
S0455,E039,Computer Engineering,1,2,71.5,High,0,0,1.9,College Portal,0
S0455,E012,Computer Engineering,1,2,71.5,High,1,1,5.5,WhatsApp,1
S0455,E024,Computer Engineering,1,2,71.5,High,1,1,9.8,WhatsApp,1
S0455,E026,Computer Engineering,1,2,71.5,High,0,0,17.1,Email,0
S0456,E031,Electronics,4,9,80.2,Medium,1,1,8.1,WhatsApp,1
S0456,E010,Electronics,4,9,80.2,Medium,1,1,4.9,College Portal,1
S0456,E026,Electronics,4,9,80.2,Medium,1,1,2.0,WhatsApp,1
S0456,E029,Electronics,4,9,80.2,Medium,0,0,8.6,WhatsApp,0
S0456,E012,Electronics,4,9,80.2,Medium,1,1,12.2,WhatsApp,1
S0457,E022,Computer Engineering,3,4,79.4,High,1,0,12.8,Email,1
S0457,E011,Computer Engineering,3,4,79.4,High,0,0,11.6,Email,0
S0457,E025,Computer Engineering,3,4,79.4,High,1,1,13.2,WhatsApp,1
S0457,E037,Computer Engineering,3,4,79.4,High,1,1,4.0,WhatsApp,1
S0457,E040,Computer Engineering,3,4,79.4,High,1,1,16.7,College Portal,1
S0458,E019,IT,3,3,79.9,High,1,0,5.7,Instagram,1
S0458,E013,IT,3,3,79.9,High,0,0,1.4,Email,0
S0458,E004,IT,3,3,79.9,High,0,0,1.2,WhatsApp,0
S0458,E006,IT,3,3,79.9,High,1,1,12.9,WhatsApp,0
S0458,E034,IT,3,3,79.9,High,0,0,12.5,Email,0
S0459,E013,Computer Engineering,1,5,80.7,Medium,1,1,10.7,WhatsApp,1
S0459,E022,Computer Engineering,1,5,80.7,Medium,0,0,14.4,WhatsApp,0
S0459,E033,Computer Engineering,1,5,80.7,Medium,1,1,9.5,WhatsApp,1
S0459,E037,Computer Engineering,1,5,80.7,Medium,0,0,17.5,WhatsApp,0
S0459,E026,Computer Engineering,1,5,80.7,Medium,1,1,7.1,WhatsApp,0
S0460,E018,Computer Engineering,3,5,72.3,Medium,1,1,4.1,WhatsApp,1
S0460,E005,Computer Engineering,3,5,72.3,Medium,0,0,16.8,WhatsApp,0
S0460,E028,Computer Engineering,3,5,72.3,Medium,1,0,14.3,WhatsApp,0
S0460,E034,Computer Engineering,3,5,72.3,Medium,0,0,9.8,Instagram,0
S0460,E029,Computer Engineering,3,5,72.3,Medium,1,1,5.3,Email,1
S0461,E021,Computer Engineering,2,2,72.6,Low,1,1,8.4,WhatsApp,1
S0461,E034,Computer Engineering,2,2,72.6,Low,1,1,11.9,Instagram,0
S0461,E033,Computer Engineering,2,2,72.6,Low,1,1,13.4,Instagram,0
S0461,E014,Computer Engineering,2,2,72.6,Low,0,0,15.3,College Portal,0
S0461,E009,Computer Engineering,2,2,72.6,Low,1,1,4.6,Email,1
S0462,E021,Mechanical,3,3,87.0,Low,0,0,13.2,WhatsApp,0
S0462,E036,Mechanical,3,3,87.0,Low,1,1,5.8,WhatsApp,0
S0462,E014,Mechanical,3,3,87.0,Low,1,1,17.0,Instagram,0
S0462,E037,Mechanical,3,3,87.0,Low,1,1,17.5,College Portal,0
S0462,E018,Mechanical,3,3,87.0,Low,1,1,10.2,Email,1
S0463,E030,Mechanical,1,5,92.1,Medium,1,1,12.6,College Portal,0
S0463,E034,Mechanical,1,5,92.1,Medium,1,1,17.4,Email,1
S0463,E029,Mechanical,1,5,92.1,Medium,1,1,5.7,WhatsApp,1
S0463,E003,Mechanical,1,5,92.1,Medium,0,0,4.9,College Portal,0
S0463,E024,Mechanical,1,5,92.1,Medium,1,1,17.5,Email,1
S0464,E033,Electronics,3,4,72.6,Low,1,1,13.4,WhatsApp,1
S0464,E004,Electronics,3,4,72.6,Low,1,1,15.8,College Portal,0
S0464,E022,Electronics,3,4,72.6,Low,1,1,13.6,College Portal,0
S0464,E015,Electronics,3,4,72.6,Low,1,1,10.5,WhatsApp,0
S0464,E037,Electronics,3,4,72.6,Low,0,0,14.5,Email,0
S0465,E019,Electrical,4,3,92.0,Medium,1,1,0.9,WhatsApp,0
S0465,E013,Electrical,4,3,92.0,Medium,1,1,4.9,WhatsApp,1
S0465,E026,Electrical,4,3,92.0,Medium,1,1,3.1,Email,1
S0465,E036,Electrical,4,3,92.0,Medium,1,1,9.9,WhatsApp,1
S0465,E027,Electrical,4,3,92.0,Medium,1,1,17.5,College Portal,1
S0466,E004,IT,1,1,84.0,Medium,1,0,3.5,WhatsApp,1
S0466,E024,IT,1,1,84.0,Medium,1,1,2.1,Instagram,1
S0466,E021,IT,1,1,84.0,Medium,0,0,13.5,Email,0
S0466,E010,IT,1,1,84.0,Medium,1,1,1.6,WhatsApp,1
S0466,E013,IT,1,1,84.0,Medium,1,1,8.9,WhatsApp,1
S0467,E035,IT,4,4,81.9,Medium,1,1,14.1,WhatsApp,0
S0467,E001,IT,4,4,81.9,Medium,1,0,0.8,Instagram,0
S0467,E020,IT,4,4,81.9,Medium,1,1,9.5,College Portal,0
S0467,E026,IT,4,4,81.9,Medium,1,1,4.7,WhatsApp,1
S0467,E034,IT,4,4,81.9,Medium,1,1,2.1,College Portal,1
S0468,E030,Civil,2,2,58.1,Medium,1,1,2.7,Email,1
S0468,E012,Civil,2,2,58.1,Medium,1,1,16.4,WhatsApp,1
S0468,E035,Civil,2,2,58.1,Medium,0,0,10.2,College Portal,0
S0468,E017,Civil,2,2,58.1,Medium,1,1,17.8,WhatsApp,0
S0468,E038,Civil,2,2,58.1,Medium,1,1,2.3,WhatsApp,1
S0469,E007,Computer Engineering,4,8,68.9,Low,1,1,6.2,College Portal,0
S0469,E012,Computer Engineering,4,8,68.9,Low,0,0,4.4,College Portal,0
S0469,E016,Computer Engineering,4,8,68.9,Low,0,0,17.0,Instagram,0
S0469,E010,Computer Engineering,4,8,68.9,Low,1,1,11.3,College Portal,1
S0469,E028,Computer Engineering,4,8,68.9,Low,1,0,2.0,WhatsApp,0
S0470,E023,Electrical,3,7,83.0,Low,1,1,2.0,WhatsApp,0
S0470,E004,Electrical,3,7,83.0,Low,1,1,13.9,College Portal,0
S0470,E040,Electrical,3,7,83.0,Low,1,1,4.2,Email,1
S0470,E010,Electrical,3,7,83.0,Low,1,1,15.0,Email,1
S0470,E021,Electrical,3,7,83.0,Low,1,1,6.7,Instagram,1
S0471,E033,Computer Engineering,3,5,76.3,Medium,1,1,11.0,WhatsApp,1
S0471,E003,Computer Engineering,3,5,76.3,Medium,1,1,15.6,Instagram,0
S0471,E020,Computer Engineering,3,5,76.3,Medium,1,1,12.5,WhatsApp,1
S0471,E002,Computer Engineering,3,5,76.3,Medium,1,1,14.9,College Portal,1
S0471,E022,Computer Engineering,3,5,76.3,Medium,1,1,9.6,Instagram,1
S0472,E040,Electrical,3,2,76.5,Medium,0,0,9.7,Email,0
S0472,E012,Electrical,3,2,76.5,Medium,1,1,14.2,WhatsApp,1
S0472,E014,Electrical,3,2,76.5,Medium,0,0,4.7,WhatsApp,0
S0472,E002,Electrical,3,2,76.5,Medium,1,1,17.6,College Portal,1
S0472,E016,Electrical,3,2,76.5,Medium,1,1,4.6,WhatsApp,1
S0473,E024,Computer Engineering,4,4,91.0,Medium,1,1,4.5,College Portal,1
S0473,E003,Computer Engineering,4,4,91.0,Medium,1,1,10.5,Email,1
S0473,E023,Computer Engineering,4,4,91.0,Medium,1,1,17.8,Instagram,1
S0473,E027,Computer Engineering,4,4,91.0,Medium,1,1,4.6,WhatsApp,0
S0473,E004,Computer Engineering,4,4,91.0,Medium,1,1,11.1,WhatsApp,1
S0474,E012,Electrical,2,6,89.9,Medium,1,1,13.7,College Portal,1
S0474,E026,Electrical,2,6,89.9,Medium,1,1,8.2,College Portal,1
S0474,E009,Electrical,2,6,89.9,Medium,1,1,15.4,WhatsApp,1
S0474,E019,Electrical,2,6,89.9,Medium,1,1,0.9,College Portal,1
S0474,E037,Electrical,2,6,89.9,Medium,0,0,8.9,WhatsApp,0
S0475,E014,Electronics,2,3,97.5,High,1,1,11.2,Instagram,1
S0475,E034,Electronics,2,3,97.5,High,1,1,4.3,Instagram,1
S0475,E007,Electronics,2,3,97.5,High,0,0,7.3,College Portal,0
S0475,E013,Electronics,2,3,97.5,High,1,1,4.2,College Portal,1
S0475,E037,Electronics,2,3,97.5,High,1,1,12.9,WhatsApp,1
S0476,E010,Electrical,3,2,80.6,Medium,0,0,8.0,WhatsApp,0
S0476,E031,Electrical,3,2,80.6,Medium,1,0,10.8,Instagram,1
S0476,E035,Electrical,3,2,80.6,Medium,1,1,13.3,Email,0
S0476,E002,Electrical,3,2,80.6,Medium,0,0,8.8,Email,0
S0476,E017,Electrical,3,2,80.6,Medium,0,0,8.4,Email,0
S0477,E037,Computer Engineering,4,5,86.2,Medium,1,1,18.0,WhatsApp,1
S0477,E035,Computer Engineering,4,5,86.2,Medium,1,1,14.0,WhatsApp,1
S0477,E001,Computer Engineering,4,5,86.2,Medium,1,0,4.8,Instagram,1
S0477,E020,Computer Engineering,4,5,86.2,Medium,1,1,17.6,WhatsApp,0
S0477,E008,Computer Engineering,4,5,86.2,Medium,1,1,5.1,Email,0
S0478,E032,Electronics,3,5,85.9,High,1,0,10.8,WhatsApp,1
S0478,E037,Electronics,3,5,85.9,High,1,0,2.4,WhatsApp,1
S0478,E014,Electronics,3,5,85.9,High,0,0,3.0,Instagram,0
S0478,E008,Electronics,3,5,85.9,High,0,0,14.3,College Portal,0
S0478,E005,Electronics,3,5,85.9,High,0,0,13.2,WhatsApp,0
S0479,E007,Electrical,3,5,73.6,High,1,0,11.2,Email,1
S0479,E022,Electrical,3,5,73.6,High,1,1,7.7,College Portal,0
S0479,E009,Electrical,3,5,73.6,High,1,1,16.8,WhatsApp,0
S0479,E036,Electrical,3,5,73.6,High,1,1,15.2,WhatsApp,0
S0479,E017,Electrical,3,5,73.6,High,1,1,13.9,WhatsApp,1
S0480,E031,Electronics,2,5,71.0,Medium,1,0,10.8,College Portal,1
S0480,E003,Electronics,2,5,71.0,Medium,1,0,2.4,WhatsApp,1
S0480,E035,Electronics,2,5,71.0,Medium,1,1,6.3,College Portal,1
S0480,E030,Electronics,2,5,71.0,Medium,1,1,17.1,WhatsApp,1
S0480,E032,Electronics,2,5,71.0,Medium,1,1,11.0,WhatsApp,1
S0481,E031,Mechanical,4,6,85.8,Medium,0,0,16.3,WhatsApp,0
S0481,E027,Mechanical,4,6,85.8,Medium,1,1,6.3,WhatsApp,1
S0481,E013,Mechanical,4,6,85.8,Medium,0,0,4.5,WhatsApp,0
S0481,E007,Mechanical,4,6,85.8,Medium,1,1,12.6,WhatsApp,1
S0481,E009,Mechanical,4,6,85.8,Medium,1,1,10.1,WhatsApp,1
S0482,E037,Mechanical,1,4,62.0,Low,1,1,10.9,Email,1
S0482,E029,Mechanical,1,4,62.0,Low,0,0,5.9,College Portal,0
S0482,E016,Mechanical,1,4,62.0,Low,1,1,2.0,WhatsApp,1
S0482,E006,Mechanical,1,4,62.0,Low,1,1,3.2,WhatsApp,1
S0482,E027,Mechanical,1,4,62.0,Low,1,1,8.7,WhatsApp,1
S0483,E011,IT,2,0,94.6,Medium,0,0,9.5,College Portal,0
S0483,E017,IT,2,0,94.6,Medium,1,1,11.2,WhatsApp,1
S0483,E025,IT,2,0,94.6,Medium,1,0,16.7,College Portal,1
S0483,E037,IT,2,0,94.6,Medium,1,1,1.3,WhatsApp,0
S0483,E021,IT,2,0,94.6,Medium,1,1,4.8,Email,1
S0484,E010,Mechanical,1,6,62.1,High,1,1,11.3,Instagram,1
S0484,E016,Mechanical,1,6,62.1,High,1,1,7.7,College Portal,0
S0484,E011,Mechanical,1,6,62.1,High,1,1,16.4,WhatsApp,1
S0484,E005,Mechanical,1,6,62.1,High,1,1,7.5,WhatsApp,1
S0484,E015,Mechanical,1,6,62.1,High,1,1,10.0,Email,1
S0485,E004,Electronics,2,5,84.9,Medium,1,1,11.9,Email,1
S0485,E037,Electronics,2,5,84.9,Medium,1,1,12.2,WhatsApp,1
S0485,E039,Electronics,2,5,84.9,Medium,1,1,13.4,College Portal,1
S0485,E028,Electronics,2,5,84.9,Medium,1,1,11.9,Email,1
S0485,E029,Electronics,2,5,84.9,Medium,1,1,13.4,Instagram,1
S0486,E018,Electrical,2,6,76.1,High,1,1,2.1,College Portal,1
S0486,E015,Electrical,2,6,76.1,High,1,1,16.8,Email,1
S0486,E005,Electrical,2,6,76.1,High,1,1,4.0,College Portal,1
S0486,E022,Electrical,2,6,76.1,High,0,0,13.8,Email,0
S0486,E002,Electrical,2,6,76.1,High,1,1,8.0,WhatsApp,1
S0487,E039,Computer Engineering,2,6,87.1,Medium,1,1,9.5,College Portal,1
S0487,E007,Computer Engineering,2,6,87.1,Medium,1,1,1.9,Instagram,0
S0487,E024,Computer Engineering,2,6,87.1,Medium,1,1,15.7,WhatsApp,0
S0487,E016,Computer Engineering,2,6,87.1,Medium,1,1,3.8,Email,0
S0487,E021,Computer Engineering,2,6,87.1,Medium,1,1,6.2,WhatsApp,1
S0488,E031,IT,3,2,75.6,High,0,0,17.3,WhatsApp,0
S0488,E034,IT,3,2,75.6,High,1,1,1.2,College Portal,1
S0488,E001,IT,3,2,75.6,High,0,0,8.2,College Portal,0
S0488,E018,IT,3,2,75.6,High,0,0,18.0,College Portal,0
S0488,E020,IT,3,2,75.6,High,1,1,11.9,College Portal,1
S0489,E025,Electrical,2,2,65.3,Medium,1,1,13.6,Email,0
S0489,E037,Electrical,2,2,65.3,Medium,1,1,10.7,WhatsApp,1
S0489,E002,Electrical,2,2,65.3,Medium,1,1,14.5,Instagram,1
S0489,E020,Electrical,2,2,65.3,Medium,1,1,14.3,College Portal,1
S0489,E021,Electrical,2,2,65.3,Medium,1,1,5.9,WhatsApp,1
S0490,E004,Electrical,2,3,86.1,Low,1,1,11.0,WhatsApp,1
S0490,E008,Electrical,2,3,86.1,Low,1,1,10.3,Instagram,1
S0490,E025,Electrical,2,3,86.1,Low,1,0,7.3,WhatsApp,0
S0490,E002,Electrical,2,3,86.1,Low,1,1,10.7,WhatsApp,1
S0490,E021,Electrical,2,3,86.1,Low,0,0,15.7,College Portal,0
S0491,E026,IT,1,6,97.9,Medium,0,0,2.8,Instagram,0
S0491,E022,IT,1,6,97.9,Medium,1,1,6.0,College Portal,1
S0491,E001,IT,1,6,97.9,Medium,1,0,16.2,WhatsApp,1
S0491,E038,IT,1,6,97.9,Medium,0,0,4.6,College Portal,0
S0491,E010,IT,1,6,97.9,Medium,1,1,15.1,WhatsApp,1
S0492,E040,Mechanical,2,4,92.1,Medium,1,1,2.1,College Portal,1
S0492,E031,Mechanical,2,4,92.1,Medium,1,0,7.5,Email,1
S0492,E026,Mechanical,2,4,92.1,Medium,1,1,6.1,College Portal,1
S0492,E020,Mechanical,2,4,92.1,Medium,1,1,3.1,WhatsApp,1
S0492,E006,Mechanical,2,4,92.1,Medium,1,1,1.0,WhatsApp,0
S0493,E016,Computer Engineering,1,3,95.5,Low,0,0,7.8,College Portal,0
S0493,E035,Computer Engineering,1,3,95.5,Low,1,1,14.2,Instagram,0
S0493,E004,Computer Engineering,1,3,95.5,Low,1,1,11.8,WhatsApp,1
S0493,E019,Computer Engineering,1,3,95.5,Low,1,1,13.0,Instagram,1
S0493,E033,Computer Engineering,1,3,95.5,Low,1,1,18.0,Email,0
S0494,E010,Computer Engineering,1,3,69.6,High,1,1,,College Portal,1
S0494,E024,Computer Engineering,1,3,69.6,High,1,1,11.1,Instagram,1
S0494,E017,Computer Engineering,1,3,69.6,High,0,0,1.7,Email,0
S0494,E028,Computer Engineering,1,3,69.6,High,1,1,8.4,Email,1
S0494,E022,Computer Engineering,1,3,69.6,High,1,1,4.4,WhatsApp,1
S0495,E013,IT,3,3,86.2,Medium,1,1,12.5,WhatsApp,1
S0495,E023,IT,3,3,86.2,Medium,1,1,17.8,Instagram,1
S0495,E039,IT,3,3,86.2,Medium,1,0,1.5,WhatsApp,1
S0495,E005,IT,3,3,86.2,Medium,1,1,2.9,WhatsApp,1
S0495,E003,IT,3,3,86.2,Medium,1,1,8.7,Instagram,0
S0496,E014,IT,3,4,91.4,High,1,1,3.8,College Portal,1
S0496,E032,IT,3,4,91.4,High,1,1,16.8,WhatsApp,1
S0496,E007,IT,3,4,91.4,High,1,1,11.6,College Portal,1
S0496,E003,IT,3,4,91.4,High,1,1,9.9,Instagram,1
S0496,E020,IT,3,4,91.4,High,1,1,0.9,Email,1
S0497,E025,Electronics,3,2,73.3,Medium,1,1,7.3,Instagram,0
S0497,E018,Electronics,3,2,73.3,Medium,0,0,15.9,Instagram,0
S0497,E002,Electronics,3,2,73.3,Medium,1,1,8.1,College Portal,0
S0497,E017,Electronics,3,2,73.3,Medium,0,0,3.9,WhatsApp,0
S0497,E028,Electronics,3,2,73.3,Medium,1,1,8.0,College Portal,1
S0498,E016,Computer Engineering,2,4,65.5,Low,0,0,0.6,College Portal,0
S0498,E011,Computer Engineering,2,4,65.5,Low,1,1,11.5,Email,1
S0498,E010,Computer Engineering,2,4,65.5,Low,1,1,9.3,College Portal,1
S0498,E004,Computer Engineering,2,4,65.5,Low,0,0,15.5,WhatsApp,0
S0498,E023,Computer Engineering,2,4,65.5,Low,0,0,14.6,WhatsApp,0
S0499,E022,Electrical,2,4,87.7,High,1,1,13.8,WhatsApp,0
S0499,E038,Electrical,2,4,87.7,High,0,0,1.5,WhatsApp,0
S0499,E006,Electrical,2,4,87.7,High,1,1,1.4,Email,1
S0499,E019,Electrical,2,4,87.7,High,1,1,6.3,College Portal,1
S0499,E002,Electrical,2,4,87.7,High,0,0,1.6,College Portal,0
S0500,E020,Electrical,4,6,89.5,Medium,1,1,1.3,WhatsApp,1
S0500,E001,Electrical,4,6,89.5,Medium,1,1,17.9,Email,1
S0500,E031,Electrical,4,6,89.5,Medium,1,1,13.8,College Portal,0
S0500,E009,Electrical,4,6,89.5,Medium,1,1,5.8,Email,1
S0500,E010,Electrical,4,6,89.5,Medium,1,1,6.1,WhatsApp,1
S0501,E020,Mechanical,2,2,80.6,Medium,0,0,14.0,Instagram,0
S0501,E017,Mechanical,2,2,80.6,Medium,1,1,8.5,WhatsApp,0
S0501,E003,Mechanical,2,2,80.6,Medium,0,0,8.6,Instagram,0
S0501,E009,Mechanical,2,2,80.6,Medium,1,1,1.3,Email,1
S0501,E015,Mechanical,2,2,80.6,Medium,1,0,5.9,College Portal,1
S0502,E007,Electronics,2,1,83.1,Medium,0,0,7.5,WhatsApp,0
S0502,E025,Electronics,2,1,83.1,Medium,1,0,5.8,Email,1
S0502,E021,Electronics,2,1,83.1,Medium,1,1,9.5,WhatsApp,1
S0502,E006,Electronics,2,1,83.1,Medium,1,0,10.8,Email,1
S0502,E029,Electronics,2,1,83.1,Medium,1,1,16.3,College Portal,1
S0503,E030,IT,1,5,97.4,Medium,1,1,2.9,WhatsApp,1
S0503,E032,IT,1,5,97.4,Medium,0,0,1.6,WhatsApp,0
S0503,E019,IT,1,5,97.4,Medium,0,0,5.0,Instagram,0
S0503,E034,IT,1,5,97.4,Medium,1,1,5.0,Instagram,1
S0503,E011,IT,1,5,97.4,Medium,1,1,7.7,Email,1
S0504,E029,Civil,2,5,84.8,High,1,1,17.2,College Portal,1
S0504,E004,Civil,2,5,84.8,High,1,1,11.2,Email,1
S0504,E007,Civil,2,5,84.8,High,0,0,8.7,Instagram,0
S0504,E035,Civil,2,5,84.8,High,1,1,16.5,WhatsApp,1
S0504,E022,Civil,2,5,84.8,High,1,1,2.0,WhatsApp,1
S0505,E032,Mechanical,2,6,96.0,Medium,1,1,14.4,College Portal,0
S0505,E027,Mechanical,2,6,96.0,Medium,1,1,12.6,Email,1
S0505,E031,Mechanical,2,6,96.0,Medium,1,1,10.4,Email,1
S0505,E028,Mechanical,2,6,96.0,Medium,0,0,16.0,WhatsApp,0
S0505,E018,Mechanical,2,6,96.0,Medium,1,1,16.6,Instagram,1
S0506,E015,Computer Engineering,2,6,88.0,Medium,1,0,13.6,Email,1
S0506,E030,Computer Engineering,2,6,88.0,Medium,1,1,10.6,WhatsApp,1
S0506,E014,Computer Engineering,2,6,88.0,Medium,1,1,12.7,WhatsApp,1
S0506,E026,Computer Engineering,2,6,88.0,Medium,1,0,13.9,WhatsApp,1
S0506,E034,Computer Engineering,2,6,88.0,Medium,0,0,14.1,WhatsApp,0
S0507,E019,Electrical,3,1,89.6,High,1,0,13.8,WhatsApp,1
S0507,E003,Electrical,3,1,89.6,High,1,1,17.3,College Portal,1
S0507,E011,Electrical,3,1,89.6,High,1,1,9.9,WhatsApp,1
S0507,E002,Electrical,3,1,89.6,High,1,1,12.2,WhatsApp,1
S0507,E016,Electrical,3,1,89.6,High,1,1,4.9,College Portal,1
S0508,E019,Civil,2,3,94.2,Low,1,1,5.5,Instagram,1
S0508,E005,Civil,2,3,94.2,Low,0,0,17.4,College Portal,0
S0508,E027,Civil,2,3,94.2,Low,0,0,4.1,College Portal,0
S0508,E023,Civil,2,3,94.2,Low,1,1,17.3,WhatsApp,0
S0508,E031,Civil,2,3,94.2,Low,1,1,8.5,Email,0
S0509,E022,Electrical,3,3,85.2,Medium,1,1,10.7,WhatsApp,1
S0509,E008,Electrical,3,3,85.2,Medium,1,1,6.0,Email,1
S0509,E003,Electrical,3,3,85.2,,0,0,11.2,College Portal,0
S0509,E019,Electrical,3,3,85.2,Medium,1,1,13.1,WhatsApp,1
S0509,E036,Electrical,3,3,85.2,Medium,1,1,17.3,College Portal,1
S0510,E012,Mechanical,3,7,85.5,High,1,1,16.4,WhatsApp,1
S0510,E003,Mechanical,3,7,85.5,High,1,1,10.4,WhatsApp,1
S0510,E031,Mechanical,3,7,85.5,High,1,1,11.3,College Portal,1
S0510,E002,Mechanical,3,7,85.5,High,1,1,2.2,College Portal,1
S0510,E039,Mechanical,3,7,85.5,High,1,1,13.7,WhatsApp,1
S0511,E006,Electronics,4,6,72.7,Medium,1,0,9.2,Instagram,1
S0511,E040,Electronics,4,6,72.7,Medium,1,1,15.1,College Portal,0
S0511,E032,Electronics,4,6,72.7,Medium,0,0,0.8,College Portal,0
S0511,E030,Electronics,4,6,72.7,Medium,1,0,13.9,Email,1
S0511,E028,Electronics,4,6,72.7,Medium,1,1,8.1,Email,0
S0512,E004,IT,3,3,86.6,High,1,1,1.7,Email,1
S0512,E009,IT,3,3,86.6,High,1,1,5.3,College Portal,1
S0512,E015,IT,3,3,86.6,High,1,1,11.8,Email,1
S0512,E003,IT,3,3,86.6,High,1,1,7.4,WhatsApp,1
S0512,E013,IT,3,3,86.6,High,1,1,14.4,Instagram,0
S0513,E034,Electrical,4,4,77.0,Medium,0,0,7.7,Email,0
S0513,E027,Electrical,4,4,77.0,Medium,1,1,17.8,Email,1
S0513,E023,Electrical,4,4,77.0,Medium,1,1,5.9,WhatsApp,1
S0513,E011,Electrical,4,4,77.0,Medium,0,0,1.6,WhatsApp,0
S0513,E012,Electrical,4,4,77.0,Medium,1,0,9.0,Instagram,0
S0514,E014,Civil,1,1,92.2,High,1,1,1.9,WhatsApp,1
S0514,E026,Civil,1,1,92.2,High,1,0,12.0,WhatsApp,1
S0514,E006,Civil,1,1,92.2,High,1,1,7.1,College Portal,1
S0514,E036,Civil,1,1,92.2,High,1,1,14.6,Instagram,1
S0514,E012,Civil,1,1,92.2,High,1,1,2.2,Email,1
S0515,E017,Computer Engineering,1,4,87.8,High,1,1,16.1,Instagram,0
S0515,E012,Computer Engineering,1,4,87.8,High,1,1,10.1,WhatsApp,1
S0515,E033,Computer Engineering,1,4,87.8,High,1,1,3.0,Email,1
S0515,E038,Computer Engineering,1,4,87.8,High,1,1,9.5,WhatsApp,1
S0515,E028,Computer Engineering,1,4,87.8,High,1,1,8.9,College Portal,1
S0516,E004,Computer Engineering,1,4,89.6,Medium,1,1,9.2,WhatsApp,1
S0516,E027,Computer Engineering,1,4,89.6,Medium,0,0,1.0,College Portal,0
S0516,E010,Computer Engineering,1,4,89.6,Medium,1,1,7.6,WhatsApp,1
S0516,E021,Computer Engineering,1,4,89.6,Medium,1,1,16.7,College Portal,1
S0516,E006,Computer Engineering,1,4,89.6,Medium,1,1,13.3,WhatsApp,1
S0517,E020,IT,3,1,92.3,Low,1,1,14.0,WhatsApp,1
S0517,E012,IT,3,1,92.3,Low,1,1,0.9,College Portal,1
S0517,E005,IT,3,1,92.3,Low,1,1,9.8,College Portal,1
S0517,E002,IT,3,1,92.3,Low,0,0,11.4,WhatsApp,0
S0517,E017,IT,3,1,92.3,Low,0,0,0.6,College Portal,0
S0518,E017,Civil,4,2,51.3,Medium,1,1,3.7,WhatsApp,1
S0518,E038,Civil,4,2,51.3,Medium,1,1,5.7,Instagram,1
S0518,E033,Civil,4,2,51.3,Medium,1,1,15.0,Instagram,0
S0518,E010,Civil,4,2,51.3,Medium,1,1,11.8,College Portal,1
S0518,E013,Civil,4,2,51.3,Medium,1,1,9.0,WhatsApp,0
S0519,E008,Electrical,1,6,78.9,High,1,1,9.5,WhatsApp,1
S0519,E013,Electrical,1,6,78.9,High,1,1,17.2,Email,0
S0519,E014,Electrical,1,6,78.9,High,0,0,16.3,WhatsApp,0
S0519,E001,Electrical,1,6,78.9,High,1,0,6.3,Email,1
S0519,E018,Electrical,1,6,78.9,High,1,1,16.3,WhatsApp,0
S0520,E025,Computer Engineering,4,4,76.4,Medium,1,1,2.0,WhatsApp,1
S0520,E008,Computer Engineering,4,4,76.4,Medium,1,1,13.9,WhatsApp,0
S0520,E034,Computer Engineering,4,4,76.4,Medium,1,1,10.1,Email,1
S0520,E029,Computer Engineering,4,4,76.4,Medium,1,1,17.7,WhatsApp,1
S0520,E035,Computer Engineering,4,4,76.4,Medium,1,1,6.4,Email,1
S0521,E015,Electronics,1,2,79.7,Low,1,0,18.0,College Portal,1
S0521,E036,Electronics,1,2,79.7,Low,1,1,17.8,WhatsApp,0
S0521,E009,Electronics,1,2,79.7,Low,1,1,17.2,College Portal,1
S0521,E018,Electronics,1,2,79.7,Low,1,1,8.9,Email,1
S0521,E020,Electronics,1,2,79.7,Low,1,1,1.4,WhatsApp,1
S0522,E013,IT,4,7,83.1,Medium,1,1,15.6,WhatsApp,1
S0522,E006,IT,4,7,83.1,Medium,1,0,16.3,WhatsApp,0
S0522,E027,IT,4,7,83.1,Medium,0,0,16.4,College Portal,0
S0522,E005,IT,4,7,83.1,Medium,1,1,1.5,College Portal,1
S0522,E025,IT,4,7,83.1,Medium,0,0,14.0,WhatsApp,0
S0523,E032,Electrical,2,5,92.6,High,1,1,6.1,WhatsApp,1
S0523,E006,Electrical,2,5,92.6,High,1,1,3.0,WhatsApp,1
S0523,E018,Electrical,2,5,92.6,High,1,1,3.4,WhatsApp,1
S0523,E004,Electrical,2,5,92.6,High,0,0,14.4,College Portal,0
S0523,E023,Electrical,2,5,92.6,High,0,0,7.5,WhatsApp,0
S0524,E003,Civil,1,4,93.3,Medium,1,1,7.2,WhatsApp,0
S0524,E004,Civil,1,4,93.3,Medium,1,1,7.4,WhatsApp,1
S0524,E015,Civil,1,4,93.3,Medium,0,0,3.9,Instagram,0
S0524,E018,Civil,1,4,93.3,Medium,1,1,10.0,WhatsApp,0
S0524,E014,Civil,1,4,93.3,Medium,1,1,2.3,Email,1
S0525,E002,Civil,2,6,74.0,Medium,1,1,3.2,WhatsApp,1
S0525,E015,Civil,2,6,74.0,Medium,1,1,3.9,WhatsApp,1
S0525,E005,Civil,2,6,74.0,Medium,0,0,1.7,WhatsApp,0
S0525,E037,Civil,2,6,74.0,Medium,1,0,13.4,WhatsApp,0
S0525,E004,Civil,2,6,74.0,Medium,1,1,11.6,Email,1
S0526,E021,IT,1,7,65.8,Low,0,0,17.9,Email,0
S0526,E006,IT,1,7,65.8,Low,1,0,15.4,Instagram,1
S0526,E032,IT,1,7,65.8,Low,1,1,4.9,WhatsApp,1
S0526,E020,IT,1,7,65.8,Low,1,1,0.8,WhatsApp,1
S0526,E018,IT,1,7,65.8,Low,1,1,7.8,Email,1
S0527,E029,IT,2,3,81.6,Medium,1,0,9.4,College Portal,1
S0527,E021,IT,2,3,81.6,Medium,0,0,4.0,WhatsApp,0
S0527,E009,IT,2,3,81.6,Medium,1,1,2.0,WhatsApp,1
S0527,E030,IT,2,3,81.6,Medium,1,1,3.1,WhatsApp,1
S0527,E007,IT,2,3,81.6,Medium,1,0,7.9,Email,1
S0528,E037,Computer Engineering,2,5,68.3,Low,0,0,1.8,WhatsApp,0
S0528,E035,Computer Engineering,2,5,68.3,Low,0,0,3.5,College Portal,0
S0528,E019,Computer Engineering,2,5,68.3,Low,1,1,11.7,WhatsApp,0
S0528,E010,Computer Engineering,2,5,68.3,Low,1,1,8.8,WhatsApp,1
S0528,E012,Computer Engineering,2,5,68.3,Low,1,1,16.6,Email,1
S0529,E017,Computer Engineering,4,6,40.2,Low,1,1,1.9,WhatsApp,1
S0529,E016,Computer Engineering,4,6,40.2,Low,0,0,2.8,Email,0
S0529,E019,Computer Engineering,4,6,40.2,Low,1,1,7.1,College Portal,1
S0529,E034,Computer Engineering,4,6,40.2,Low,0,0,0.6,College Portal,0
S0529,E038,Computer Engineering,4,6,40.2,Low,1,0,10.7,WhatsApp,0
S0530,E025,Civil,2,2,80.6,High,1,1,2.3,College Portal,1
S0530,E012,Civil,2,2,80.6,High,0,0,13.8,Instagram,0
S0530,E014,Civil,2,2,80.6,High,1,1,10.6,WhatsApp,1
S0530,E038,Civil,2,2,80.6,High,1,1,4.7,WhatsApp,0
S0530,E037,Civil,2,2,80.6,High,0,0,4.9,Email,0
S0531,E014,Civil,2,5,92.7,High,1,0,1.3,WhatsApp,1
S0531,E030,Civil,2,5,92.7,High,1,1,4.8,WhatsApp,1
S0531,E034,Civil,2,5,92.7,High,1,1,14.6,WhatsApp,1
S0531,E023,Civil,2,5,92.7,High,1,1,15.6,WhatsApp,1
S0531,E037,Civil,2,5,92.7,High,1,1,8.9,WhatsApp,0
S0532,E023,Electrical,3,2,62.3,Low,1,1,14.8,WhatsApp,1
S0532,E008,Electrical,3,2,62.3,Low,1,1,5.6,College Portal,0
S0532,E005,Electrical,3,2,62.3,Low,1,1,2.9,WhatsApp,0
S0532,E025,Electrical,3,2,62.3,Low,0,0,8.5,WhatsApp,0
S0532,E012,Electrical,3,2,62.3,Low,0,0,16.7,WhatsApp,0
S0533,E029,Electrical,3,3,94.5,Low,1,0,15.6,WhatsApp,1
S0533,E034,Electrical,3,3,94.5,Low,1,0,15.3,WhatsApp,0
S0533,E027,Electrical,3,3,94.5,Low,1,1,14.3,Email,0
S0533,E008,Electrical,3,3,94.5,Low,1,1,,Instagram,1
S0533,E005,Electrical,3,3,94.5,Low,1,1,5.9,Email,1
S0534,E013,Electronics,1,1,85.4,Medium,1,1,17.0,College Portal,1
S0534,E028,Electronics,1,1,85.4,Medium,0,0,3.9,WhatsApp,0
S0534,E040,Electronics,1,1,85.4,Medium,1,1,1.5,Email,1
S0534,E004,Electronics,1,1,85.4,Medium,1,1,0.9,Email,0
S0534,E012,Electronics,1,1,85.4,Medium,1,1,13.7,WhatsApp,1
S0535,E013,Civil,2,2,61.8,Medium,1,1,11.1,Instagram,1
S0535,E017,Civil,2,2,61.8,Medium,1,0,2.0,WhatsApp,1
S0535,E007,Civil,2,2,61.8,Medium,0,0,1.2,College Portal,0
S0535,E020,Civil,2,2,61.8,Medium,1,1,14.5,College Portal,0
S0535,E031,Civil,2,2,61.8,Medium,1,1,3.6,Email,0
S0536,E039,Electrical,1,3,91.0,Medium,0,0,9.5,WhatsApp,0
S0536,E001,Electrical,1,3,91.0,Medium,1,1,16.5,WhatsApp,0
S0536,E036,Electrical,1,3,91.0,Medium,1,1,17.1,WhatsApp,0
S0536,E022,Electrical,1,3,91.0,Medium,1,1,15.3,College Portal,1
S0536,E006,Electrical,1,3,91.0,Medium,1,1,10.5,College Portal,1
S0537,E037,Civil,1,3,87.6,Medium,1,1,3.2,WhatsApp,1
S0537,E033,Civil,1,3,87.6,Medium,0,0,8.5,College Portal,0
S0537,E006,Civil,1,3,87.6,Medium,1,1,5.6,WhatsApp,1
S0537,E005,Civil,1,3,87.6,Medium,1,1,8.0,WhatsApp,0
S0537,E004,Civil,1,3,87.6,Medium,1,1,10.8,College Portal,1
S0538,E022,Computer Engineering,3,6,49.6,Medium,0,0,16.3,Email,0
S0538,E008,Computer Engineering,3,6,49.6,Medium,1,1,4.4,WhatsApp,1
S0538,E033,Computer Engineering,3,6,49.6,Medium,0,0,14.2,WhatsApp,0
S0538,E007,Computer Engineering,3,6,49.6,Medium,1,1,4.9,WhatsApp,1
S0538,E018,Computer Engineering,3,6,49.6,Medium,1,1,12.1,Instagram,1
S0539,E023,IT,1,1,82.9,High,0,0,4.3,WhatsApp,0
S0539,E033,IT,1,1,82.9,High,1,1,17.4,Email,1
S0539,E009,IT,1,1,82.9,High,1,1,2.4,College Portal,1
S0539,E013,IT,1,1,82.9,High,1,1,7.7,College Portal,1
S0539,E026,IT,1,1,82.9,High,1,1,5.7,WhatsApp,1
S0540,E025,Computer Engineering,2,5,96.1,High,1,1,16.7,WhatsApp,1
S0540,E010,Computer Engineering,2,5,96.1,High,0,0,16.0,WhatsApp,0
S0540,E017,Computer Engineering,2,5,96.1,High,0,0,5.6,College Portal,0
S0540,E034,Computer Engineering,2,5,96.1,High,0,0,9.0,WhatsApp,0
S0540,E011,Computer Engineering,2,5,96.1,High,1,0,13.8,WhatsApp,1
S0541,E007,Electrical,3,6,85.4,Medium,1,0,17.4,WhatsApp,1
S0541,E018,Electrical,3,6,85.4,Medium,0,0,2.6,WhatsApp,0
S0541,E011,Electrical,3,6,85.4,Medium,1,1,16.6,College Portal,1
S0541,E015,Electrical,3,6,85.4,Medium,1,1,3.6,College Portal,1
S0541,E008,Electrical,3,6,85.4,Medium,0,0,14.3,College Portal,0
S0542,E014,Electronics,1,6,69.0,Medium,1,1,17.9,WhatsApp,1
S0542,E017,Electronics,1,6,69.0,Medium,0,0,12.4,College Portal,0
S0542,E037,Electronics,1,6,69.0,Medium,1,1,9.3,Email,1
S0542,E038,Electronics,1,6,69.0,Medium,1,1,11.9,College Portal,1
S0542,E033,Electronics,1,6,69.0,Medium,1,1,10.0,WhatsApp,0
S0543,E010,Computer Engineering,3,3,72.6,High,0,0,8.8,Instagram,0
S0543,E014,Computer Engineering,3,3,72.6,High,0,0,1.1,Instagram,0
S0543,E013,Computer Engineering,3,3,72.6,High,1,1,12.8,WhatsApp,0
S0543,E026,Computer Engineering,3,3,72.6,High,0,0,15.6,WhatsApp,0
S0543,E003,Computer Engineering,3,3,72.6,High,1,1,9.3,Email,1
S0544,E033,Mechanical,1,4,81.0,High,1,1,14.7,WhatsApp,1
S0544,E036,Mechanical,1,4,81.0,High,0,0,9.9,Email,0
S0544,E008,Mechanical,1,4,81.0,High,0,0,15.9,WhatsApp,0
S0544,E003,Mechanical,1,4,81.0,High,1,1,15.3,College Portal,1
S0544,E009,Mechanical,1,4,81.0,High,1,1,14.5,WhatsApp,1
S0545,E017,Electronics,4,5,43.3,Low,0,0,17.4,Email,0
S0545,E031,Electronics,4,5,43.3,Low,0,0,3.9,WhatsApp,0
S0545,E016,Electronics,4,5,43.3,Low,0,0,6.3,College Portal,0
S0545,E027,Electronics,4,5,43.3,Low,0,0,15.2,WhatsApp,0
S0545,E030,Electronics,4,5,43.3,Low,1,1,11.7,College Portal,0
S0546,E011,IT,2,4,78.8,Medium,1,1,9.3,WhatsApp,1
S0546,E015,IT,2,4,78.8,Medium,1,0,9.5,College Portal,1
S0546,E035,IT,2,4,78.8,Medium,1,1,8.4,Email,1
S0546,E008,IT,2,4,78.8,Medium,1,1,4.4,WhatsApp,1
S0546,E033,IT,2,4,78.8,Medium,1,0,15.2,College Portal,1
S0547,E024,Computer Engineering,4,4,87.3,Medium,1,0,13.4,College Portal,1
S0547,E028,Computer Engineering,4,4,87.3,Medium,1,1,13.7,Instagram,1
S0547,E038,Computer Engineering,4,4,87.3,Medium,0,0,12.6,WhatsApp,0
S0547,E034,Computer Engineering,4,4,87.3,Medium,1,1,11.5,College Portal,1
S0547,E007,Computer Engineering,4,4,87.3,Medium,1,1,11.3,WhatsApp,1
S0548,E002,Mechanical,3,4,70.2,Low,1,1,1.1,WhatsApp,0
S0548,E018,Mechanical,3,4,70.2,Low,1,1,17.5,WhatsApp,1
S0548,E016,Mechanical,3,4,70.2,Low,1,1,9.0,College Portal,1
S0548,E012,Mechanical,3,4,70.2,Low,1,1,2.6,College Portal,0
S0548,E007,Mechanical,3,4,70.2,Low,1,1,0.9,WhatsApp,1
S0549,E003,Electronics,1,4,79.0,Medium,1,1,16.7,WhatsApp,1
S0549,E002,Electronics,1,4,79.0,Medium,1,1,3.8,College Portal,1
S0549,E013,Electronics,1,4,79.0,Medium,1,1,3.4,Instagram,1
S0549,E004,Electronics,1,4,79.0,Medium,0,0,12.4,WhatsApp,0
S0549,E026,Electronics,1,4,79.0,Medium,0,0,2.6,WhatsApp,0
S0550,E017,Civil,3,5,78.4,Medium,0,0,16.2,College Portal,0
S0550,E040,Civil,3,5,78.4,Medium,1,1,16.8,WhatsApp,1
S0550,E030,Civil,3,5,78.4,Medium,1,1,14.0,WhatsApp,1
S0550,E010,Civil,3,5,78.4,Medium,1,1,15.6,College Portal,1
S0550,E002,Civil,3,5,78.4,Medium,1,1,16.4,College Portal,1
S0551,E001,Electronics,4,2,51.9,Medium,1,1,12.4,College Portal,1
S0551,E026,Electronics,4,2,51.9,Medium,0,0,0.9,Email,0
S0551,E007,Electronics,4,2,51.9,Medium,1,1,10.8,WhatsApp,1
S0551,E035,Electronics,4,2,51.9,Medium,1,0,10.9,WhatsApp,0
S0551,E040,Electronics,4,2,51.9,Medium,1,0,17.9,Email,1
S0552,E035,Civil,3,3,70.9,Medium,1,1,10.5,WhatsApp,0
S0552,E034,Civil,3,3,70.9,Medium,1,1,10.1,College Portal,1
S0552,E036,Civil,3,3,70.9,Medium,1,1,18.0,WhatsApp,0
S0552,E013,Civil,3,3,70.9,Medium,1,1,14.9,WhatsApp,1
S0552,E006,Civil,3,3,70.9,Medium,1,1,16.2,WhatsApp,0
S0553,E038,Electronics,4,2,93.4,Medium,1,1,6.0,Instagram,1
S0553,E006,Electronics,4,2,93.4,Medium,1,1,1.5,WhatsApp,1
S0553,E010,Electronics,4,2,93.4,Medium,0,0,11.7,College Portal,0
S0553,E021,Electronics,4,2,93.4,Medium,0,0,1.6,College Portal,0
S0553,E003,Electronics,4,2,93.4,Medium,1,1,11.3,WhatsApp,1
S0554,E033,Electronics,4,1,48.5,High,1,1,7.8,WhatsApp,1
S0554,E001,Electronics,4,1,48.5,High,1,1,13.0,College Portal,1
S0554,E016,Electronics,4,1,48.5,High,1,1,2.0,Instagram,1
S0554,E017,Electronics,4,1,48.5,High,1,1,7.0,Email,1
S0554,E004,Electronics,4,1,48.5,High,1,1,2.4,College Portal,1
S0555,E008,Civil,1,8,89.4,Medium,0,0,2.7,WhatsApp,0
S0555,E002,Civil,1,8,89.4,Medium,1,1,16.5,WhatsApp,1
S0555,E005,Civil,1,8,89.4,Medium,1,1,8.6,WhatsApp,1
S0555,E031,Civil,1,8,89.4,Medium,1,1,10.7,Instagram,1
S0555,E040,Civil,1,8,89.4,Medium,1,1,9.9,Email,1
S0556,E003,IT,1,1,87.3,Medium,0,0,15.9,WhatsApp,0
S0556,E040,IT,1,1,87.3,Medium,0,0,16.7,WhatsApp,0
S0556,E004,IT,1,1,87.3,Medium,1,1,14.5,WhatsApp,1
S0556,E019,IT,1,1,87.3,Medium,0,0,12.0,Email,0
S0556,E016,IT,1,1,87.3,Medium,0,0,10.9,WhatsApp,0
S0557,E026,Computer Engineering,3,10,77.4,Low,1,1,10.3,WhatsApp,0
S0557,E022,Computer Engineering,3,10,77.4,Low,0,0,16.6,Instagram,0
S0557,E024,Computer Engineering,3,10,77.4,Low,1,1,15.6,Instagram,1
S0557,E032,Computer Engineering,3,10,77.4,Low,1,1,2.0,WhatsApp,1
S0557,E005,Computer Engineering,3,10,77.4,Low,1,1,10.2,WhatsApp,1
S0558,E009,Computer Engineering,2,5,73.7,Low,1,1,12.6,WhatsApp,1
S0558,E030,Computer Engineering,2,5,73.7,Low,1,0,15.1,Email,0
S0558,E024,Computer Engineering,2,5,73.7,Low,0,0,1.2,WhatsApp,0
S0558,E028,Computer Engineering,2,5,73.7,Low,0,0,5.4,Email,0
S0558,E022,Computer Engineering,2,5,73.7,Low,1,1,4.8,Instagram,1
S0559,E003,Mechanical,4,6,91.7,Medium,1,1,11.6,Email,1
S0559,E001,Mechanical,4,6,91.7,Medium,1,0,11.9,Instagram,1
S0559,E016,Mechanical,4,6,91.7,Medium,1,1,9.9,College Portal,0
S0559,E038,Mechanical,4,6,91.7,Medium,0,0,7.1,College Portal,0
S0559,E018,Mechanical,4,6,91.7,Medium,0,0,16.9,WhatsApp,0
S0560,E014,Mechanical,4,3,53.6,Low,0,0,2.5,Email,0
S0560,E034,Mechanical,4,3,53.6,Low,0,0,4.3,WhatsApp,0
S0560,E008,Mechanical,4,3,53.6,Low,1,0,3.6,WhatsApp,1
S0560,E007,Mechanical,4,3,53.6,Low,0,0,15.1,Instagram,0
S0560,E015,Mechanical,4,3,53.6,Low,1,1,3.5,Instagram,1
S0561,E028,Mechanical,2,6,90.8,Low,1,0,7.1,Email,0
S0561,E027,Mechanical,2,6,90.8,Low,1,1,10.9,College Portal,1
S0561,E023,Mechanical,2,6,90.8,Low,0,0,4.5,WhatsApp,0
S0561,E011,Mechanical,2,6,90.8,Low,1,0,4.8,Instagram,1
S0561,E020,Mechanical,2,6,90.8,Low,1,1,5.7,WhatsApp,1
S0562,E033,Computer Engineering,1,4,87.4,Low,1,1,2.8,College Portal,1
S0562,E007,Computer Engineering,1,4,87.4,Low,1,1,16.6,College Portal,1
S0562,E010,Computer Engineering,1,4,87.4,Low,1,1,5.0,WhatsApp,1
S0562,E028,Computer Engineering,1,4,87.4,Low,1,1,6.5,College Portal,1
S0562,E004,Computer Engineering,1,4,87.4,Low,1,1,10.3,WhatsApp,1
S0563,E013,Computer Engineering,3,3,52.2,Medium,0,0,16.8,Email,0
S0563,E001,Computer Engineering,3,3,52.2,Medium,1,1,14.3,Instagram,0
S0563,E035,Computer Engineering,3,3,52.2,Medium,1,1,17.7,Email,1
S0563,E010,Computer Engineering,3,3,52.2,Medium,1,1,17.1,WhatsApp,0
S0563,E008,Computer Engineering,3,3,52.2,Medium,1,1,16.3,Email,1
S0564,E022,Computer Engineering,1,0,90.7,High,1,1,13.1,College Portal,1
S0564,E032,Computer Engineering,1,0,90.7,High,1,1,15.8,Email,1
S0564,E024,Computer Engineering,1,0,90.7,High,1,1,12.9,Email,1
S0564,E033,Computer Engineering,1,0,90.7,High,1,1,7.4,Email,1
S0564,E002,Computer Engineering,1,0,90.7,High,1,1,15.8,Email,1
S0565,E039,IT,4,5,58.3,Medium,1,0,13.8,WhatsApp,1
S0565,E024,IT,4,5,58.3,Medium,1,0,12.9,Email,1
S0565,E010,IT,4,5,58.3,Medium,1,1,12.4,College Portal,1
S0565,E008,IT,4,5,58.3,Medium,1,1,14.4,Instagram,1
S0565,E011,IT,4,5,58.3,Medium,0,0,10.7,College Portal,0
S0566,E011,Electronics,2,8,88.1,Medium,1,0,14.7,WhatsApp,1
S0566,E001,Electronics,2,8,88.1,Medium,0,0,17.4,WhatsApp,0
S0566,E018,Electronics,2,8,88.1,Medium,1,1,11.2,WhatsApp,1
S0566,E040,Electronics,2,8,88.1,Medium,1,1,14.9,WhatsApp,1
S0566,E024,Electronics,2,8,88.1,Medium,0,0,16.9,WhatsApp,0
S0567,E030,IT,3,2,87.4,Low,1,1,5.1,WhatsApp,1
S0567,E001,IT,3,2,87.4,Low,1,1,11.0,WhatsApp,0
S0567,E010,IT,3,2,87.4,Low,1,1,11.4,College Portal,1
S0567,E017,IT,3,2,87.4,Low,1,1,4.3,WhatsApp,0
S0567,E015,IT,3,2,87.4,Low,1,1,7.0,Instagram,0
S0568,E007,IT,1,3,89.9,Medium,1,1,10.7,WhatsApp,1
S0568,E038,IT,1,3,89.9,Medium,1,1,1.0,College Portal,1
S0568,E003,IT,1,3,89.9,Medium,1,1,10.2,Email,1
S0568,E001,IT,1,3,89.9,Medium,1,1,11.3,Email,1
S0568,E011,IT,1,3,89.9,Medium,1,1,9.7,Email,1
S0569,E039,Electrical,3,6,80.4,Medium,1,1,2.0,WhatsApp,0
S0569,E027,Electrical,3,6,80.4,Medium,1,1,3.0,Instagram,1
S0569,E025,Electrical,3,6,80.4,Medium,1,1,17.0,Instagram,1
S0569,E033,Electrical,3,6,80.4,Medium,1,1,10.4,WhatsApp,1
S0569,E029,Electrical,3,6,80.4,Medium,1,1,17.0,College Portal,1
S0570,E032,IT,2,1,84.3,Medium,1,1,7.5,College Portal,0
S0570,E022,IT,2,1,84.3,Medium,1,1,6.5,Instagram,1
S0570,E039,IT,2,1,84.3,Medium,1,1,8.7,WhatsApp,1
S0570,E038,IT,2,1,84.3,Medium,1,1,7.0,Email,1
S0570,E015,IT,2,1,84.3,Medium,0,0,12.4,WhatsApp,0
S0571,E038,Electronics,3,5,91.7,High,1,0,2.8,College Portal,0
S0571,E029,Electronics,3,5,91.7,High,1,1,17.2,WhatsApp,1
S0571,E037,Electronics,3,5,91.7,High,1,1,8.2,WhatsApp,1
S0571,E022,Electronics,3,5,91.7,High,1,1,16.8,WhatsApp,1
S0571,E032,Electronics,3,5,91.7,High,1,1,5.1,WhatsApp,1
S0572,E009,Civil,1,5,82.6,High,1,1,17.1,WhatsApp,0
S0572,E010,Civil,1,5,82.6,High,1,1,2.8,Instagram,1
S0572,E024,Civil,1,5,82.6,High,1,1,11.8,WhatsApp,1
S0572,E035,Civil,1,5,82.6,High,1,1,7.9,WhatsApp,1
S0572,E001,Civil,1,5,82.6,High,1,1,15.4,College Portal,0
S0573,E037,IT,3,7,65.6,Low,1,0,8.1,Email,1
S0573,E030,IT,3,7,65.6,Low,1,1,16.9,College Portal,1
S0573,E019,IT,3,7,65.6,Low,0,0,10.6,WhatsApp,0
S0573,E032,IT,3,7,65.6,Low,1,1,9.0,WhatsApp,1
S0573,E022,IT,3,7,65.6,Low,1,1,4.4,College Portal,1
S0574,E039,Mechanical,4,5,79.2,High,1,1,16.3,Email,1
S0574,E028,Mechanical,4,5,79.2,High,1,1,1.4,Instagram,1
S0574,E016,Mechanical,4,5,79.2,High,0,0,1.7,WhatsApp,0
S0574,E029,Mechanical,4,5,79.2,High,1,1,2.4,College Portal,1
S0574,E005,Mechanical,4,5,79.2,High,1,1,15.5,Instagram,1
S0575,E012,Civil,1,1,76.4,Low,1,1,17.5,Email,1
S0575,E015,Civil,1,1,76.4,Low,1,1,5.2,WhatsApp,1
S0575,E026,Civil,1,1,76.4,Low,0,0,14.4,College Portal,0
S0575,E010,Civil,1,1,76.4,Low,1,1,2.5,WhatsApp,0
S0575,E013,Civil,1,1,76.4,Low,1,1,9.4,WhatsApp,1
S0576,E001,Electrical,1,4,86.6,High,0,0,11.8,Email,0
S0576,E030,Electrical,1,4,86.6,High,1,1,17.0,College Portal,1
S0576,E039,Electrical,1,4,86.6,High,0,0,14.0,WhatsApp,0
S0576,E019,Electrical,1,4,86.6,High,1,1,3.3,Email,1
S0576,E040,Electrical,1,4,86.6,High,0,0,14.8,Email,0
S0577,E016,Computer Engineering,1,6,60.7,Medium,1,1,2.1,Instagram,1
S0577,E039,Computer Engineering,1,6,60.7,Medium,1,1,3.6,WhatsApp,1
S0577,E032,Computer Engineering,1,6,60.7,Medium,1,1,9.2,Email,0
S0577,E025,Computer Engineering,1,6,60.7,Medium,0,0,7.3,Instagram,0
S0577,E006,Computer Engineering,1,6,60.7,Medium,1,0,14.0,WhatsApp,1
S0578,E026,Electrical,3,1,59.3,Medium,1,1,0.7,WhatsApp,1
S0578,E038,Electrical,3,1,59.3,Medium,1,0,0.9,WhatsApp,1
S0578,E035,Electrical,3,1,59.3,Medium,1,1,6.5,College Portal,1
S0578,E033,Electrical,3,1,59.3,Medium,0,0,13.9,Email,0
S0578,E024,Electrical,3,1,59.3,Medium,1,0,11.9,Email,1
S0579,E018,Electronics,3,1,79.3,Low,1,1,3.5,Instagram,1
S0579,E026,Electronics,3,1,79.3,Low,1,1,3.8,WhatsApp,1
S0579,E008,Electronics,3,1,79.3,Low,1,1,2.8,WhatsApp,0
S0579,E033,Electronics,3,1,79.3,Low,1,1,1.9,Instagram,0
S0579,E030,Electronics,3,1,79.3,Low,1,1,15.2,WhatsApp,1
S0580,E004,Computer Engineering,2,2,43.3,Low,1,1,8.9,Instagram,1
S0580,E020,Computer Engineering,2,2,43.3,Low,0,0,15.9,Email,0
S0580,E009,Computer Engineering,2,2,43.3,Low,1,1,3.9,WhatsApp,1
S0580,E023,Computer Engineering,2,2,43.3,Low,1,0,15.2,Instagram,1
S0580,E035,Computer Engineering,2,2,43.3,Low,1,1,11.6,WhatsApp,0
S0581,E019,IT,1,6,59.6,High,1,1,17.2,WhatsApp,1
S0581,E039,IT,1,6,59.6,High,0,0,13.0,Email,0
S0581,E001,IT,1,6,59.6,High,1,1,12.3,Instagram,1
S0581,E027,IT,1,6,59.6,High,1,1,9.3,Instagram,1
S0581,E036,IT,1,6,59.6,High,0,0,5.4,WhatsApp,0
S0582,E023,Electrical,2,4,70.8,High,1,1,9.1,WhatsApp,1
S0582,E014,Electrical,2,4,70.8,High,1,1,13.3,WhatsApp,0
S0582,E020,Electrical,2,4,70.8,High,1,1,15.4,WhatsApp,1
S0582,E005,Electrical,2,4,70.8,High,1,1,6.3,College Portal,0
S0582,E028,Electrical,2,4,70.8,High,1,1,8.6,Instagram,1
S0583,E035,Electronics,3,5,67.9,Medium,1,1,11.0,College Portal,1
S0583,E009,Electronics,3,5,67.9,Medium,1,1,13.2,WhatsApp,1
S0583,E034,Electronics,3,5,67.9,Medium,1,1,17.9,Email,1
S0583,E012,Electronics,3,5,67.9,Medium,1,0,15.7,Email,1
S0583,E008,Electronics,3,5,67.9,Medium,1,1,9.7,College Portal,1
S0584,E009,IT,2,8,75.5,High,1,1,11.6,Email,1
S0584,E017,IT,2,8,75.5,High,1,1,8.9,WhatsApp,1
S0584,E004,IT,2,8,75.5,High,1,1,0.5,College Portal,1
S0584,E015,IT,2,8,75.5,High,1,1,15.6,Email,1
S0584,E011,IT,2,8,75.5,High,0,0,0.7,WhatsApp,0
S0585,E001,Mechanical,4,5,70.0,High,0,0,14.1,WhatsApp,0
S0585,E003,Mechanical,4,5,70.0,High,1,0,3.1,College Portal,1
S0585,E008,Mechanical,4,5,70.0,High,0,0,5.8,Email,0
S0585,E036,Mechanical,4,5,70.0,High,1,1,5.3,College Portal,1
S0585,E012,Mechanical,4,5,70.0,High,1,1,14.7,Email,0
S0586,E026,Computer Engineering,1,6,84.0,Medium,1,1,8.2,College Portal,1
S0586,E036,Computer Engineering,1,6,84.0,Medium,1,1,17.2,WhatsApp,0
S0586,E038,Computer Engineering,1,6,84.0,Medium,1,1,9.8,Instagram,1
S0586,E009,Computer Engineering,1,6,84.0,Medium,1,1,2.6,WhatsApp,1
S0586,E020,Computer Engineering,1,6,84.0,Medium,1,1,12.5,Instagram,1
S0587,E019,Computer Engineering,3,3,89.7,Low,1,0,12.1,WhatsApp,0
S0587,E001,Computer Engineering,3,3,89.7,Low,1,1,16.4,Instagram,0
S0587,E029,Computer Engineering,3,3,89.7,Low,1,1,11.4,Instagram,1
S0587,E038,Computer Engineering,3,3,89.7,Low,1,1,15.5,College Portal,1
S0587,E005,Computer Engineering,3,3,89.7,Low,1,1,5.9,College Portal,1
S0588,E032,Computer Engineering,2,3,80.5,Low,1,0,17.2,WhatsApp,1
S0588,E040,Computer Engineering,2,3,80.5,Low,1,1,16.2,WhatsApp,1
S0588,E024,Computer Engineering,2,3,80.5,Low,1,0,9.1,Email,0
S0588,E010,Computer Engineering,2,3,80.5,Low,1,1,6.0,Instagram,1
S0588,E019,Computer Engineering,2,3,80.5,Low,1,1,17.5,Email,1
S0589,E025,Computer Engineering,2,4,81.3,Medium,1,0,4.6,Instagram,1
S0589,E011,Computer Engineering,2,4,81.3,Medium,1,1,14.8,Email,1
S0589,E004,Computer Engineering,2,4,81.3,Medium,1,1,11.1,Instagram,0
S0589,E029,Computer Engineering,2,4,81.3,Medium,0,0,9.2,WhatsApp,0
S0589,E032,Computer Engineering,2,4,81.3,Medium,1,1,8.5,Email,1
S0590,E028,Computer Engineering,3,4,89.0,Medium,1,1,12.8,Email,1
S0590,E036,Computer Engineering,3,4,89.0,Medium,1,1,17.2,Email,0
S0590,E037,Computer Engineering,3,4,89.0,Medium,1,1,1.3,WhatsApp,1
S0590,E003,Computer Engineering,3,4,89.0,Medium,1,1,13.3,College Portal,1
S0590,E004,Computer Engineering,3,4,89.0,Medium,1,1,3.1,Email,1
S0591,E003,Computer Engineering,3,5,75.1,Low,1,1,7.5,Instagram,1
S0591,E020,Computer Engineering,3,5,75.1,Low,1,1,12.3,WhatsApp,1
S0591,E025,Computer Engineering,3,5,75.1,Low,1,1,8.7,College Portal,1
S0591,E010,Computer Engineering,3,5,75.1,Low,0,0,4.7,Email,0
S0591,E027,Computer Engineering,3,5,75.1,Low,0,0,4.8,WhatsApp,0
S0592,E031,Mechanical,4,4,66.7,Low,1,1,11.5,College Portal,1
S0592,E040,Mechanical,4,4,66.7,Low,1,1,15.3,Instagram,1
S0592,E013,Mechanical,4,4,66.7,Low,0,0,12.8,Instagram,0
S0592,E008,Mechanical,4,4,66.7,,1,1,8.7,WhatsApp,0
S0592,E028,Mechanical,4,4,66.7,Low,1,1,5.8,College Portal,1
S0593,E004,Computer Engineering,1,5,80.5,Low,1,1,2.7,WhatsApp,0
S0593,E016,Computer Engineering,1,5,80.5,Low,1,1,4.5,WhatsApp,1
S0593,E029,Computer Engineering,1,5,80.5,Low,1,1,7.3,WhatsApp,1
S0593,E037,Computer Engineering,1,5,80.5,Low,1,1,12.7,WhatsApp,1
S0593,E009,Computer Engineering,1,5,80.5,Low,1,0,16.8,College Portal,1
S0594,E026,IT,1,3,43.2,High,0,0,4.9,Instagram,0
S0594,E029,IT,1,3,43.2,High,1,1,10.6,WhatsApp,0
S0594,E006,IT,1,3,43.2,High,1,1,6.2,WhatsApp,1
S0594,E032,IT,1,3,43.2,High,1,1,12.3,College Portal,0
S0594,E028,IT,1,3,43.2,High,0,0,6.9,WhatsApp,0
S0595,E015,Electrical,3,1,32.2,Low,1,1,6.3,College Portal,1
S0595,E024,Electrical,3,1,32.2,Low,1,1,3.5,Email,1
S0595,E004,Electrical,3,1,32.2,Low,0,0,0.6,College Portal,0
S0595,E002,Electrical,3,1,32.2,Low,1,1,15.4,WhatsApp,1
S0595,E006,Electrical,3,1,32.2,Low,1,1,8.0,WhatsApp,0
S0596,E035,IT,3,3,96.7,Medium,1,1,6.7,Email,1
S0596,E004,IT,3,3,96.7,Medium,1,1,5.3,Email,1
S0596,E032,IT,3,3,96.7,Medium,1,1,17.3,Instagram,1
S0596,E008,IT,3,3,96.7,Medium,1,1,2.2,College Portal,0
S0596,E019,IT,3,3,96.7,Medium,1,1,14.6,Email,1
S0597,E008,Mechanical,1,3,93.1,Medium,1,1,15.6,WhatsApp,1
S0597,E004,Mechanical,1,3,93.1,Medium,1,1,1.8,WhatsApp,1
S0597,E016,Mechanical,1,3,93.1,Medium,0,0,4.1,WhatsApp,0
S0597,E014,Mechanical,1,3,93.1,Medium,0,0,16.8,WhatsApp,0
S0597,E026,Mechanical,1,3,93.1,Medium,1,1,6.5,Instagram,1
S0598,E032,Computer Engineering,1,3,83.9,Medium,1,1,4.7,Instagram,0
S0598,E031,Computer Engineering,1,3,83.9,Medium,0,0,13.3,WhatsApp,0
S0598,E038,Computer Engineering,1,3,83.9,Medium,1,1,5.1,College Portal,1
S0598,E009,Computer Engineering,1,3,83.9,Medium,1,1,4.1,WhatsApp,1
S0598,E030,Computer Engineering,1,3,83.9,Medium,1,0,9.1,WhatsApp,1
S0599,E007,Computer Engineering,1,6,78.8,Low,1,1,6.8,WhatsApp,1
S0599,E021,Computer Engineering,1,6,78.8,Low,0,0,4.4,Instagram,0
S0599,E018,Computer Engineering,1,6,78.8,Low,1,1,2.0,College Portal,1
S0599,E005,Computer Engineering,1,6,78.8,Low,1,1,6.3,Email,1
S0599,E029,Computer Engineering,1,6,78.8,Low,0,0,7.4,WhatsApp,0
S0600,E023,Computer Engineering,4,7,96.1,Medium,1,1,17.0,WhatsApp,0
S0600,E003,Computer Engineering,4,7,96.1,Medium,1,1,12.0,College Portal,1
S0600,E039,Computer Engineering,4,7,96.1,Medium,1,1,15.7,Email,1
S0600,E032,Computer Engineering,4,7,96.1,Medium,1,1,3.0,WhatsApp,1
S0600,E017,Computer Engineering,4,7,96.1,Medium,1,1,2.6,College Portal,1
S0601,E031,Computer Engineering,1,5,53.6,Low,1,1,14.9,College Portal,0
S0601,E002,Computer Engineering,1,5,53.6,Low,1,1,12.2,WhatsApp,0
S0601,E039,Computer Engineering,1,5,53.6,Low,1,1,5.7,WhatsApp,1
S0601,E038,Computer Engineering,1,5,53.6,Low,1,1,13.7,Instagram,1
S0601,E022,Computer Engineering,1,5,53.6,Low,1,1,6.9,Instagram,1
S0602,E016,Computer Engineering,2,4,92.5,Medium,0,0,3.7,Email,0
S0602,E030,Computer Engineering,2,4,92.5,Medium,1,1,1.6,College Portal,1
S0602,E033,Computer Engineering,2,4,92.5,Medium,1,1,1.5,Email,1
S0602,E024,Computer Engineering,2,4,92.5,Medium,1,1,8.0,Instagram,1
S0602,E035,Computer Engineering,2,4,92.5,Medium,0,0,12.1,Email,0
S0603,E021,Computer Engineering,1,2,83.3,Low,1,1,2.8,WhatsApp,1
S0603,E020,Computer Engineering,1,2,83.3,Low,0,0,4.9,Email,0
S0603,E001,Computer Engineering,1,2,83.3,Low,1,1,1.1,Email,1
S0603,E035,Computer Engineering,1,2,83.3,Low,1,1,6.0,Instagram,1
S0603,E004,Computer Engineering,1,2,83.3,Low,1,1,9.5,Instagram,1
S0604,E005,Computer Engineering,2,0,89.4,Medium,1,1,3.2,Email,1
S0604,E036,Computer Engineering,2,0,89.4,Medium,1,1,17.8,WhatsApp,0
S0604,E007,Computer Engineering,2,0,89.4,Medium,1,1,10.4,Email,1
S0604,E034,Computer Engineering,2,0,89.4,Medium,1,1,6.0,WhatsApp,1
S0604,E033,Computer Engineering,2,0,89.4,Medium,1,1,16.8,WhatsApp,1
S0605,E037,Computer Engineering,1,4,73.8,Medium,1,1,0.8,Instagram,1
S0605,E016,Computer Engineering,1,4,73.8,Medium,1,1,4.0,Email,1
S0605,E021,Computer Engineering,1,4,73.8,Medium,1,0,17.4,WhatsApp,1
S0605,E031,Computer Engineering,1,4,73.8,Medium,1,0,10.8,Instagram,0
S0605,E019,Computer Engineering,1,4,73.8,Medium,0,0,7.0,College Portal,0
S0606,E036,IT,2,3,76.2,Medium,1,1,10.8,Email,1
S0606,E038,IT,2,3,76.2,Medium,1,1,13.1,College Portal,0
S0606,E001,IT,2,3,76.2,Medium,1,1,8.4,WhatsApp,1
S0606,E024,IT,2,3,76.2,Medium,1,1,13.8,College Portal,1
S0606,E040,IT,2,3,76.2,Medium,1,1,1.7,Email,1
S0607,E005,Computer Engineering,1,5,91.2,Medium,1,1,16.6,WhatsApp,0
S0607,E037,Computer Engineering,1,5,91.2,Medium,1,1,5.0,WhatsApp,1
S0607,E023,Computer Engineering,1,5,91.2,Medium,1,1,15.3,College Portal,1
S0607,E028,Computer Engineering,1,5,91.2,Medium,1,1,2.7,Email,1
S0607,E027,Computer Engineering,1,5,91.2,Medium,0,0,15.6,WhatsApp,0
S0608,E025,IT,4,3,93.7,Medium,1,1,13.4,College Portal,0
S0608,E012,IT,4,3,93.7,Medium,1,1,7.3,WhatsApp,1
S0608,E034,IT,4,3,93.7,Medium,1,0,15.9,Instagram,1
S0608,E026,IT,4,3,93.7,Medium,1,0,6.4,College Portal,1
S0608,E011,IT,4,3,93.7,Medium,0,0,6.8,WhatsApp,0
S0609,E023,Electronics,1,4,73.7,High,1,1,12.4,WhatsApp,0
S0609,E008,Electronics,1,4,73.7,High,1,1,13.6,Instagram,1
S0609,E034,Electronics,1,4,73.7,High,1,1,16.8,College Portal,1
S0609,E014,Electronics,1,4,73.7,High,1,1,9.6,Email,1
S0609,E010,Electronics,1,4,73.7,High,1,1,8.0,Email,1
S0610,E001,Mechanical,2,6,72.7,Medium,1,1,9.0,WhatsApp,1
S0610,E038,Mechanical,2,6,72.7,Medium,1,1,17.5,Email,1
S0610,E039,Mechanical,2,6,72.7,Medium,1,0,5.4,WhatsApp,1
S0610,E005,Mechanical,2,6,72.7,Medium,1,0,1.0,College Portal,1
S0610,E034,Mechanical,2,6,72.7,Medium,1,1,6.6,Email,1
S0611,E029,Computer Engineering,4,3,75.4,High,1,1,2.7,College Portal,1
S0611,E034,Computer Engineering,4,3,75.4,High,0,0,16.4,WhatsApp,0
S0611,E002,Computer Engineering,4,3,75.4,High,1,1,11.8,WhatsApp,1
S0611,E009,Computer Engineering,4,3,75.4,High,1,1,17.2,Instagram,1
S0611,E020,Computer Engineering,4,3,75.4,High,1,0,2.8,Instagram,1
S0612,E039,Civil,3,3,90.1,High,1,0,10.2,Email,0
S0612,E023,Civil,3,3,90.1,High,0,0,5.0,Instagram,0
S0612,E014,Civil,3,3,90.1,High,1,1,4.6,WhatsApp,1
S0612,E029,Civil,3,3,90.1,High,1,0,9.8,WhatsApp,1
S0612,E030,Civil,3,3,90.1,High,0,0,11.9,Instagram,0
S0613,E024,Mechanical,2,4,82.5,Medium,1,1,12.2,Instagram,0
S0613,E012,Mechanical,2,4,82.5,Medium,0,0,0.8,Email,0
S0613,E034,Mechanical,2,4,82.5,Medium,0,0,4.3,Email,0
S0613,E010,Mechanical,2,4,82.5,Medium,1,1,6.5,College Portal,1
S0613,E021,Mechanical,2,4,82.5,Medium,1,1,2.9,Email,0
S0614,E013,Computer Engineering,2,5,31.4,Medium,1,1,12.3,Instagram,1
S0614,E038,Computer Engineering,2,5,31.4,Medium,1,1,9.3,Email,1
S0614,E032,Computer Engineering,2,5,31.4,Medium,1,1,5.1,WhatsApp,1
S0614,E030,Computer Engineering,2,5,31.4,Medium,1,1,17.7,WhatsApp,0
S0614,E036,Computer Engineering,2,5,31.4,Medium,1,1,11.8,College Portal,0
S0615,E028,Civil,2,5,64.3,Medium,0,0,7.1,WhatsApp,0
S0615,E006,Civil,2,5,64.3,Medium,0,0,8.0,College Portal,0
S0615,E024,Civil,2,5,64.3,Medium,1,1,9.7,WhatsApp,1
S0615,E008,Civil,2,5,64.3,Medium,1,1,10.2,College Portal,0
S0615,E031,Civil,2,5,64.3,Medium,1,0,5.5,Email,1
S0616,E013,Electrical,3,4,62.3,Low,0,0,17.0,WhatsApp,0
S0616,E006,Electrical,3,4,62.3,Low,1,1,10.1,WhatsApp,1
S0616,E029,Electrical,3,4,62.3,Low,1,1,1.8,Instagram,1
S0616,E015,Electrical,3,4,62.3,Low,0,0,4.8,WhatsApp,0
S0616,E012,Electrical,3,4,62.3,Low,0,0,0.8,WhatsApp,0
S0617,E031,Computer Engineering,4,8,63.8,Low,0,0,12.3,College Portal,0
S0617,E028,Computer Engineering,4,8,63.8,Low,1,1,16.1,Email,0
S0617,E030,Computer Engineering,4,8,63.8,Low,1,1,11.2,Email,0
S0617,E022,Computer Engineering,4,8,63.8,Low,0,0,10.5,WhatsApp,0
S0617,E023,Computer Engineering,4,8,63.8,Low,0,0,10.4,Email,0
S0618,E027,Computer Engineering,3,6,78.8,Low,1,1,9.0,Email,1
S0618,E031,Computer Engineering,3,6,78.8,Low,1,0,2.6,College Portal,1
S0618,E019,Computer Engineering,3,6,78.8,Low,1,1,2.7,WhatsApp,0
S0618,E003,Computer Engineering,3,6,78.8,Low,1,1,13.4,Email,1
S0618,E025,Computer Engineering,3,6,78.8,Low,1,1,16.2,Instagram,0
S0619,E015,Civil,3,4,89.8,Low,1,1,4.4,WhatsApp,0
S0619,E004,Civil,3,4,89.8,Low,1,1,17.1,WhatsApp,0
S0619,E025,Civil,3,4,89.8,Low,1,1,3.7,WhatsApp,1
S0619,E040,Civil,3,4,89.8,Low,1,1,6.7,Email,1
S0619,E016,Civil,3,4,89.8,Low,1,1,14.4,College Portal,1
S0620,E032,Mechanical,3,3,97.8,Medium,1,1,16.4,WhatsApp,0
S0620,E018,Mechanical,3,3,97.8,Medium,0,0,2.0,WhatsApp,0
S0620,E006,Mechanical,3,3,97.8,Medium,1,1,5.8,Instagram,0
S0620,E007,Mechanical,3,3,97.8,Medium,1,0,5.2,Email,1
S0620,E003,Mechanical,3,3,97.8,Medium,1,1,12.0,WhatsApp,1
S0621,E036,Computer Engineering,2,3,50.5,High,1,1,4.8,Email,1
S0621,E038,Computer Engineering,2,3,50.5,High,1,1,14.1,WhatsApp,0
S0621,E026,Computer Engineering,2,3,50.5,High,1,1,4.0,Email,1
S0621,E015,Computer Engineering,2,3,50.5,High,1,1,1.7,College Portal,1
S0621,E003,Computer Engineering,2,3,50.5,High,1,0,2.8,Instagram,1
S0622,E019,Computer Engineering,1,4,76.9,Medium,1,1,9.1,WhatsApp,1
S0622,E034,Computer Engineering,1,4,76.9,Medium,1,1,15.8,WhatsApp,1
S0622,E015,Computer Engineering,1,4,76.9,Medium,1,1,3.7,WhatsApp,1
S0622,E026,Computer Engineering,1,4,76.9,Medium,0,0,9.2,College Portal,0
S0622,E016,Computer Engineering,1,4,76.9,Medium,1,0,13.7,WhatsApp,0
S0623,E033,IT,3,4,84.5,High,1,1,9.0,Email,1
S0623,E014,IT,3,4,84.5,High,1,1,4.9,Email,1
S0623,E004,IT,3,4,84.5,High,1,1,1.2,Instagram,1
S0623,E019,IT,3,4,84.5,High,1,1,10.8,Email,1
S0623,E002,IT,3,4,84.5,High,1,1,13.6,WhatsApp,1
S0624,E031,Electronics,4,3,91.1,High,0,0,1.1,College Portal,0
S0624,E006,Electronics,4,3,91.1,High,1,1,2.2,WhatsApp,0
S0624,E037,Electronics,4,3,91.1,High,1,1,17.9,WhatsApp,1
S0624,E002,Electronics,4,3,91.1,High,0,0,0.6,College Portal,0
S0624,E007,Electronics,4,3,91.1,High,1,1,12.7,WhatsApp,1
S0625,E001,Electronics,1,4,81.2,High,1,1,2.9,WhatsApp,0
S0625,E037,Electronics,1,4,81.2,High,1,1,17.0,College Portal,1
S0625,E008,Electronics,1,4,81.2,High,1,1,3.8,WhatsApp,1
S0625,E024,Electronics,1,4,81.2,High,0,0,1.6,WhatsApp,0
S0625,E015,Electronics,1,4,81.2,High,0,0,0.5,Instagram,0
S0626,E028,IT,3,3,91.9,High,1,1,17.0,College Portal,1
S0626,E029,IT,3,3,91.9,High,1,1,16.3,Email,1
S0626,E021,IT,3,3,91.9,High,1,1,10.0,Instagram,0
S0626,E001,IT,3,3,91.9,High,1,1,0.9,College Portal,1
S0626,E018,IT,3,3,91.9,High,0,0,6.8,Instagram,0
S0627,E004,IT,1,5,84.6,Medium,1,1,11.1,College Portal,1
S0627,E020,IT,1,5,84.6,Medium,1,1,10.1,Instagram,1
S0627,E040,IT,1,5,84.6,Medium,1,1,5.0,College Portal,1
S0627,E010,IT,1,5,84.6,Medium,1,1,7.0,Email,1
S0627,E001,IT,1,5,84.6,Medium,1,1,12.8,Email,1
S0628,E032,Mechanical,2,2,77.1,Low,1,1,17.7,Instagram,1
S0628,E006,Mechanical,2,2,77.1,Low,1,1,16.7,WhatsApp,0
S0628,E035,Mechanical,2,2,77.1,Low,1,1,8.5,Email,1
S0628,E020,Mechanical,2,2,77.1,Low,1,1,16.1,College Portal,0
S0628,E040,Mechanical,2,2,77.1,Low,0,0,3.9,Email,0
S0629,E032,Computer Engineering,1,6,72.9,Medium,1,1,16.7,WhatsApp,1
S0629,E040,Computer Engineering,1,6,72.9,Medium,1,1,5.7,Email,1
S0629,E030,Computer Engineering,1,6,72.9,Medium,0,0,15.9,College Portal,0
S0629,E013,Computer Engineering,1,6,72.9,Medium,1,0,14.8,Email,1
S0629,E027,Computer Engineering,1,6,72.9,Medium,1,1,2.1,Instagram,1
S0630,E021,Computer Engineering,2,5,63.0,Medium,1,1,16.9,College Portal,1
S0630,E005,Computer Engineering,2,5,63.0,Medium,1,1,11.5,WhatsApp,1
S0630,E017,Computer Engineering,2,5,63.0,Medium,1,0,3.1,WhatsApp,1
S0630,E031,Computer Engineering,2,5,63.0,Medium,1,1,8.4,Email,1
S0630,E026,Computer Engineering,2,5,63.0,Medium,1,1,9.8,Instagram,0
S0631,E012,Mechanical,3,1,89.7,High,1,1,9.9,Email,1
S0631,E009,Mechanical,3,1,89.7,High,1,0,3.8,WhatsApp,1
S0631,E004,Mechanical,3,1,89.7,High,1,1,14.9,WhatsApp,0
S0631,E032,Mechanical,3,1,89.7,High,1,1,12.8,Instagram,1
S0631,E021,Mechanical,3,1,89.7,High,1,1,1.2,Instagram,1
S0632,E013,Electrical,2,5,64.8,High,1,1,16.1,Email,1
S0632,E001,Electrical,2,5,64.8,High,1,1,3.4,Email,1
S0632,E018,Electrical,2,5,64.8,High,1,1,8.3,College Portal,1
S0632,E023,Electrical,2,5,64.8,High,1,1,14.4,Email,1
S0632,E036,Electrical,2,5,64.8,High,1,1,10.8,WhatsApp,1
S0633,E011,Electronics,3,4,95.8,Medium,1,1,8.8,WhatsApp,1
S0633,E036,Electronics,3,4,95.8,Medium,1,1,6.5,WhatsApp,1
S0633,E004,Electronics,3,4,95.8,Medium,1,1,9.7,WhatsApp,1
S0633,E024,Electronics,3,4,95.8,Medium,1,1,4.3,College Portal,1
S0633,E014,Electronics,3,4,95.8,Medium,1,1,4.9,Instagram,1
S0634,E003,Electronics,3,0,72.0,Medium,1,1,6.1,Instagram,1
S0634,E010,Electronics,3,0,72.0,Medium,1,0,12.1,College Portal,1
S0634,E021,Electronics,3,0,72.0,Medium,1,1,6.4,WhatsApp,0
S0634,E015,Electronics,3,0,72.0,Medium,1,1,7.9,Instagram,0
S0634,E008,Electronics,3,0,72.0,Medium,1,1,5.0,College Portal,1
S0635,E029,Computer Engineering,4,5,86.4,Low,1,0,6.7,College Portal,1
S0635,E008,Computer Engineering,4,5,86.4,Low,0,0,15.6,College Portal,0
S0635,E017,Computer Engineering,4,5,86.4,Low,1,1,11.9,Email,1
S0635,E033,Computer Engineering,4,5,86.4,Low,1,0,7.5,Email,0
S0635,E015,Computer Engineering,4,5,86.4,Low,1,1,9.8,Instagram,0
S0636,E033,IT,1,4,67.9,Low,1,1,13.8,Instagram,0
S0636,E036,IT,1,4,67.9,Low,1,1,4.4,WhatsApp,0
S0636,E028,IT,1,4,67.9,Low,1,1,2.4,WhatsApp,0
S0636,E024,IT,1,4,67.9,Low,1,0,15.8,College Portal,0
S0636,E017,IT,1,4,67.9,Low,1,1,7.9,Instagram,1
S0637,E029,Electronics,2,6,87.7,Medium,1,1,15.4,WhatsApp,0
S0637,E023,Electronics,2,6,87.7,Medium,1,1,7.4,College Portal,1
S0637,E013,Electronics,2,6,87.7,Medium,0,0,11.1,Email,0
S0637,E011,Electronics,2,6,87.7,Medium,1,1,7.9,Instagram,1
S0637,E028,Electronics,2,6,87.7,Medium,1,1,5.8,College Portal,1
S0638,E010,Computer Engineering,1,1,62.1,Medium,1,1,12.1,College Portal,1
S0638,E033,Computer Engineering,1,1,62.1,Medium,1,1,15.1,WhatsApp,1
S0638,E024,Computer Engineering,1,1,62.1,Medium,1,1,17.2,Email,0
S0638,E037,Computer Engineering,1,1,62.1,Medium,0,0,4.7,Instagram,0
S0638,E002,Computer Engineering,1,1,62.1,Medium,1,1,12.6,WhatsApp,1
S0639,E001,Computer Engineering,4,2,84.8,High,1,1,0.8,WhatsApp,1
S0639,E040,Computer Engineering,4,2,84.8,High,1,1,9.4,College Portal,1
S0639,E023,Computer Engineering,4,2,84.8,High,1,1,16.0,College Portal,0
S0639,E035,Computer Engineering,4,2,84.8,High,1,0,8.9,Email,1
S0639,E003,Computer Engineering,4,2,84.8,High,1,1,17.7,College Portal,1
S0640,E031,IT,4,2,79.1,Medium,1,1,1.0,College Portal,1
S0640,E015,IT,4,2,79.1,Medium,1,1,2.5,Email,1
S0640,E034,IT,4,2,79.1,Medium,1,0,2.2,WhatsApp,0
S0640,E028,IT,4,2,79.1,Medium,1,0,6.1,WhatsApp,1
S0640,E024,IT,4,2,79.1,Medium,1,1,13.2,Instagram,1
S0641,E011,Computer Engineering,2,3,59.7,High,1,1,1.3,College Portal,1
S0641,E028,Computer Engineering,2,3,59.7,High,1,1,6.1,College Portal,1
S0641,E012,Computer Engineering,2,3,59.7,High,1,1,3.6,Instagram,1
S0641,E024,Computer Engineering,2,3,59.7,High,0,0,17.3,Email,0
S0641,E026,Computer Engineering,2,3,59.7,High,1,1,6.6,Email,1
S0642,E012,IT,4,3,66.6,Medium,1,1,3.4,WhatsApp,0
S0642,E018,IT,4,3,66.6,Medium,1,1,1.2,Email,1
S0642,E020,IT,4,3,66.6,Medium,1,1,5.3,Instagram,1
S0642,E009,IT,4,3,66.6,Medium,1,1,1.2,WhatsApp,1
S0642,E025,IT,4,3,66.6,Medium,1,1,7.4,WhatsApp,1
S0643,E001,Computer Engineering,2,1,95.8,High,1,1,11.2,College Portal,1
S0643,E033,Computer Engineering,2,1,95.8,High,1,1,17.8,WhatsApp,1
S0643,E038,Computer Engineering,2,1,95.8,High,0,0,16.9,College Portal,0
S0643,E015,Computer Engineering,2,1,95.8,High,1,1,0.5,WhatsApp,0
S0643,E016,Computer Engineering,2,1,95.8,High,1,1,10.2,College Portal,1
S0644,E010,IT,3,3,70.4,Low,1,1,6.2,College Portal,1
S0644,E020,IT,3,3,70.4,Low,1,1,12.7,WhatsApp,1
S0644,E035,IT,3,3,70.4,Low,0,0,7.6,WhatsApp,0
S0644,E039,IT,3,3,70.4,Low,1,1,11.1,Instagram,0
S0644,E002,IT,3,3,70.4,Low,0,0,8.1,Email,0
S0645,E021,Computer Engineering,1,3,50.5,High,1,1,14.9,College Portal,1
S0645,E031,Computer Engineering,1,3,50.5,High,1,1,11.9,Email,1
S0645,E033,Computer Engineering,1,3,50.5,High,1,1,4.0,WhatsApp,0
S0645,E002,Computer Engineering,1,3,50.5,High,1,1,12.8,Email,0
S0645,E028,Computer Engineering,1,3,50.5,High,0,0,4.4,Email,0
S0646,E018,Electrical,3,3,89.8,Medium,1,1,3.4,WhatsApp,1
S0646,E019,Electrical,3,3,89.8,Medium,1,1,17.1,College Portal,1
S0646,E010,Electrical,3,3,89.8,Medium,1,0,2.2,WhatsApp,1
S0646,E040,Electrical,3,3,89.8,Medium,1,1,7.9,WhatsApp,1
S0646,E005,Electrical,3,3,89.8,Medium,0,0,10.8,College Portal,0
S0647,E032,Electronics,1,2,96.8,Low,1,1,5.0,WhatsApp,0
S0647,E030,Electronics,1,2,96.8,Low,1,1,4.8,College Portal,1
S0647,E002,Electronics,1,2,96.8,Low,1,1,1.8,Email,1
S0647,E033,Electronics,1,2,96.8,Low,1,1,0.5,Email,1
S0647,E001,Electronics,1,2,96.8,Low,1,0,10.9,College Portal,0
S0648,E025,Mechanical,4,3,81.4,Low,1,0,8.2,WhatsApp,0
S0648,E029,Mechanical,4,3,81.4,Low,1,1,7.9,Instagram,1
S0648,E023,Mechanical,4,3,81.4,Low,1,1,1.8,Instagram,1
S0648,E017,Mechanical,4,3,81.4,Low,1,1,11.9,College Portal,0
S0648,E038,Mechanical,4,3,81.4,Low,1,1,11.2,Email,1
S0649,E011,Civil,3,6,82.7,High,1,1,12.5,WhatsApp,1
S0649,E020,Civil,3,6,82.7,High,0,0,13.6,WhatsApp,0
S0649,E013,Civil,3,6,82.7,High,0,0,11.7,College Portal,0
S0649,E015,Civil,3,6,82.7,High,1,1,12.3,WhatsApp,1
S0649,E023,Civil,3,6,82.7,High,0,0,14.1,WhatsApp,0
S0650,E008,Electronics,3,2,89.3,Low,1,1,5.2,WhatsApp,1
S0650,E003,Electronics,3,2,89.3,Low,1,1,17.7,WhatsApp,1
S0650,E039,Electronics,3,2,89.3,Low,0,0,13.2,Instagram,0
S0650,E010,Electronics,3,2,89.3,Low,0,0,11.7,WhatsApp,0
S0650,E036,Electronics,3,2,89.3,Low,1,0,17.2,Instagram,0
S0651,E031,Computer Engineering,1,4,53.1,Medium,1,1,5.7,Email,1
S0651,E024,Computer Engineering,1,4,53.1,Medium,1,1,,College Portal,1
S0651,E001,Computer Engineering,1,4,53.1,Medium,1,0,13.4,Email,0
S0651,E006,Computer Engineering,1,4,53.1,Medium,0,0,14.4,WhatsApp,0
S0651,E039,Computer Engineering,1,4,53.1,Medium,1,0,14.4,College Portal,1
S0652,E007,Electronics,2,4,95.5,Medium,1,1,15.3,WhatsApp,0
S0652,E010,Electronics,2,4,95.5,Medium,0,0,4.8,WhatsApp,0
S0652,E011,Electronics,2,4,95.5,Medium,1,1,0.6,WhatsApp,1
S0652,E024,Electronics,2,4,95.5,Medium,1,1,13.0,College Portal,1
S0652,E025,Electronics,2,4,95.5,Medium,1,1,16.2,WhatsApp,1
S0653,E018,Electronics,1,3,79.0,Medium,1,1,5.0,Email,1
S0653,E031,Electronics,1,3,79.0,Medium,1,1,2.3,Instagram,0
S0653,E037,Electronics,1,3,79.0,Medium,1,1,16.1,WhatsApp,1
S0653,E010,Electronics,1,3,79.0,Medium,1,1,6.3,College Portal,1
S0653,E029,Electronics,1,3,79.0,Medium,1,1,15.0,College Portal,1
S0654,E031,Mechanical,2,4,91.3,High,1,1,2.1,Email,1
S0654,E010,Mechanical,2,4,91.3,High,1,1,17.1,WhatsApp,1
S0654,E038,Mechanical,2,4,91.3,High,1,1,17.2,WhatsApp,1
S0654,E020,Mechanical,2,4,91.3,High,1,1,8.7,Email,1
S0654,E015,Mechanical,2,4,91.3,High,1,1,11.9,WhatsApp,1
S0655,E035,IT,1,3,75.6,Medium,0,0,12.7,Email,0
S0655,E013,IT,1,3,75.6,Medium,1,1,10.3,Email,1
S0655,E039,IT,1,3,75.6,Medium,1,1,14.0,WhatsApp,1
S0655,E009,IT,1,3,75.6,Medium,1,1,14.6,College Portal,0
S0655,E032,IT,1,3,75.6,Medium,1,1,1.2,WhatsApp,0
S0656,E028,Computer Engineering,4,3,91.3,Medium,1,1,11.6,Email,1
S0656,E030,Computer Engineering,4,3,91.3,Medium,1,1,15.1,WhatsApp,1
S0656,E020,Computer Engineering,4,3,91.3,Medium,0,0,12.8,Email,0
S0656,E010,Computer Engineering,4,3,91.3,Medium,0,0,5.3,WhatsApp,0
S0656,E005,Computer Engineering,4,3,91.3,Medium,1,1,1.7,Email,1
S0657,E028,IT,3,6,81.2,High,1,1,13.5,College Portal,1
S0657,E026,IT,3,6,81.2,High,1,1,5.5,College Portal,1
S0657,E006,IT,3,6,81.2,High,1,1,3.8,Instagram,1
S0657,E023,IT,3,6,81.2,High,1,1,10.6,WhatsApp,1
S0657,E005,IT,3,6,81.2,High,1,1,4.4,Email,1
S0658,E038,IT,2,7,86.7,High,1,1,12.0,WhatsApp,1
S0658,E010,IT,2,7,86.7,High,1,1,17.5,WhatsApp,0
S0658,E004,IT,2,7,86.7,High,0,0,13.1,College Portal,0
S0658,E031,IT,2,7,86.7,High,1,1,1.1,WhatsApp,1
S0658,E033,IT,2,7,86.7,High,0,0,15.1,WhatsApp,0
S0659,E029,Mechanical,2,6,89.4,High,1,1,6.8,College Portal,0
S0659,E030,Mechanical,2,6,89.4,High,1,1,1.7,WhatsApp,1
S0659,E005,Mechanical,2,6,89.4,High,1,1,15.3,Instagram,1
S0659,E027,Mechanical,2,6,89.4,High,1,1,10.6,Email,1
S0659,E022,Mechanical,2,6,89.4,High,1,1,17.7,College Portal,1
S0660,E023,Electronics,2,2,75.7,Medium,1,1,3.2,WhatsApp,1
S0660,E008,Electronics,2,2,75.7,Medium,1,1,4.9,Email,1
S0660,E017,Electronics,2,2,75.7,Medium,0,0,14.5,Instagram,0
S0660,E028,Electronics,2,2,75.7,Medium,1,1,17.1,WhatsApp,1
S0660,E022,Electronics,2,2,75.7,Medium,1,1,0.6,WhatsApp,0
S0661,E009,IT,3,1,52.6,Medium,1,1,9.3,College Portal,1
S0661,E013,IT,3,1,52.6,Medium,1,1,15.3,Email,0
S0661,E034,IT,3,1,52.6,Medium,0,0,0.7,Email,0
S0661,E001,IT,3,1,52.6,Medium,1,1,6.7,WhatsApp,1
S0661,E011,IT,3,1,52.6,Medium,0,0,17.2,WhatsApp,0
S0662,E021,Electrical,2,5,71.3,Medium,1,1,3.9,WhatsApp,1
S0662,E012,Electrical,2,5,71.3,Medium,1,0,14.1,Email,0
S0662,E015,Electrical,2,5,71.3,Medium,0,0,5.2,Email,0
S0662,E019,Electrical,2,5,71.3,Medium,1,1,11.0,WhatsApp,1
S0662,E026,Electrical,2,5,71.3,Medium,1,1,9.6,Email,1
S0663,E037,Electronics,4,2,87.4,High,0,0,3.3,College Portal,0
S0663,E028,Electronics,4,2,87.4,High,1,1,10.9,Instagram,1
S0663,E008,Electronics,4,2,87.4,High,1,1,3.7,College Portal,1
S0663,E015,Electronics,4,2,87.4,High,0,0,11.6,College Portal,0
S0663,E004,Electronics,4,2,87.4,High,1,1,8.6,Email,1
S0664,E019,Computer Engineering,2,5,78.7,Low,1,1,6.3,Email,1
S0664,E036,Computer Engineering,2,5,78.7,Low,1,1,5.6,WhatsApp,1
S0664,E009,Computer Engineering,2,5,78.7,Low,1,1,6.6,College Portal,1
S0664,E025,Computer Engineering,2,5,78.7,Low,1,0,12.6,WhatsApp,0
S0664,E026,Computer Engineering,2,5,78.7,Low,1,1,13.0,College Portal,1
S0665,E024,Computer Engineering,4,3,66.8,Medium,1,1,9.0,College Portal,0
S0665,E015,Computer Engineering,4,3,66.8,Medium,1,1,4.6,WhatsApp,1
S0665,E023,Computer Engineering,4,3,66.8,Medium,1,1,6.4,Email,1
S0665,E007,Computer Engineering,4,3,66.8,Medium,0,0,1.1,Instagram,0
S0665,E019,Computer Engineering,4,3,66.8,Medium,1,1,11.7,College Portal,1
S0666,E011,Computer Engineering,4,5,75.0,Low,1,1,4.2,WhatsApp,1
S0666,E005,Computer Engineering,4,5,75.0,Low,1,1,1.1,WhatsApp,1
S0666,E006,Computer Engineering,4,5,75.0,Low,1,1,5.9,WhatsApp,1
S0666,E008,Computer Engineering,4,5,75.0,Low,1,1,3.3,Email,1
S0666,E014,Computer Engineering,4,5,75.0,Low,1,1,5.1,Instagram,0
S0667,E007,Computer Engineering,1,5,91.0,Medium,1,1,10.4,WhatsApp,1
S0667,E036,Computer Engineering,1,5,91.0,Medium,1,1,9.0,Email,1
S0667,E026,Computer Engineering,1,5,91.0,Medium,0,0,16.1,College Portal,0
S0667,E030,Computer Engineering,1,5,91.0,Medium,1,1,4.6,College Portal,1
S0667,E014,Computer Engineering,1,5,91.0,Medium,1,0,6.9,Email,0
S0668,E033,Computer Engineering,4,5,81.8,High,0,0,14.6,College Portal,0
S0668,E006,Computer Engineering,4,5,81.8,High,1,1,1.2,WhatsApp,1
S0668,E024,Computer Engineering,4,5,81.8,High,1,1,17.6,Instagram,1
S0668,E009,Computer Engineering,4,5,81.8,High,1,1,16.2,Email,0
S0668,E035,Computer Engineering,4,5,81.8,High,1,0,8.4,WhatsApp,1
S0669,E040,Computer Engineering,1,6,69.8,Low,1,1,7.1,Email,0
S0669,E032,Computer Engineering,1,6,69.8,Low,1,1,4.2,WhatsApp,1
S0669,E038,Computer Engineering,1,6,69.8,Low,1,1,16.4,Email,1
S0669,E022,Computer Engineering,1,6,69.8,Low,1,0,6.8,College Portal,0
S0669,E037,Computer Engineering,1,6,69.8,Low,1,1,6.6,WhatsApp,1
S0670,E023,IT,4,6,80.4,Medium,1,1,16.0,Email,1
S0670,E018,IT,4,6,80.4,Medium,1,1,8.6,Email,1
S0670,E010,IT,4,6,80.4,Medium,1,1,12.3,WhatsApp,1
S0670,E030,IT,4,6,80.4,Medium,1,1,2.2,WhatsApp,1
S0670,E019,IT,4,6,80.4,Medium,0,0,6.1,Instagram,0
S0671,E007,Computer Engineering,2,5,86.8,High,1,1,2.1,WhatsApp,1
S0671,E011,Computer Engineering,2,5,86.8,High,1,1,4.2,Email,1
S0671,E010,Computer Engineering,2,5,86.8,High,1,1,8.8,WhatsApp,1
S0671,E021,Computer Engineering,2,5,86.8,High,1,1,3.7,College Portal,1
S0671,E038,Computer Engineering,2,5,86.8,High,0,0,3.6,WhatsApp,0
S0672,E012,Electrical,4,5,69.9,Medium,1,1,13.8,Instagram,1
S0672,E027,Electrical,4,5,69.9,Medium,1,1,16.8,Instagram,0
S0672,E005,Electrical,4,5,69.9,Medium,1,1,9.3,WhatsApp,1
S0672,E035,Electrical,4,5,69.9,Medium,1,1,5.5,Email,0
S0672,E006,Electrical,4,5,69.9,Medium,1,1,15.9,College Portal,1
S0673,E040,Computer Engineering,4,2,73.4,Medium,1,1,17.1,College Portal,0
S0673,E035,Computer Engineering,4,2,73.4,Medium,0,0,13.5,Instagram,0
S0673,E031,Computer Engineering,4,2,73.4,Medium,0,0,13.6,Instagram,0
S0673,E017,Computer Engineering,4,2,73.4,Medium,1,1,6.6,Email,1
S0673,E019,Computer Engineering,4,2,73.4,Medium,1,1,11.1,College Portal,0
S0674,E030,Electronics,4,4,87.4,High,1,0,7.5,College Portal,1
S0674,E012,Electronics,4,4,87.4,High,1,1,8.4,WhatsApp,1
S0674,E004,Electronics,4,4,87.4,High,1,1,1.7,College Portal,1
S0674,E035,Electronics,4,4,87.4,High,1,1,17.6,Email,1
S0674,E027,Electronics,4,4,87.4,High,1,0,10.4,Email,1
S0675,E015,IT,3,4,77.4,High,1,1,10.1,Instagram,0
S0675,E031,IT,3,4,77.4,High,1,0,2.6,Instagram,0
S0675,E037,IT,3,4,77.4,High,1,0,13.6,WhatsApp,1
S0675,E005,IT,3,4,77.4,High,1,1,5.6,Email,1
S0675,E018,IT,3,4,77.4,High,1,1,4.9,WhatsApp,1
S0676,E010,Electrical,2,2,83.1,Medium,1,1,1.5,WhatsApp,0
S0676,E021,Electrical,2,2,83.1,Medium,1,1,5.4,WhatsApp,1
S0676,E034,Electrical,2,2,83.1,Medium,1,0,16.4,College Portal,1
S0676,E013,Electrical,2,2,83.1,Medium,0,0,11.1,WhatsApp,0
S0676,E039,Electrical,2,2,83.1,Medium,1,1,15.9,College Portal,0
S0677,E018,Computer Engineering,1,3,80.2,Low,1,1,12.8,Email,1
S0677,E022,Computer Engineering,1,3,80.2,Low,1,1,15.0,WhatsApp,1
S0677,E003,Computer Engineering,1,3,80.2,Low,0,0,15.4,WhatsApp,0
S0677,E025,Computer Engineering,1,3,80.2,Low,1,1,8.2,WhatsApp,1
S0677,E036,Computer Engineering,1,3,80.2,Low,1,1,8.7,WhatsApp,1
S0678,E006,IT,2,3,92.6,Low,1,1,1.8,Email,1
S0678,E001,IT,2,3,92.6,Low,1,0,9.2,College Portal,1
S0678,E016,IT,2,3,92.6,Low,0,0,4.9,WhatsApp,0
S0678,E024,IT,2,3,92.6,Low,0,0,7.0,Email,0
S0678,E023,IT,2,3,92.6,Low,1,1,1.6,WhatsApp,1
S0679,E023,Electrical,1,4,90.9,High,1,1,16.3,Email,1
S0679,E022,Electrical,1,4,90.9,High,0,0,1.1,Instagram,0
S0679,E007,Electrical,1,4,90.9,High,1,1,2.2,WhatsApp,1
S0679,E010,Electrical,1,4,90.9,High,1,1,2.4,College Portal,1
S0679,E040,Electrical,1,4,90.9,High,1,1,6.1,College Portal,1
S0680,E012,Civil,3,4,97.0,High,1,1,5.0,WhatsApp,1
S0680,E023,Civil,3,4,97.0,High,1,1,15.4,Email,1
S0680,E037,Civil,3,4,97.0,High,1,1,5.0,WhatsApp,1
S0680,E038,Civil,3,4,97.0,High,1,1,14.5,Email,0
S0680,E028,Civil,3,4,97.0,High,0,0,11.1,College Portal,0
S0681,E029,Civil,2,2,76.1,Medium,1,1,2.9,Email,1
S0681,E009,Civil,2,2,76.1,Medium,1,1,17.7,WhatsApp,1
S0681,E034,Civil,2,2,76.1,Medium,1,1,6.5,Instagram,1
S0681,E033,Civil,2,2,76.1,Medium,1,0,14.1,WhatsApp,0
S0681,E013,Civil,2,2,76.1,Medium,0,0,4.9,WhatsApp,0
S0682,E022,Computer Engineering,4,6,97.8,Medium,1,1,4.8,Instagram,1
S0682,E038,Computer Engineering,4,6,97.8,Medium,0,0,8.2,Email,0
S0682,E010,Computer Engineering,4,6,97.8,Medium,1,1,10.9,College Portal,0
S0682,E004,Computer Engineering,4,6,97.8,Medium,1,1,8.1,College Portal,1
S0682,E012,Computer Engineering,4,6,97.8,Medium,1,1,5.5,WhatsApp,1
S0683,E025,Computer Engineering,3,4,68.5,Low,0,0,0.9,Email,0
S0683,E028,Computer Engineering,3,4,68.5,Low,0,0,4.3,College Portal,0
S0683,E027,Computer Engineering,3,4,68.5,Low,1,1,15.2,College Portal,1
S0683,E013,Computer Engineering,3,4,68.5,Low,1,0,7.0,WhatsApp,0
S0683,E026,Computer Engineering,3,4,68.5,Low,1,1,12.8,College Portal,0
S0684,E020,Mechanical,4,4,42.1,Medium,1,1,14.0,Email,1
S0684,E008,Mechanical,4,4,42.1,Medium,1,1,7.8,WhatsApp,0
S0684,E027,Mechanical,4,4,42.1,Medium,1,1,0.9,WhatsApp,1
S0684,E039,Mechanical,4,4,42.1,Medium,1,1,6.7,Instagram,1
S0684,E005,Mechanical,4,4,42.1,Medium,1,1,14.3,College Portal,0
S0685,E023,Electrical,1,4,92.1,Medium,0,0,12.7,College Portal,0
S0685,E037,Electrical,1,4,92.1,Medium,1,1,4.8,Email,1
S0685,E001,Electrical,1,4,92.1,Medium,1,1,10.2,WhatsApp,1
S0685,E029,Electrical,1,4,92.1,Medium,1,0,10.2,Instagram,1
S0685,E033,Electrical,1,4,92.1,Medium,1,1,6.4,WhatsApp,1
S0686,E011,Electronics,4,6,86.5,High,1,1,8.3,Email,1
S0686,E002,Electronics,4,6,86.5,High,1,1,0.6,College Portal,1
S0686,E005,Electronics,4,6,86.5,High,0,0,3.7,WhatsApp,0
S0686,E033,Electronics,4,6,86.5,High,0,0,11.1,Instagram,0
S0686,E035,Electronics,4,6,86.5,High,1,0,11.4,Email,1
S0687,E036,Electronics,4,5,80.9,Medium,1,1,17.9,Email,1
S0687,E008,Electronics,4,5,80.9,Medium,1,1,5.7,College Portal,1
S0687,E013,Electronics,4,5,80.9,Medium,1,1,17.3,Email,1
S0687,E004,Electronics,4,5,80.9,Medium,1,1,17.4,WhatsApp,0
S0687,E039,Electronics,4,5,80.9,Medium,1,0,15.2,Instagram,1
S0688,E011,Computer Engineering,2,3,97.1,Medium,1,1,8.3,Instagram,1
S0688,E001,Computer Engineering,2,3,97.1,Medium,1,0,1.7,WhatsApp,1
S0688,E028,Computer Engineering,2,3,97.1,Medium,0,0,3.6,WhatsApp,0
S0688,E006,Computer Engineering,2,3,97.1,Medium,1,0,9.4,Email,1
S0688,E003,Computer Engineering,2,3,97.1,Medium,1,1,8.9,WhatsApp,1
S0689,E036,Civil,3,5,74.0,Medium,1,1,7.6,Email,0
S0689,E016,Civil,3,5,74.0,Medium,1,1,1.4,Email,1
S0689,E030,Civil,3,5,74.0,Medium,1,1,2.4,WhatsApp,1
S0689,E034,Civil,3,5,74.0,Medium,1,1,3.1,WhatsApp,0
S0689,E038,Civil,3,5,74.0,Medium,1,1,16.4,WhatsApp,1
S0690,E027,Computer Engineering,3,5,76.3,Medium,1,1,3.3,Instagram,1
S0690,E002,Computer Engineering,3,5,76.3,Medium,1,0,0.8,WhatsApp,1
S0690,E038,Computer Engineering,3,5,76.3,Medium,1,1,9.2,WhatsApp,1
S0690,E039,Computer Engineering,3,5,76.3,Medium,0,0,3.1,WhatsApp,0
S0690,E023,Computer Engineering,3,5,76.3,Medium,1,1,6.6,College Portal,1
S0691,E030,IT,1,5,83.6,Medium,1,1,17.5,WhatsApp,0
S0691,E040,IT,1,5,83.6,Medium,1,1,17.0,Email,0
S0691,E022,IT,1,5,83.6,Medium,1,1,16.8,WhatsApp,0
S0691,E003,IT,1,5,83.6,Medium,1,1,3.0,WhatsApp,1
S0691,E027,IT,1,5,83.6,Medium,1,1,9.2,Email,1
S0692,E039,IT,2,4,71.6,Low,1,1,1.1,College Portal,1
S0692,E007,IT,2,4,71.6,Low,0,0,3.5,Email,0
S0692,E031,IT,2,4,71.6,Low,1,0,7.7,College Portal,1
S0692,E035,IT,2,4,71.6,Low,1,1,10.1,College Portal,0
S0692,E030,IT,2,4,71.6,Low,1,1,16.0,Email,0
S0693,E026,Electronics,2,6,72.7,Medium,1,1,18.0,College Portal,1
S0693,E037,Electronics,2,6,72.7,Medium,1,1,1.5,Email,1
S0693,E002,Electronics,2,6,72.7,Medium,0,0,15.8,WhatsApp,0
S0693,E039,Electronics,2,6,72.7,Medium,1,1,8.8,Email,1
S0693,E027,Electronics,2,6,72.7,Medium,1,1,4.3,Instagram,1
S0694,E003,Computer Engineering,1,2,87.0,Low,1,1,15.3,WhatsApp,1
S0694,E011,Computer Engineering,1,2,87.0,Low,0,0,2.1,WhatsApp,0
S0694,E014,Computer Engineering,1,2,87.0,Low,1,1,4.3,WhatsApp,0
S0694,E012,Computer Engineering,1,2,87.0,Low,1,1,17.7,WhatsApp,0
S0694,E015,Computer Engineering,1,2,87.0,Low,1,1,8.0,WhatsApp,1
S0695,E040,Computer Engineering,2,9,58.1,Low,1,1,6.2,College Portal,0
S0695,E002,Computer Engineering,2,9,58.1,Low,1,0,15.5,Instagram,1
S0695,E014,Computer Engineering,2,9,58.1,Low,1,1,17.2,Email,1
S0695,E006,Computer Engineering,2,9,58.1,Low,0,0,1.2,WhatsApp,0
S0695,E003,Computer Engineering,2,9,58.1,Low,1,1,6.1,WhatsApp,1
S0696,E010,Electronics,1,2,78.1,High,1,0,6.2,Instagram,1
S0696,E021,Electronics,1,2,78.1,High,1,1,6.6,College Portal,0
S0696,E031,Electronics,1,2,78.1,High,1,1,13.5,Email,0
S0696,E038,Electronics,1,2,78.1,High,0,0,9.3,WhatsApp,0
S0696,E003,Electronics,1,2,78.1,High,1,1,14.0,College Portal,1
S0697,E028,IT,1,2,75.3,,1,1,2.5,Email,1
S0697,E007,IT,1,2,75.3,Medium,1,0,11.9,WhatsApp,1
S0697,E033,IT,1,2,75.3,Medium,1,1,14.9,WhatsApp,1
S0697,E027,IT,1,2,75.3,Medium,0,0,0.8,Instagram,0
S0697,E011,IT,1,2,75.3,Medium,0,0,5.9,College Portal,0
S0698,E018,Electronics,1,2,85.9,Medium,1,1,10.3,Email,1
S0698,E029,Electronics,1,2,85.9,Medium,1,1,9.2,College Portal,1
S0698,E010,Electronics,1,2,85.9,Medium,1,1,6.1,WhatsApp,1
S0698,E007,Electronics,1,2,85.9,Medium,1,1,10.7,College Portal,1
S0698,E037,Electronics,1,2,85.9,Medium,1,1,15.8,WhatsApp,1
S0699,E039,Computer Engineering,4,3,87.2,High,1,1,6.8,Instagram,1
S0699,E040,Computer Engineering,4,3,87.2,High,1,1,6.5,College Portal,1
S0699,E015,Computer Engineering,4,3,87.2,High,1,1,14.1,College Portal,1
S0699,E016,Computer Engineering,4,3,87.2,High,1,1,8.8,College Portal,1
S0699,E033,Computer Engineering,4,3,87.2,High,0,0,5.5,Email,0
S0700,E018,Electronics,2,6,97.5,Medium,1,1,5.1,WhatsApp,1
S0700,E003,Electronics,2,6,97.5,Medium,1,1,11.4,College Portal,1
S0700,E014,Electronics,2,6,97.5,Medium,1,1,4.4,Instagram,1
S0700,E001,Electronics,2,6,97.5,Medium,1,1,2.0,WhatsApp,1
S0700,E038,Electronics,2,6,97.5,Medium,1,1,11.0,WhatsApp,1
S0701,E010,Electronics,4,2,83.2,High,0,0,10.2,College Portal,0
S0701,E026,Electronics,4,2,83.2,High,1,1,13.6,WhatsApp,1
S0701,E018,Electronics,4,2,83.2,High,1,1,1.1,Email,1
S0701,E005,Electronics,4,2,83.2,High,1,1,14.9,College Portal,0
S0701,E014,Electronics,4,2,83.2,High,1,0,5.8,WhatsApp,0
S0702,E002,Computer Engineering,2,4,91.7,Low,1,1,8.0,College Portal,0
S0702,E023,Computer Engineering,2,4,91.7,Low,1,1,3.9,Instagram,1
S0702,E007,Computer Engineering,2,4,91.7,Low,1,1,14.4,College Portal,1
S0702,E001,Computer Engineering,2,4,91.7,Low,1,1,4.8,Instagram,1
S0702,E013,Computer Engineering,2,4,91.7,Low,0,0,9.4,College Portal,0
S0703,E018,IT,2,3,91.1,High,1,1,1.6,WhatsApp,1
S0703,E038,IT,2,3,91.1,High,1,1,13.8,College Portal,1
S0703,E009,IT,2,3,91.1,High,1,1,0.5,Instagram,1
S0703,E016,IT,2,3,91.1,High,1,1,3.0,Email,1
S0703,E023,IT,2,3,91.1,High,1,1,14.8,WhatsApp,1
S0704,E025,Computer Engineering,2,9,86.5,High,1,1,7.5,WhatsApp,1
S0704,E039,Computer Engineering,2,9,86.5,High,1,1,5.1,College Portal,1
S0704,E013,Computer Engineering,2,9,86.5,High,1,0,17.4,WhatsApp,1
S0704,E030,Computer Engineering,2,9,86.5,High,1,1,16.7,College Portal,1
S0704,E035,Computer Engineering,2,9,86.5,High,1,1,8.7,College Portal,1
S0705,E039,Computer Engineering,2,4,64.8,High,1,1,1.1,WhatsApp,1
S0705,E023,Computer Engineering,2,4,64.8,High,0,0,11.5,Instagram,0
S0705,E021,Computer Engineering,2,4,64.8,High,1,1,17.6,WhatsApp,1
S0705,E002,Computer Engineering,2,4,64.8,High,1,1,17.2,WhatsApp,1
S0705,E030,Computer Engineering,2,4,64.8,High,0,0,5.3,WhatsApp,0
S0706,E023,Electrical,1,0,65.4,Low,1,0,15.7,College Portal,0
S0706,E028,Electrical,1,0,65.4,Low,1,0,13.9,College Portal,1
S0706,E025,Electrical,1,0,65.4,Low,1,1,17.6,College Portal,0
S0706,E024,Electrical,1,0,65.4,Low,0,0,4.4,WhatsApp,0
S0706,E030,Electrical,1,0,65.4,Low,1,1,1.8,WhatsApp,0
S0707,E028,IT,3,4,94.5,Medium,1,1,6.9,WhatsApp,1
S0707,E038,IT,3,4,94.5,Medium,1,1,2.4,Email,1
S0707,E003,IT,3,4,94.5,Medium,0,0,10.4,WhatsApp,0
S0707,E012,IT,3,4,94.5,Medium,1,0,8.8,College Portal,1
S0707,E029,IT,3,4,94.5,Medium,1,1,10.2,College Portal,0
S0708,E021,Civil,1,4,88.7,Low,0,0,13.4,Email,0
S0708,E026,Civil,1,4,88.7,Low,1,0,5.5,Instagram,1
S0708,E004,Civil,1,4,88.7,Low,1,1,7.5,College Portal,0
S0708,E024,Civil,1,4,88.7,Low,1,1,9.4,College Portal,1
S0708,E035,Civil,1,4,88.7,Low,1,1,6.7,WhatsApp,1
S0709,E035,Computer Engineering,3,3,66.3,Medium,1,1,13.6,WhatsApp,0
S0709,E027,Computer Engineering,3,3,66.3,Medium,0,0,16.5,WhatsApp,0
S0709,E029,Computer Engineering,3,3,66.3,Medium,1,1,17.6,College Portal,1
S0709,E004,Computer Engineering,3,3,66.3,Medium,0,0,4.4,WhatsApp,0
S0709,E024,Computer Engineering,3,3,66.3,Medium,0,0,17.7,Email,0
S0710,E036,Mechanical,3,3,54.8,High,1,1,13.9,College Portal,1
S0710,E012,Mechanical,3,3,54.8,High,0,0,17.3,Email,0
S0710,E021,Mechanical,3,3,54.8,High,1,1,12.8,College Portal,0
S0710,E011,Mechanical,3,3,54.8,High,0,0,9.8,WhatsApp,0
S0710,E038,Mechanical,3,3,54.8,High,1,1,14.1,Email,1
S0711,E040,Civil,1,1,66.2,Medium,0,0,9.8,WhatsApp,0
S0711,E015,Civil,1,1,66.2,Medium,1,1,3.9,Email,0
S0711,E011,Civil,1,1,66.2,Medium,1,1,17.5,WhatsApp,1
S0711,E029,Civil,1,1,66.2,Medium,0,0,13.5,WhatsApp,0
S0711,E033,Civil,1,1,66.2,Medium,1,0,3.2,WhatsApp,1
S0712,E013,Electronics,1,6,91.1,Medium,1,1,12.7,WhatsApp,1
S0712,E009,Electronics,1,6,91.1,Medium,1,1,14.3,College Portal,1
S0712,E008,Electronics,1,6,91.1,Medium,1,1,14.6,College Portal,1
S0712,E020,Electronics,1,6,91.1,Medium,1,1,17.7,College Portal,1
S0712,E029,Electronics,1,6,91.1,Medium,1,1,6.0,College Portal,1
S0713,E037,IT,3,8,83.2,Medium,1,1,14.9,WhatsApp,1
S0713,E029,IT,3,8,83.2,Medium,1,1,3.7,WhatsApp,1
S0713,E015,IT,3,8,83.2,Medium,1,1,17.1,Instagram,1
S0713,E030,IT,3,8,83.2,Medium,0,0,17.7,Email,0
S0713,E022,IT,3,8,83.2,Medium,1,1,10.9,College Portal,1
S0714,E008,IT,2,3,79.0,Medium,0,0,7.3,College Portal,0
S0714,E004,IT,2,3,79.0,Medium,1,1,17.1,Email,1
S0714,E031,IT,2,3,79.0,Medium,1,1,1.6,Instagram,1
S0714,E037,IT,2,3,79.0,Medium,1,1,17.5,WhatsApp,1
S0714,E039,IT,2,3,79.0,Medium,0,0,16.4,Email,0
S0715,E002,IT,1,2,81.4,High,1,1,2.7,WhatsApp,1
S0715,E003,IT,1,2,81.4,High,1,1,6.0,College Portal,1
S0715,E032,IT,1,2,81.4,High,1,1,12.1,Instagram,1
S0715,E011,IT,1,2,81.4,High,1,1,14.8,WhatsApp,1
S0715,E029,IT,1,2,81.4,High,1,1,12.5,Instagram,1
S0716,E030,Electrical,4,6,68.1,High,1,0,4.1,College Portal,1
S0716,E031,Electrical,4,6,68.1,High,1,1,6.5,WhatsApp,1
S0716,E012,Electrical,4,6,68.1,High,1,1,4.2,College Portal,1
S0716,E002,Electrical,4,6,68.1,High,1,1,,Instagram,1
S0716,E034,Electrical,4,6,68.1,High,1,1,8.1,WhatsApp,1
S0717,E040,Civil,1,2,91.2,Low,1,1,17.0,Instagram,1
S0717,E023,Civil,1,2,91.2,Low,1,1,17.0,Instagram,1
S0717,E029,Civil,1,2,91.2,Low,0,0,5.3,College Portal,0
S0717,E033,Civil,1,2,91.2,Low,1,0,14.2,College Portal,1
S0717,E009,Civil,1,2,91.2,Low,1,0,9.2,Email,1
S0718,E024,Electrical,3,6,83.8,Medium,1,1,16.3,Instagram,1
S0718,E005,Electrical,3,6,83.8,Medium,1,0,14.4,College Portal,0
S0718,E022,Electrical,3,6,83.8,Medium,1,1,4.1,WhatsApp,1
S0718,E031,Electrical,3,6,83.8,Medium,1,0,11.8,WhatsApp,1
S0718,E037,Electrical,3,6,83.8,Medium,1,0,4.6,Email,1
S0719,E020,Computer Engineering,4,3,86.2,Medium,1,1,2.9,College Portal,1
S0719,E006,Computer Engineering,4,3,86.2,Medium,1,1,1.5,Instagram,0
S0719,E040,Computer Engineering,4,3,86.2,Medium,1,1,9.8,Email,1
S0719,E026,Computer Engineering,4,3,86.2,Medium,1,1,15.6,College Portal,1
S0719,E025,Computer Engineering,4,3,86.2,Medium,1,0,7.3,Email,1
S0720,E031,Mechanical,1,3,82.3,Medium,0,0,4.5,College Portal,0
S0720,E017,Mechanical,1,3,82.3,Medium,1,1,8.6,Email,0
S0720,E012,Mechanical,1,3,82.3,Medium,1,1,17.6,Instagram,1
S0720,E009,Mechanical,1,3,82.3,Medium,1,1,11.1,WhatsApp,1
S0720,E001,Mechanical,1,3,82.3,Medium,1,1,15.8,Instagram,1
S0721,E024,Electrical,1,1,85.8,High,1,1,12.3,WhatsApp,1
S0721,E009,Electrical,1,1,85.8,High,0,0,14.4,Email,0
S0721,E028,Electrical,1,1,85.8,High,0,0,5.7,WhatsApp,0
S0721,E003,Electrical,1,1,85.8,High,1,1,5.2,College Portal,1
S0721,E001,Electrical,1,1,85.8,High,1,1,7.6,College Portal,1
S0722,E023,Computer Engineering,1,3,88.4,High,0,0,11.3,WhatsApp,0
S0722,E011,Computer Engineering,1,3,88.4,High,1,1,10.5,Email,1
S0722,E037,Computer Engineering,1,3,88.4,High,1,1,9.4,WhatsApp,1
S0722,E038,Computer Engineering,1,3,88.4,High,0,0,3.8,Email,0
S0722,E002,Computer Engineering,1,3,88.4,High,1,1,5.0,WhatsApp,1
S0723,E033,Computer Engineering,2,4,74.2,Medium,1,1,8.0,WhatsApp,0
S0723,E030,Computer Engineering,2,4,74.2,Medium,1,1,14.1,Instagram,1
S0723,E013,Computer Engineering,2,4,74.2,Medium,1,1,15.8,WhatsApp,0
S0723,E017,Computer Engineering,2,4,74.2,Medium,1,1,7.4,WhatsApp,1
S0723,E039,Computer Engineering,2,4,74.2,Medium,0,0,10.8,College Portal,0
S0724,E001,Mechanical,1,4,66.2,Medium,1,1,2.5,Email,1
S0724,E018,Mechanical,1,4,66.2,Medium,0,0,3.9,WhatsApp,0
S0724,E014,Mechanical,1,4,66.2,Medium,0,0,1.0,Instagram,0
S0724,E012,Mechanical,1,4,66.2,Medium,0,0,7.3,WhatsApp,0
S0724,E021,Mechanical,1,4,66.2,Medium,1,0,5.4,College Portal,0
S0725,E032,Electronics,3,3,62.0,Medium,0,0,10.5,Email,0
S0725,E023,Electronics,3,3,62.0,Medium,0,0,14.8,Email,0
S0725,E038,Electronics,3,3,62.0,Medium,0,0,5.3,WhatsApp,0
S0725,E025,Electronics,3,3,62.0,Medium,1,1,17.2,College Portal,1
S0725,E029,Electronics,3,3,62.0,Medium,1,1,3.9,Email,1
S0726,E012,Civil,1,2,90.3,Medium,1,0,13.4,WhatsApp,1
S0726,E003,Civil,1,2,90.3,Medium,1,1,6.8,WhatsApp,1
S0726,E036,Civil,1,2,90.3,Medium,1,1,5.7,WhatsApp,1
S0726,E007,Civil,1,2,90.3,Medium,1,1,14.9,Email,1
S0726,E023,Civil,1,2,90.3,Medium,1,1,17.3,College Portal,1
S0727,E037,Computer Engineering,2,8,89.8,Low,1,0,4.5,WhatsApp,1
S0727,E004,Computer Engineering,2,8,89.8,Low,1,1,17.3,College Portal,1
S0727,E002,Computer Engineering,2,8,89.8,Low,1,1,10.1,WhatsApp,1
S0727,E040,Computer Engineering,2,8,89.8,Low,1,1,4.9,College Portal,1
S0727,E030,Computer Engineering,2,8,89.8,Low,0,0,14.8,College Portal,0
S0728,E011,Civil,4,3,84.1,Medium,1,0,10.6,WhatsApp,0
S0728,E007,Civil,4,3,84.1,Medium,1,1,15.8,WhatsApp,1
S0728,E032,Civil,4,3,84.1,Medium,1,1,5.4,College Portal,0
S0728,E008,Civil,4,3,84.1,Medium,1,1,6.1,WhatsApp,1
S0728,E009,Civil,4,3,84.1,Medium,0,0,11.6,Instagram,0
S0729,E015,Computer Engineering,4,4,91.2,Low,1,1,9.7,Instagram,1
S0729,E018,Computer Engineering,4,4,91.2,Low,0,0,1.4,WhatsApp,0
S0729,E039,Computer Engineering,4,4,91.2,Low,1,1,12.7,Instagram,1
S0729,E038,Computer Engineering,4,4,91.2,Low,1,1,11.8,College Portal,1
S0729,E021,Computer Engineering,4,4,91.2,Low,1,1,7.7,College Portal,1
S0730,E027,Computer Engineering,3,4,52.8,Medium,1,0,9.6,WhatsApp,1
S0730,E020,Computer Engineering,3,4,52.8,Medium,1,1,2.6,Email,0
S0730,E035,Computer Engineering,3,4,52.8,Medium,1,1,4.0,Email,1
S0730,E004,Computer Engineering,3,4,52.8,Medium,1,1,13.0,Instagram,1
S0730,E014,Computer Engineering,3,4,52.8,Medium,1,1,6.3,WhatsApp,1
S0731,E014,Computer Engineering,2,7,63.8,Medium,1,1,12.0,WhatsApp,1
S0731,E038,Computer Engineering,2,7,63.8,Medium,1,1,4.8,WhatsApp,1
S0731,E019,Computer Engineering,2,7,63.8,Medium,1,1,17.4,WhatsApp,1
S0731,E009,Computer Engineering,2,7,63.8,Medium,1,1,11.3,College Portal,1
S0731,E037,Computer Engineering,2,7,63.8,Medium,1,1,1.6,College Portal,1
S0732,E033,Civil,3,4,82.5,High,1,1,14.9,Email,1
S0732,E024,Civil,3,4,82.5,High,1,0,4.3,WhatsApp,1
S0732,E013,Civil,3,4,82.5,High,1,1,3.4,WhatsApp,1
S0732,E009,Civil,3,4,82.5,High,0,0,14.4,Instagram,0
S0732,E011,Civil,3,4,82.5,High,0,0,0.7,Email,0
S0733,E019,Mechanical,2,2,61.2,High,1,1,2.7,College Portal,1
S0733,E015,Mechanical,2,2,61.2,High,1,1,9.0,Instagram,1
S0733,E009,Mechanical,2,2,61.2,High,1,0,10.0,WhatsApp,1
S0733,E006,Mechanical,2,2,61.2,High,1,1,14.2,College Portal,1
S0733,E013,Mechanical,2,2,61.2,High,1,1,14.8,WhatsApp,1
S0734,E013,Electronics,2,2,62.7,Medium,1,1,15.0,College Portal,1
S0734,E031,Electronics,2,2,62.7,Medium,1,1,9.6,WhatsApp,1
S0734,E002,Electronics,2,2,62.7,Medium,1,1,5.8,Email,0
S0734,E015,Electronics,2,2,62.7,Medium,1,1,16.6,WhatsApp,1
S0734,E039,Electronics,2,2,62.7,Medium,0,0,14.6,WhatsApp,0
S0735,E004,IT,1,3,66.2,Low,0,0,10.5,Instagram,0
S0735,E034,IT,1,3,66.2,Low,1,1,9.0,WhatsApp,1
S0735,E011,IT,1,3,66.2,Low,1,1,1.9,College Portal,1
S0735,E029,IT,1,3,66.2,Low,1,1,4.2,WhatsApp,0
S0735,E025,IT,1,3,66.2,Low,1,1,14.3,Email,1
S0736,E037,Civil,4,4,73.6,Medium,1,1,7.4,Email,1
S0736,E032,Civil,4,4,73.6,Medium,1,1,6.3,Email,1
S0736,E004,Civil,4,4,73.6,Medium,1,1,11.3,WhatsApp,1
S0736,E036,Civil,4,4,73.6,Medium,0,0,10.4,Email,0
S0736,E033,Civil,4,4,73.6,Medium,1,1,5.0,Email,1
S0737,E036,IT,2,5,95.7,Medium,1,1,17.6,WhatsApp,1
S0737,E002,IT,2,5,95.7,Medium,1,1,14.1,WhatsApp,0
S0737,E003,IT,2,5,95.7,Medium,0,0,2.8,College Portal,0
S0737,E035,IT,2,5,95.7,Medium,1,1,4.5,WhatsApp,1
S0737,E018,IT,2,5,95.7,Medium,0,0,13.9,Instagram,0
S0738,E005,Civil,1,6,67.0,Medium,1,1,9.9,Email,0
S0738,E029,Civil,1,6,67.0,Medium,1,1,8.5,Instagram,0
S0738,E035,Civil,1,6,67.0,Medium,1,1,14.3,WhatsApp,1
S0738,E033,Civil,1,6,67.0,Medium,0,0,7.6,Instagram,0
S0738,E018,Civil,1,6,67.0,Medium,1,1,16.8,Instagram,1
S0739,E011,IT,2,6,84.5,High,1,1,7.9,WhatsApp,1
S0739,E028,IT,2,6,84.5,High,1,1,3.0,WhatsApp,1
S0739,E027,IT,2,6,84.5,High,1,1,16.9,WhatsApp,1
S0739,E038,IT,2,6,84.5,High,1,1,13.0,WhatsApp,1
S0739,E017,IT,2,6,84.5,High,1,0,6.6,WhatsApp,1
S0740,E010,IT,2,6,90.5,Medium,1,1,1.8,WhatsApp,1
S0740,E013,IT,2,6,90.5,Medium,1,1,12.7,WhatsApp,1
S0740,E008,IT,2,6,90.5,Medium,1,1,3.3,WhatsApp,1
S0740,E018,IT,2,6,90.5,Medium,0,0,11.4,College Portal,0
S0740,E020,IT,2,6,90.5,Medium,1,1,6.9,Instagram,1
S0741,E038,IT,4,2,82.1,Medium,1,1,10.5,College Portal,0
S0741,E026,IT,4,2,82.1,Medium,1,1,10.7,College Portal,1
S0741,E032,IT,4,2,82.1,Medium,1,1,11.5,College Portal,1
S0741,E035,IT,4,2,82.1,Medium,1,1,7.3,WhatsApp,1
S0741,E039,IT,4,2,82.1,Medium,1,0,7.8,College Portal,0
S0742,E007,IT,3,2,82.3,Medium,1,1,3.8,College Portal,1
S0742,E025,IT,3,2,82.3,Medium,1,1,12.2,WhatsApp,1
S0742,E002,IT,3,2,82.3,Medium,1,1,2.4,Instagram,1
S0742,E035,IT,3,2,82.3,Medium,0,0,2.0,College Portal,0
S0742,E036,IT,3,2,82.3,Medium,0,0,1.3,College Portal,0
S0743,E018,Mechanical,3,5,78.0,High,1,0,13.9,WhatsApp,0
S0743,E029,Mechanical,3,5,78.0,High,1,1,13.0,WhatsApp,1
S0743,E022,Mechanical,3,5,78.0,High,1,1,4.6,WhatsApp,1
S0743,E032,Mechanical,3,5,78.0,High,1,1,14.7,College Portal,1
S0743,E037,Mechanical,3,5,78.0,High,1,1,14.7,Email,1
S0744,E021,Electronics,1,4,90.6,High,1,1,6.2,WhatsApp,1
S0744,E019,Electronics,1,4,90.6,High,0,0,1.5,Instagram,0
S0744,E014,Electronics,1,4,90.6,High,0,0,13.7,WhatsApp,0
S0744,E031,Electronics,1,4,90.6,High,1,1,7.1,Email,1
S0744,E036,Electronics,1,4,90.6,High,1,1,6.1,WhatsApp,1
S0745,E036,Computer Engineering,2,3,53.0,Medium,1,1,1.6,WhatsApp,1
S0745,E020,Computer Engineering,2,3,53.0,Medium,1,1,4.8,WhatsApp,1
S0745,E023,Computer Engineering,2,3,53.0,Medium,1,1,9.7,Email,1
S0745,E009,Computer Engineering,2,3,53.0,Medium,1,1,8.5,WhatsApp,1
S0745,E007,Computer Engineering,2,3,53.0,Medium,0,0,8.7,Instagram,0
S0746,E035,Electrical,2,3,90.0,Medium,0,0,2.1,Instagram,0
S0746,E029,Electrical,2,3,90.0,Medium,1,1,8.0,College Portal,1
S0746,E022,Electrical,2,3,90.0,Medium,1,1,13.4,Email,1
S0746,E040,Electrical,2,3,90.0,Medium,1,1,9.6,College Portal,1
S0746,E002,Electrical,2,3,90.0,Medium,1,1,3.1,WhatsApp,1
S0747,E031,IT,1,5,90.3,Medium,1,1,16.4,College Portal,0
S0747,E024,IT,1,5,90.3,Medium,1,1,5.3,WhatsApp,1
S0747,E022,IT,1,5,90.3,Medium,0,0,5.3,Instagram,0
S0747,E012,IT,1,5,90.3,Medium,1,1,12.2,Email,1
S0747,E036,IT,1,5,90.3,Medium,0,0,4.7,Email,0
S0748,E016,Electronics,1,1,92.6,Low,1,1,16.0,College Portal,1
S0748,E027,Electronics,1,1,92.6,Low,1,1,9.4,College Portal,1
S0748,E001,Electronics,1,1,92.6,Low,1,1,13.6,College Portal,1
S0748,E021,Electronics,1,1,92.6,Low,1,1,1.2,College Portal,1
S0748,E039,Electronics,1,1,92.6,Low,1,1,17.9,WhatsApp,1
S0749,E005,Electrical,3,3,56.1,Medium,0,0,14.1,College Portal,0
S0749,E036,Electrical,3,3,56.1,Medium,1,1,5.1,College Portal,1
S0749,E024,Electrical,3,3,56.1,Medium,1,1,16.8,WhatsApp,1
S0749,E002,Electrical,3,3,56.1,Medium,1,1,17.5,Email,1
S0749,E017,Electrical,3,3,56.1,Medium,1,1,17.8,College Portal,0
S0750,E009,Mechanical,1,7,79.5,Medium,1,1,7.8,WhatsApp,1
S0750,E019,Mechanical,1,7,79.5,Medium,0,0,12.7,Email,0
S0750,E029,Mechanical,1,7,79.5,Medium,1,1,17.4,College Portal,1
S0750,E020,Mechanical,1,7,79.5,Medium,0,0,5.7,Instagram,0
S0750,E035,Mechanical,1,7,79.5,Medium,1,1,15.0,Instagram,1
S0751,E007,Computer Engineering,2,5,81.5,Low,1,1,6.8,WhatsApp,1
S0751,E039,Computer Engineering,2,5,81.5,Low,1,1,0.6,Email,1
S0751,E001,Computer Engineering,2,5,81.5,Low,1,1,11.9,College Portal,1
S0751,E002,Computer Engineering,2,5,81.5,Low,1,1,11.4,WhatsApp,1
S0751,E038,Computer Engineering,2,5,81.5,Low,1,0,7.4,WhatsApp,1
S0752,E038,Electrical,1,6,53.0,Low,1,1,2.2,WhatsApp,1
S0752,E031,Electrical,1,6,53.0,Low,0,0,16.2,Instagram,0
S0752,E007,Electrical,1,6,53.0,Low,1,1,14.5,WhatsApp,0
S0752,E019,Electrical,1,6,53.0,Low,1,1,10.4,Email,1
S0752,E012,Electrical,1,6,53.0,Low,1,1,3.0,College Portal,1
S0753,E003,Mechanical,1,5,86.5,Medium,1,1,3.2,Email,1
S0753,E035,Mechanical,1,5,86.5,Medium,1,0,13.8,Instagram,1
S0753,E036,Mechanical,1,5,86.5,Medium,1,1,15.5,College Portal,1
S0753,E018,Mechanical,1,5,86.5,Medium,1,1,17.1,College Portal,1
S0753,E037,Mechanical,1,5,86.5,Medium,1,1,10.3,WhatsApp,1
S0754,E023,IT,1,4,63.9,High,0,0,16.2,College Portal,0
S0754,E007,IT,1,4,63.9,High,1,1,17.9,WhatsApp,1
S0754,E034,IT,1,4,63.9,High,0,0,5.6,Instagram,0
S0754,E025,IT,1,4,63.9,High,1,0,11.2,WhatsApp,1
S0754,E013,IT,1,4,63.9,High,1,1,5.4,Email,1
S0755,E018,Computer Engineering,4,4,76.8,Medium,1,1,3.3,Email,1
S0755,E024,Computer Engineering,4,4,76.8,Medium,1,1,1.5,College Portal,1
S0755,E025,Computer Engineering,4,4,76.8,Medium,1,0,9.3,College Portal,1
S0755,E011,Computer Engineering,4,4,76.8,Medium,1,1,1.6,WhatsApp,0
S0755,E036,Computer Engineering,4,4,76.8,Medium,1,1,13.8,WhatsApp,1
S0756,E034,Civil,4,4,88.9,Medium,1,1,3.9,Email,1
S0756,E016,Civil,4,4,88.9,Medium,1,0,3.3,Email,1
S0756,E029,Civil,4,4,88.9,Medium,1,1,15.9,WhatsApp,1
S0756,E033,Civil,4,4,88.9,Medium,1,1,14.0,Instagram,1
S0756,E009,Civil,4,4,88.9,Medium,1,1,3.0,WhatsApp,1
S0757,E037,Mechanical,4,5,91.8,Medium,1,1,2.7,College Portal,1
S0757,E008,Mechanical,4,5,91.8,Medium,1,1,8.4,WhatsApp,1
S0757,E003,Mechanical,4,5,91.8,Medium,1,0,2.1,Email,0
S0757,E022,Mechanical,4,5,91.8,Medium,1,1,14.2,WhatsApp,1
S0757,E039,Mechanical,4,5,91.8,Medium,0,0,12.7,WhatsApp,0
S0758,E008,Electronics,2,3,85.2,Medium,1,0,15.1,Instagram,0
S0758,E033,Electronics,2,3,85.2,Medium,1,1,2.3,WhatsApp,1
S0758,E030,Electronics,2,3,85.2,Medium,1,1,8.8,Instagram,1
S0758,E007,Electronics,2,3,85.2,Medium,0,0,9.7,College Portal,0
S0758,E040,Electronics,2,3,85.2,Medium,1,1,12.6,Email,0
S0759,E034,Electrical,1,5,70.7,Medium,1,1,1.0,WhatsApp,1
S0759,E009,Electrical,1,5,70.7,Medium,0,0,17.9,Instagram,0
S0759,E026,Electrical,1,5,70.7,Medium,1,1,12.3,Instagram,0
S0759,E030,Electrical,1,5,70.7,Medium,0,0,7.3,WhatsApp,0
S0759,E029,Electrical,1,5,70.7,Medium,1,1,6.0,College Portal,1
S0760,E039,Civil,2,5,87.9,Medium,1,1,5.9,Email,1
S0760,E018,Civil,2,5,87.9,Medium,1,1,5.1,Email,1
S0760,E004,Civil,2,5,87.9,Medium,0,0,8.1,College Portal,0
S0760,E006,Civil,2,5,87.9,Medium,1,1,16.9,Instagram,0
S0760,E011,Civil,2,5,87.9,Medium,1,1,10.2,College Portal,0
S0761,E038,Computer Engineering,2,0,60.7,Low,1,1,15.7,Email,1
S0761,E040,Computer Engineering,2,0,60.7,Low,1,1,15.6,WhatsApp,0
S0761,E030,Computer Engineering,2,0,60.7,Low,0,0,1.7,WhatsApp,0
S0761,E018,Computer Engineering,2,0,60.7,Low,1,1,2.5,Instagram,1
S0761,E039,Computer Engineering,2,0,60.7,Low,1,0,12.7,WhatsApp,1
S0762,E036,IT,4,5,78.4,Medium,1,1,14.9,WhatsApp,1
S0762,E004,IT,4,5,78.4,Medium,1,1,8.8,Email,1
S0762,E012,IT,4,5,78.4,Medium,1,1,,Instagram,1
S0762,E005,IT,4,5,78.4,Medium,1,1,8.8,College Portal,1
S0762,E027,IT,4,5,78.4,Medium,1,1,2.9,College Portal,1
S0763,E033,Computer Engineering,1,2,83.0,Medium,1,0,18.0,WhatsApp,1
S0763,E032,Computer Engineering,1,2,83.0,Medium,0,0,14.0,Email,0
S0763,E035,Computer Engineering,1,2,83.0,Medium,1,1,13.0,Email,1
S0763,E002,Computer Engineering,1,2,83.0,Medium,0,0,15.0,WhatsApp,0
S0763,E001,Computer Engineering,1,2,83.0,Medium,1,1,8.9,College Portal,1
S0764,E018,Mechanical,2,6,82.5,Medium,1,1,7.5,College Portal,1
S0764,E001,Mechanical,2,6,82.5,Medium,1,1,3.7,College Portal,1
S0764,E025,Mechanical,2,6,82.5,Medium,0,0,14.6,College Portal,0
S0764,E035,Mechanical,2,6,82.5,Medium,1,1,14.3,WhatsApp,1
S0764,E008,Mechanical,2,6,82.5,Medium,1,1,13.1,WhatsApp,0
S0765,E036,Computer Engineering,1,4,78.8,High,1,1,9.1,College Portal,1
S0765,E028,Computer Engineering,1,4,78.8,High,0,0,6.2,Email,0
S0765,E035,Computer Engineering,1,4,78.8,High,0,0,15.4,College Portal,0
S0765,E039,Computer Engineering,1,4,78.8,High,1,1,15.3,WhatsApp,0
S0765,E038,Computer Engineering,1,4,78.8,High,0,0,4.2,WhatsApp,0
S0766,E028,Electronics,2,3,67.7,Low,1,1,3.8,Email,0
S0766,E010,Electronics,2,3,67.7,Low,1,1,14.4,College Portal,1
S0766,E020,Electronics,2,3,67.7,Low,0,0,17.7,WhatsApp,0
S0766,E026,Electronics,2,3,67.7,Low,1,1,3.8,Instagram,1
S0766,E011,Electronics,2,3,67.7,Low,1,1,10.0,WhatsApp,1
S0767,E034,Civil,3,5,86.0,Medium,1,1,4.6,Instagram,1
S0767,E033,Civil,3,5,86.0,Medium,1,1,14.7,College Portal,0
S0767,E036,Civil,3,5,86.0,Medium,1,1,15.9,College Portal,1
S0767,E032,Civil,3,5,86.0,Medium,1,1,8.6,WhatsApp,1
S0767,E015,Civil,3,5,86.0,Medium,1,1,13.1,WhatsApp,1
S0768,E026,Civil,2,7,62.6,Medium,1,1,15.6,Email,1
S0768,E033,Civil,2,7,62.6,Medium,1,1,17.8,College Portal,1
S0768,E006,Civil,2,7,62.6,Medium,1,1,12.0,Email,1
S0768,E022,Civil,2,7,62.6,Medium,1,0,11.5,WhatsApp,1
S0768,E038,Civil,2,7,62.6,Medium,1,1,9.3,WhatsApp,1
S0769,E026,IT,2,4,87.8,High,1,1,1.0,College Portal,1
S0769,E039,IT,2,4,87.8,High,1,0,2.0,WhatsApp,1
S0769,E021,IT,2,4,87.8,High,1,1,14.7,Email,1
S0769,E034,IT,2,4,87.8,High,1,1,3.5,WhatsApp,1
S0769,E011,IT,2,4,87.8,High,0,0,2.6,Email,0
S0770,E013,Civil,2,2,74.2,Medium,1,1,2.5,Instagram,0
S0770,E026,Civil,2,2,74.2,Medium,0,0,14.1,College Portal,0
S0770,E036,Civil,2,2,74.2,Medium,1,1,13.7,Email,0
S0770,E004,Civil,2,2,74.2,Medium,1,1,7.7,Instagram,1
S0770,E002,Civil,2,2,74.2,Medium,1,1,2.3,WhatsApp,0
S0771,E007,Computer Engineering,2,5,89.8,High,0,0,7.9,College Portal,0
S0771,E019,Computer Engineering,2,5,89.8,High,1,1,5.4,WhatsApp,1
S0771,E016,Computer Engineering,2,5,89.8,High,1,1,17.9,College Portal,0
S0771,E027,Computer Engineering,2,5,89.8,High,1,1,6.0,Email,1
S0771,E024,Computer Engineering,2,5,89.8,High,1,1,12.7,WhatsApp,1
S0772,E001,Civil,3,3,60.9,High,1,1,3.5,Instagram,1
S0772,E021,Civil,3,3,60.9,High,0,0,11.9,WhatsApp,0
S0772,E024,Civil,3,3,60.9,High,1,1,10.6,WhatsApp,1
S0772,E016,Civil,3,3,60.9,High,1,0,9.5,College Portal,1
S0772,E032,Civil,3,3,60.9,High,1,1,3.1,College Portal,0
S0773,E012,Computer Engineering,4,0,76.9,Medium,0,0,4.3,Email,0
S0773,E013,Computer Engineering,4,0,76.9,Medium,1,1,16.0,WhatsApp,1
S0773,E017,Computer Engineering,4,0,76.9,Medium,1,1,2.1,College Portal,1
S0773,E010,Computer Engineering,4,0,76.9,Medium,1,1,9.1,Email,1
S0773,E024,Computer Engineering,4,0,76.9,Medium,0,0,17.9,Email,0
S0774,E026,IT,4,3,92.2,Medium,0,0,15.6,Instagram,0
S0774,E024,IT,4,3,92.2,Medium,0,0,15.3,Email,0
S0774,E004,IT,4,3,92.2,Medium,0,0,6.9,WhatsApp,0
S0774,E020,IT,4,3,92.2,Medium,1,1,7.9,WhatsApp,1
S0774,E025,IT,4,3,92.2,Medium,1,0,13.0,Instagram,1
S0775,E037,Civil,3,9,72.9,Medium,1,1,4.6,Email,1
S0775,E013,Civil,3,9,72.9,Medium,1,1,10.8,College Portal,1
S0775,E022,Civil,3,9,72.9,Medium,0,0,14.7,Instagram,0
S0775,E034,Civil,3,9,72.9,Medium,1,1,4.2,WhatsApp,1
S0775,E009,Civil,3,9,72.9,Medium,0,0,1.8,College Portal,0
S0776,E025,Computer Engineering,2,4,88.8,High,1,1,1.8,Instagram,1
S0776,E039,Computer Engineering,2,4,88.8,High,1,1,8.9,Email,1
S0776,E011,Computer Engineering,2,4,88.8,High,1,1,11.3,Email,1
S0776,E022,Computer Engineering,2,4,88.8,High,1,1,6.1,WhatsApp,1
S0776,E037,Computer Engineering,2,4,88.8,High,1,1,3.2,WhatsApp,1
S0777,E023,Computer Engineering,3,5,82.5,Low,1,1,7.0,Instagram,1
S0777,E030,Computer Engineering,3,5,82.5,Low,1,1,11.8,Email,1
S0777,E002,Computer Engineering,3,5,82.5,Low,1,1,16.1,Email,0
S0777,E022,Computer Engineering,3,5,82.5,Low,1,1,15.8,College Portal,1
S0777,E009,Computer Engineering,3,5,82.5,Low,1,1,17.4,College Portal,1
S0778,E024,Mechanical,2,4,45.6,Medium,1,1,12.6,WhatsApp,0
S0778,E039,Mechanical,2,4,45.6,Medium,1,1,16.1,WhatsApp,1
S0778,E017,Mechanical,2,4,45.6,Medium,0,0,0.6,WhatsApp,0
S0778,E029,Mechanical,2,4,45.6,Medium,1,1,10.1,WhatsApp,0
S0778,E003,Mechanical,2,4,45.6,Medium,1,1,3.8,Email,1
S0779,E013,Mechanical,1,2,72.4,Medium,0,0,11.8,Email,0
S0779,E008,Mechanical,1,2,72.4,Medium,1,1,1.5,WhatsApp,1
S0779,E034,Mechanical,1,2,72.4,Medium,0,0,16.9,College Portal,0
S0779,E016,Mechanical,1,2,72.4,Medium,1,0,14.3,College Portal,1
S0779,E026,Mechanical,1,2,72.4,Medium,1,1,9.9,Instagram,1
S0780,E019,Mechanical,4,3,88.7,Medium,1,1,5.4,College Portal,1
S0780,E003,Mechanical,4,3,88.7,Medium,1,0,2.0,Instagram,0
S0780,E020,Mechanical,4,3,88.7,Medium,1,1,13.4,WhatsApp,0
S0780,E011,Mechanical,4,3,88.7,Medium,1,1,5.4,Email,1
S0780,E038,Mechanical,4,3,88.7,Medium,0,0,10.0,College Portal,0
S0781,E007,Mechanical,1,4,65.6,Medium,1,1,3.8,WhatsApp,1
S0781,E010,Mechanical,1,4,65.6,Medium,0,0,8.7,WhatsApp,0
S0781,E035,Mechanical,1,4,65.6,Medium,1,1,10.9,College Portal,1
S0781,E005,Mechanical,1,4,65.6,Medium,1,1,17.8,College Portal,0
S0781,E036,Mechanical,1,4,65.6,Medium,1,0,2.8,Instagram,1
S0782,E009,Electronics,4,5,89.4,Medium,1,0,5.3,WhatsApp,1
S0782,E006,Electronics,4,5,89.4,Medium,1,1,11.4,College Portal,1
S0782,E007,Electronics,4,5,89.4,Medium,1,1,0.5,Email,1
S0782,E031,Electronics,4,5,89.4,Medium,1,1,10.6,WhatsApp,1
S0782,E032,Electronics,4,5,89.4,Medium,1,1,14.7,WhatsApp,1
S0783,E002,Computer Engineering,2,4,89.2,Low,1,1,2.1,WhatsApp,1
S0783,E001,Computer Engineering,2,4,89.2,Low,1,1,12.6,Instagram,1
S0783,E019,Computer Engineering,2,4,89.2,Low,1,1,17.7,College Portal,1
S0783,E030,Computer Engineering,2,4,89.2,Low,1,1,5.3,WhatsApp,1
S0783,E004,Computer Engineering,2,4,89.2,Low,1,1,8.7,Instagram,1
S0784,E003,IT,3,5,83.7,Medium,1,1,16.6,College Portal,1
S0784,E005,IT,3,5,83.7,Medium,1,1,16.5,WhatsApp,0
S0784,E035,IT,3,5,83.7,Medium,1,0,4.5,WhatsApp,0
S0784,E032,IT,3,5,83.7,Medium,1,1,3.8,Instagram,1
S0784,E004,IT,3,5,83.7,Medium,1,1,16.4,College Portal,1
S0785,E028,Computer Engineering,3,4,71.6,Medium,1,1,14.0,WhatsApp,1
S0785,E030,Computer Engineering,3,4,71.6,Medium,0,0,9.2,Instagram,0
S0785,E037,Computer Engineering,3,4,71.6,Medium,1,1,1.1,College Portal,0
S0785,E033,Computer Engineering,3,4,71.6,Medium,1,1,7.9,College Portal,0
S0785,E013,Computer Engineering,3,4,71.6,Medium,1,1,15.8,Email,0
S0786,E020,Electrical,4,4,70.3,High,1,0,1.9,Email,1
S0786,E014,Electrical,4,4,70.3,High,1,1,12.5,College Portal,0
S0786,E031,Electrical,4,4,70.3,High,1,1,15.0,College Portal,1
S0786,E040,Electrical,4,4,70.3,High,0,0,0.9,WhatsApp,0
S0786,E018,Electrical,4,4,70.3,High,1,1,3.6,College Portal,1
S0787,E028,Electronics,3,5,84.3,Medium,0,0,5.1,College Portal,0
S0787,E009,Electronics,3,5,84.3,Medium,1,1,17.3,WhatsApp,1
S0787,E024,Electronics,3,5,84.3,Medium,1,1,16.0,Email,1
S0787,E033,Electronics,3,5,84.3,Medium,1,1,5.9,WhatsApp,1
S0787,E026,Electronics,3,5,84.3,Medium,0,0,11.5,Email,0
S0788,E018,IT,3,5,71.3,High,1,1,17.7,Email,1
S0788,E006,IT,3,5,71.3,High,1,1,10.0,Instagram,1
S0788,E013,IT,3,5,71.3,High,0,0,3.2,College Portal,0
S0788,E011,IT,3,5,71.3,High,1,1,7.9,Email,1
S0788,E009,IT,3,5,71.3,High,1,1,8.7,Email,1
S0789,E029,IT,1,3,89.2,Medium,1,1,17.3,Email,1
S0789,E022,IT,1,3,89.2,Medium,1,1,6.4,Instagram,1
S0789,E014,IT,1,3,89.2,Medium,1,1,3.1,WhatsApp,1
S0789,E030,IT,1,3,89.2,Medium,1,1,13.8,Email,1
S0789,E038,IT,1,3,89.2,Medium,1,1,13.9,WhatsApp,1
S0790,E039,Electrical,2,3,89.3,Low,1,1,5.9,WhatsApp,0
S0790,E013,Electrical,2,3,89.3,Low,1,1,1.8,Instagram,1
S0790,E024,Electrical,2,3,89.3,Low,1,1,12.2,WhatsApp,0
S0790,E004,Electrical,2,3,89.3,Low,1,1,3.7,WhatsApp,1
S0790,E028,Electrical,2,3,89.3,Low,0,0,4.0,WhatsApp,0
S0791,E029,Computer Engineering,1,2,73.9,High,1,1,16.8,WhatsApp,1
S0791,E006,Computer Engineering,1,2,73.9,High,1,1,15.0,Email,1
S0791,E003,Computer Engineering,1,2,73.9,High,1,1,17.4,Instagram,1
S0791,E015,Computer Engineering,1,2,73.9,High,1,1,17.0,Instagram,1
S0791,E033,Computer Engineering,1,2,73.9,High,1,0,14.6,College Portal,1
S0792,E013,Electronics,3,1,73.4,Low,1,1,11.5,WhatsApp,0
S0792,E005,Electronics,3,1,73.4,Low,1,1,1.3,Instagram,1
S0792,E017,Electronics,3,1,73.4,Low,1,1,1.3,Email,1
S0792,E029,Electronics,3,1,73.4,Low,1,1,16.6,Instagram,1
S0792,E014,Electronics,3,1,73.4,Low,1,0,10.1,WhatsApp,0
S0793,E023,Electronics,2,6,68.5,High,1,1,11.4,WhatsApp,1
S0793,E018,Electronics,2,6,68.5,High,1,1,4.6,Instagram,1
S0793,E033,Electronics,2,6,68.5,High,0,0,18.0,WhatsApp,0
S0793,E020,Electronics,2,6,68.5,High,1,1,13.5,WhatsApp,1
S0793,E013,Electronics,2,6,68.5,High,1,0,1.6,WhatsApp,1
S0794,E028,Electronics,3,3,89.3,High,1,1,5.9,WhatsApp,1
S0794,E038,Electronics,3,3,89.3,High,1,0,7.1,WhatsApp,1
S0794,E036,Electronics,3,3,89.3,High,1,1,10.4,WhatsApp,1
S0794,E002,Electronics,3,3,89.3,High,0,0,8.9,College Portal,0
S0794,E009,Electronics,3,3,89.3,High,1,1,15.8,WhatsApp,1
S0795,E006,Computer Engineering,1,3,82.8,Medium,1,1,14.1,College Portal,1
S0795,E011,Computer Engineering,1,3,82.8,Medium,1,1,0.6,Email,0
S0795,E013,Computer Engineering,1,3,82.8,Medium,1,1,4.4,Instagram,1
S0795,E009,Computer Engineering,1,3,82.8,Medium,1,1,6.0,College Portal,1
S0795,E014,Computer Engineering,1,3,82.8,Medium,1,0,1.8,WhatsApp,1
S0796,E040,Civil,1,3,81.7,Medium,1,1,15.6,Email,0
S0796,E027,Civil,1,3,81.7,Medium,1,1,17.7,Email,1
S0796,E005,Civil,1,3,81.7,Medium,1,0,5.6,WhatsApp,1
S0796,E030,Civil,1,3,81.7,Medium,1,1,4.2,College Portal,1
S0796,E002,Civil,1,3,81.7,Medium,1,0,2.0,Email,1
S0797,E035,Electrical,3,5,83.4,Medium,1,1,5.7,Email,0
S0797,E002,Electrical,3,5,83.4,Medium,1,1,6.6,WhatsApp,1
S0797,E019,Electrical,3,5,83.4,Medium,1,1,16.2,Instagram,0
S0797,E034,Electrical,3,5,83.4,Medium,1,1,17.2,Email,1
S0797,E015,Electrical,3,5,83.4,Medium,1,1,9.9,WhatsApp,0
S0798,E035,Electronics,1,4,77.7,Medium,0,0,5.3,WhatsApp,0
S0798,E021,Electronics,1,4,77.7,Medium,1,0,4.3,Instagram,1
S0798,E009,Electronics,1,4,77.7,Medium,1,1,5.0,Email,1
S0798,E028,Electronics,1,4,77.7,Medium,1,1,17.6,Email,1
S0798,E012,Electronics,1,4,77.7,Medium,1,1,3.5,College Portal,1
S0799,E027,Mechanical,1,6,86.6,Medium,1,1,18.0,Email,1
S0799,E031,Mechanical,1,6,86.6,Medium,1,1,13.3,Instagram,0
S0799,E017,Mechanical,1,6,86.6,Medium,1,1,13.3,WhatsApp,1
S0799,E030,Mechanical,1,6,86.6,Medium,1,1,9.7,WhatsApp,1
S0799,E020,Mechanical,1,6,86.6,Medium,1,1,5.2,WhatsApp,1
S0800,E018,Electrical,1,3,83.9,Medium,1,1,3.2,WhatsApp,1
S0800,E030,Electrical,1,3,83.9,Medium,1,0,0.7,WhatsApp,0
S0800,E031,Electrical,1,3,83.9,Medium,1,1,1.8,WhatsApp,1
S0800,E028,Electrical,1,3,83.9,Medium,1,1,16.9,Instagram,1
S0800,E026,Electrical,1,3,83.9,Medium,1,1,5.7,Instagram,1
S0801,E001,Mechanical,4,1,96.5,Medium,1,1,11.6,Email,1
S0801,E020,Mechanical,4,1,96.5,Medium,1,1,5.0,Instagram,1
S0801,E015,Mechanical,4,1,96.5,Medium,1,1,4.0,College Portal,1
S0801,E010,Mechanical,4,1,96.5,Medium,1,1,15.0,WhatsApp,1
S0801,E013,Mechanical,4,1,96.5,Medium,1,1,2.5,College Portal,1
S0802,E013,Computer Engineering,3,3,75.4,Low,1,0,7.0,WhatsApp,0
S0802,E018,Computer Engineering,3,3,75.4,Low,0,0,5.4,College Portal,0
S0802,E010,Computer Engineering,3,3,75.4,Low,1,1,14.7,WhatsApp,1
S0802,E012,Computer Engineering,3,3,75.4,Low,1,1,9.0,Email,1
S0802,E035,Computer Engineering,3,3,75.4,Low,0,0,13.2,WhatsApp,0
S0803,E018,Electronics,2,7,64.8,High,1,1,8.5,College Portal,1
S0803,E025,Electronics,2,7,64.8,High,0,0,14.7,Instagram,0
S0803,E037,Electronics,2,7,64.8,High,1,1,4.5,WhatsApp,0
S0803,E012,Electronics,2,7,64.8,High,1,0,17.4,WhatsApp,1
S0803,E036,Electronics,2,7,64.8,High,1,1,14.8,College Portal,1
S0804,E021,Electronics,2,5,64.6,High,1,1,11.3,College Portal,1
S0804,E037,Electronics,2,5,64.6,High,1,1,4.6,College Portal,1
S0804,E033,Electronics,2,5,64.6,High,1,1,12.9,WhatsApp,1
S0804,E005,Electronics,2,5,64.6,High,1,1,0.7,College Portal,1
S0804,E032,Electronics,2,5,64.6,High,1,1,14.8,WhatsApp,1
S0805,E017,IT,2,4,90.1,Medium,1,1,3.5,WhatsApp,0
S0805,E005,IT,2,4,90.1,Medium,1,1,8.8,College Portal,1
S0805,E008,IT,2,4,90.1,Medium,0,0,16.8,WhatsApp,0
S0805,E004,IT,2,4,90.1,Medium,1,1,4.0,WhatsApp,1
S0805,E031,IT,2,4,90.1,Medium,1,1,16.5,WhatsApp,0
S0806,E002,Mechanical,3,6,87.1,High,1,0,0.5,WhatsApp,1
S0806,E004,Mechanical,3,6,87.1,High,1,0,5.1,WhatsApp,0
S0806,E040,Mechanical,3,6,87.1,High,1,1,13.1,College Portal,1
S0806,E009,Mechanical,3,6,87.1,High,1,0,13.1,WhatsApp,1
S0806,E039,Mechanical,3,6,87.1,High,1,1,5.3,Instagram,1
S0807,E036,Electrical,3,6,88.1,Medium,1,1,17.9,College Portal,1
S0807,E029,Electrical,3,6,88.1,Medium,1,1,3.4,College Portal,1
S0807,E038,Electrical,3,6,88.1,Medium,1,1,5.6,College Portal,1
S0807,E020,Electrical,3,6,88.1,Medium,1,1,15.6,WhatsApp,1
S0807,E012,Electrical,3,6,88.1,Medium,1,1,1.2,WhatsApp,1
S0808,E017,Electrical,1,2,74.1,Low,1,0,6.6,College Portal,1
S0808,E035,Electrical,1,2,74.1,Low,1,1,6.8,College Portal,1
S0808,E028,Electrical,1,2,74.1,Low,1,1,6.4,WhatsApp,1
S0808,E015,Electrical,1,2,74.1,Low,0,0,4.5,Email,0
S0808,E023,Electrical,1,2,74.1,Low,1,1,5.8,College Portal,0
S0809,E021,IT,1,3,85.7,Medium,1,1,17.5,Instagram,1
S0809,E023,IT,1,3,85.7,Medium,1,1,3.2,Email,1
S0809,E024,IT,1,3,85.7,Medium,1,0,2.7,College Portal,1
S0809,E035,IT,1,3,85.7,Medium,1,0,8.7,WhatsApp,1
S0809,E028,IT,1,3,85.7,Medium,1,1,4.6,Instagram,1
S0810,E026,Computer Engineering,1,6,76.0,Medium,0,0,1.8,Instagram,0
S0810,E007,Computer Engineering,1,6,76.0,Medium,1,1,6.8,College Portal,0
S0810,E039,Computer Engineering,1,6,76.0,Medium,1,0,10.5,Email,1
S0810,E022,Computer Engineering,1,6,76.0,Medium,1,1,8.3,WhatsApp,1
S0810,E011,Computer Engineering,1,6,76.0,Medium,1,1,15.4,Email,1
S0811,E024,Electrical,3,4,72.1,Medium,1,1,6.9,Email,0
S0811,E004,Electrical,3,4,72.1,Medium,1,0,14.5,WhatsApp,0
S0811,E034,Electrical,3,4,72.1,Medium,1,1,15.5,WhatsApp,1
S0811,E023,Electrical,3,4,72.1,Medium,1,1,17.8,Instagram,0
S0811,E002,Electrical,3,4,72.1,Medium,1,1,8.3,College Portal,1
S0812,E002,Civil,3,1,84.3,High,1,1,1.6,College Portal,1
S0812,E036,Civil,3,1,84.3,High,1,1,14.8,WhatsApp,0
S0812,E030,Civil,3,1,84.3,High,1,1,16.4,WhatsApp,1
S0812,E034,Civil,3,1,84.3,High,1,1,9.8,Instagram,1
S0812,E007,Civil,3,1,84.3,High,1,1,13.7,Email,1
S0813,E006,Computer Engineering,1,2,88.4,High,1,1,1.0,College Portal,0
S0813,E022,Computer Engineering,1,2,88.4,High,1,1,13.4,WhatsApp,1
S0813,E035,Computer Engineering,1,2,88.4,High,1,1,7.1,WhatsApp,1
S0813,E019,Computer Engineering,1,2,88.4,High,1,0,10.4,College Portal,0
S0813,E017,Computer Engineering,1,2,88.4,High,1,1,17.8,College Portal,1
S0814,E010,Electrical,1,5,82.5,Medium,1,1,15.7,WhatsApp,0
S0814,E038,Electrical,1,5,82.5,Medium,1,0,17.4,College Portal,1
S0814,E039,Electrical,1,5,82.5,Medium,1,1,15.8,Email,1
S0814,E001,Electrical,1,5,82.5,Medium,1,1,15.5,WhatsApp,1
S0814,E031,Electrical,1,5,82.5,Medium,0,0,1.5,Email,0
S0815,E011,Civil,1,3,75.9,High,1,1,4.5,Instagram,1
S0815,E017,Civil,1,3,75.9,High,1,1,16.0,Email,1
S0815,E024,Civil,1,3,75.9,High,0,0,7.0,College Portal,0
S0815,E016,Civil,1,3,75.9,High,1,1,3.4,WhatsApp,0
S0815,E002,Civil,1,3,75.9,High,1,1,4.5,College Portal,1
S0816,E018,Electronics,4,5,55.2,Low,1,0,17.9,College Portal,1
S0816,E035,Electronics,4,5,55.2,Low,1,1,7.2,Instagram,0
S0816,E003,Electronics,4,5,55.2,Low,1,1,8.5,WhatsApp,1
S0816,E038,Electronics,4,5,55.2,Low,1,1,13.6,College Portal,0
S0816,E024,Electronics,4,5,55.2,Low,1,1,11.7,Instagram,0
S0817,E019,Electronics,2,4,75.9,Low,1,1,8.4,Instagram,0
S0817,E008,Electronics,2,4,75.9,Low,1,1,3.4,College Portal,0
S0817,E037,Electronics,2,4,75.9,Low,1,1,16.2,WhatsApp,0
S0817,E013,Electronics,2,4,75.9,Low,1,1,15.8,Instagram,0
S0817,E021,Electronics,2,4,75.9,Low,1,1,10.4,College Portal,1
S0818,E030,IT,3,5,72.9,High,1,1,6.1,WhatsApp,1
S0818,E002,IT,3,5,72.9,High,1,1,6.3,College Portal,1
S0818,E020,IT,3,5,72.9,High,0,0,12.7,WhatsApp,0
S0818,E003,IT,3,5,72.9,High,0,0,1.7,WhatsApp,0
S0818,E029,IT,3,5,72.9,High,1,1,11.2,College Portal,1
S0819,E010,Computer Engineering,3,5,81.1,Medium,1,1,4.0,College Portal,1
S0819,E007,Computer Engineering,3,5,81.1,Medium,0,0,10.2,WhatsApp,0
S0819,E031,Computer Engineering,3,5,81.1,Medium,1,1,11.5,College Portal,1
S0819,E023,Computer Engineering,3,5,81.1,Medium,1,0,0.9,WhatsApp,0
S0819,E040,Computer Engineering,3,5,81.1,Medium,1,1,1.7,WhatsApp,1
S0820,E010,IT,2,3,82.5,Medium,1,1,9.6,Instagram,1
S0820,E019,IT,2,3,82.5,Medium,1,1,7.2,College Portal,1
S0820,E028,IT,2,3,82.5,Medium,1,1,15.5,WhatsApp,1
S0820,E027,IT,2,3,82.5,Medium,1,1,8.1,College Portal,1
S0820,E018,IT,2,3,82.5,Medium,1,1,6.8,WhatsApp,1
S0821,E005,Civil,1,6,76.1,Medium,1,1,4.2,WhatsApp,1
S0821,E011,Civil,1,6,76.1,Medium,1,1,7.9,Email,1
S0821,E028,Civil,1,6,76.1,Medium,1,1,4.4,College Portal,1
S0821,E004,Civil,1,6,76.1,Medium,1,1,6.2,WhatsApp,1
S0821,E017,Civil,1,6,76.1,Medium,1,1,8.8,WhatsApp,1
S0822,E027,Computer Engineering,1,6,58.7,Medium,1,0,3.4,Email,1
S0822,E016,Computer Engineering,1,6,58.7,Medium,1,1,7.3,WhatsApp,1
S0822,E011,Computer Engineering,1,6,58.7,Medium,1,1,11.4,Email,1
S0822,E019,Computer Engineering,1,6,58.7,Medium,0,0,7.9,Instagram,0
S0822,E005,Computer Engineering,1,6,58.7,Medium,1,1,10.4,WhatsApp,0
S0823,E015,IT,3,4,64.9,Low,1,1,15.2,WhatsApp,1
S0823,E036,IT,3,4,64.9,Low,1,1,6.3,Instagram,1
S0823,E013,IT,3,4,64.9,Low,1,1,13.6,College Portal,1
S0823,E004,IT,3,4,64.9,Low,1,1,3.8,WhatsApp,1
S0823,E021,IT,3,4,64.9,Low,1,0,8.5,College Portal,0
S0824,E009,IT,3,2,75.9,Medium,1,0,13.8,College Portal,1
S0824,E025,IT,3,2,75.9,Medium,1,1,18.0,College Portal,1
S0824,E002,IT,3,2,75.9,Medium,0,0,10.8,Email,0
S0824,E024,IT,3,2,75.9,Medium,1,1,9.0,WhatsApp,1
S0824,E034,IT,3,2,75.9,Medium,1,1,7.7,Email,1
S0825,E033,Electronics,3,3,88.0,Low,1,1,15.8,WhatsApp,1
S0825,E028,Electronics,3,3,88.0,Low,1,1,7.7,Email,1
S0825,E035,Electronics,3,3,88.0,Low,1,1,3.0,WhatsApp,1
S0825,E002,Electronics,3,3,88.0,Low,1,1,3.9,Email,0
S0825,E001,Electronics,3,3,88.0,Low,0,0,4.5,College Portal,0
S0826,E033,Electrical,2,5,79.5,Low,1,1,8.0,College Portal,1
S0826,E006,Electrical,2,5,79.5,Low,1,1,1.1,WhatsApp,1
S0826,E003,Electrical,2,5,79.5,Low,1,1,16.4,Email,1
S0826,E030,Electrical,2,5,79.5,Low,1,1,6.8,WhatsApp,1
S0826,E005,Electrical,2,5,79.5,Low,1,1,3.8,WhatsApp,0
S0827,E019,IT,1,5,77.5,Medium,0,0,0.5,Instagram,0
S0827,E026,IT,1,5,77.5,Medium,0,0,15.5,WhatsApp,0
S0827,E027,IT,1,5,77.5,Medium,0,0,12.4,Email,0
S0827,E013,IT,1,5,77.5,Medium,1,0,15.9,WhatsApp,0
S0827,E037,IT,1,5,77.5,Medium,1,1,17.8,WhatsApp,1
S0828,E006,IT,4,3,74.7,Medium,1,1,4.8,College Portal,1
S0828,E009,IT,4,3,74.7,Medium,0,0,14.1,College Portal,0
S0828,E029,IT,4,3,74.7,Medium,1,1,4.8,WhatsApp,1
S0828,E038,IT,4,3,74.7,Medium,1,1,15.5,Instagram,1
S0828,E034,IT,4,3,74.7,Medium,0,0,15.6,Instagram,0
S0829,E037,Mechanical,3,3,79.6,High,1,1,9.7,Email,1
S0829,E005,Mechanical,3,3,79.6,High,0,0,5.2,College Portal,0
S0829,E014,Mechanical,3,3,79.6,High,1,1,14.3,Email,1
S0829,E023,Mechanical,3,3,79.6,High,1,1,12.3,Instagram,1
S0829,E024,Mechanical,3,3,79.6,High,1,1,12.9,WhatsApp,1
S0830,E016,IT,2,3,40.1,Low,1,0,15.1,WhatsApp,0
S0830,E006,IT,2,3,40.1,Low,1,1,13.5,WhatsApp,0
S0830,E003,IT,2,3,40.1,Low,1,1,10.0,WhatsApp,0
S0830,E024,IT,2,3,40.1,Low,1,1,15.1,Email,0
S0830,E026,IT,2,3,40.1,Low,1,0,13.6,College Portal,0
S0831,E015,Computer Engineering,4,2,85.4,Low,1,1,17.8,Instagram,1
S0831,E016,Computer Engineering,4,2,85.4,Low,1,1,4.2,WhatsApp,0
S0831,E040,Computer Engineering,4,2,85.4,Low,1,1,14.8,Instagram,0
S0831,E006,Computer Engineering,4,2,85.4,Low,1,1,17.6,WhatsApp,0
S0831,E038,Computer Engineering,4,2,85.4,Low,1,1,16.4,Instagram,1
S0832,E013,IT,3,4,71.9,Medium,1,1,15.8,College Portal,1
S0832,E039,IT,3,4,71.9,Medium,1,1,6.7,WhatsApp,1
S0832,E008,IT,3,4,71.9,Medium,1,1,14.5,Instagram,1
S0832,E031,IT,3,4,71.9,Medium,1,1,4.1,WhatsApp,1
S0832,E030,IT,3,4,71.9,Medium,0,0,4.9,WhatsApp,0
S0833,E025,Computer Engineering,3,1,86.5,Medium,1,1,9.7,Email,1
S0833,E007,Computer Engineering,3,1,86.5,Medium,1,1,2.2,Email,1
S0833,E013,Computer Engineering,3,1,86.5,Medium,1,1,1.9,WhatsApp,1
S0833,E020,Computer Engineering,3,1,86.5,Medium,0,0,2.7,Instagram,0
S0833,E034,Computer Engineering,3,1,86.5,Medium,1,1,6.9,College Portal,0
S0834,E015,Computer Engineering,3,6,91.1,Low,1,1,6.9,Instagram,1
S0834,E023,Computer Engineering,3,6,91.1,Low,1,0,3.7,WhatsApp,1
S0834,E037,Computer Engineering,3,6,91.1,Low,1,1,10.7,WhatsApp,1
S0834,E034,Computer Engineering,3,6,91.1,Low,1,1,6.3,Instagram,1
S0834,E019,Computer Engineering,3,6,91.1,Low,1,1,15.7,Instagram,1
S0835,E032,Electronics,4,5,75.8,Low,1,1,7.5,College Portal,1
S0835,E001,Electronics,4,5,75.8,Low,1,1,12.5,College Portal,1
S0835,E031,Electronics,4,5,75.8,Low,1,1,7.0,College Portal,0
S0835,E040,Electronics,4,5,75.8,Low,1,1,4.2,College Portal,1
S0835,E018,Electronics,4,5,75.8,Low,1,1,14.3,WhatsApp,1
S0836,E025,IT,3,4,97.1,High,1,1,17.9,College Portal,1
S0836,E016,IT,3,4,97.1,High,1,1,17.8,Email,1
S0836,E020,IT,3,4,97.1,High,1,1,1.4,College Portal,1
S0836,E017,IT,3,4,97.1,High,1,1,7.0,WhatsApp,1
S0836,E007,IT,3,4,97.1,High,1,1,10.9,WhatsApp,0
S0837,E022,Electrical,1,2,89.4,Medium,1,1,5.1,WhatsApp,0
S0837,E005,Electrical,1,2,89.4,Medium,1,0,3.3,WhatsApp,1
S0837,E027,Electrical,1,2,89.4,Medium,1,1,11.5,WhatsApp,0
S0837,E025,Electrical,1,2,89.4,Medium,1,1,15.4,College Portal,0
S0837,E019,Electrical,1,2,89.4,Medium,1,1,10.9,Email,1
S0838,E031,IT,2,4,86.1,Medium,1,1,11.1,Instagram,1
S0838,E016,IT,2,4,86.1,Medium,1,0,11.0,WhatsApp,1
S0838,E002,IT,2,4,86.1,Medium,1,1,10.4,College Portal,1
S0838,E025,IT,2,4,86.1,Medium,0,0,7.7,Instagram,0
S0838,E008,IT,2,4,86.1,Medium,1,1,12.5,College Portal,1
S0839,E003,Electronics,4,5,75.2,Medium,1,1,7.8,WhatsApp,1
S0839,E006,Electronics,4,5,75.2,Medium,1,1,3.7,WhatsApp,1
S0839,E023,Electronics,4,5,75.2,Medium,1,0,17.6,College Portal,1
S0839,E024,Electronics,4,5,75.2,Medium,0,0,18.0,WhatsApp,0
S0839,E010,Electronics,4,5,75.2,Medium,1,1,2.2,College Portal,1
S0840,E018,Mechanical,1,5,82.6,Medium,1,1,10.4,College Portal,1
S0840,E007,Mechanical,1,5,82.6,Medium,1,1,5.7,WhatsApp,1
S0840,E017,Mechanical,1,5,82.6,Medium,1,1,17.3,WhatsApp,1
S0840,E003,Mechanical,1,5,82.6,Medium,1,1,10.7,WhatsApp,1
S0840,E021,Mechanical,1,5,82.6,Medium,0,0,4.5,WhatsApp,0
S0841,E017,Computer Engineering,2,5,65.1,Medium,1,1,12.6,WhatsApp,1
S0841,E018,Computer Engineering,2,5,65.1,Medium,1,1,11.8,Instagram,1
S0841,E005,Computer Engineering,2,5,65.1,Medium,0,0,5.7,WhatsApp,0
S0841,E040,Computer Engineering,2,5,65.1,Medium,1,1,9.4,College Portal,1
S0841,E014,Computer Engineering,2,5,65.1,Medium,1,1,9.1,WhatsApp,1
S0842,E031,Mechanical,2,6,85.2,Medium,1,1,6.0,College Portal,1
S0842,E003,Mechanical,2,6,85.2,Medium,1,1,14.0,College Portal,1
S0842,E004,Mechanical,2,6,85.2,Medium,1,1,5.5,College Portal,1
S0842,E030,Mechanical,2,6,85.2,Medium,1,1,13.6,Email,1
S0842,E015,Mechanical,2,6,85.2,Medium,0,0,4.7,WhatsApp,0
S0843,E028,Computer Engineering,2,6,94.9,High,0,0,4.4,College Portal,0
S0843,E014,Computer Engineering,2,6,94.9,High,1,1,15.8,College Portal,1
S0843,E035,Computer Engineering,2,6,94.9,High,1,0,6.8,WhatsApp,1
S0843,E018,Computer Engineering,2,6,94.9,High,1,1,2.6,Instagram,1
S0843,E012,Computer Engineering,2,6,94.9,High,1,1,17.3,Email,1
S0844,E015,Electrical,3,4,71.0,Low,1,1,12.7,College Portal,1
S0844,E025,Electrical,3,4,71.0,Low,1,1,13.4,College Portal,1
S0844,E038,Electrical,3,4,71.0,Low,1,1,3.2,Email,1
S0844,E036,Electrical,3,4,71.0,Low,1,0,15.7,College Portal,1
S0844,E013,Electrical,3,4,71.0,Low,1,1,17.4,Instagram,1
S0845,E025,Computer Engineering,4,4,75.1,High,1,1,17.6,WhatsApp,1
S0845,E012,Computer Engineering,4,4,75.1,High,1,1,1.2,WhatsApp,0
S0845,E011,Computer Engineering,4,4,75.1,High,1,1,15.0,WhatsApp,0
S0845,E040,Computer Engineering,4,4,75.1,High,0,0,8.6,College Portal,0
S0845,E024,Computer Engineering,4,4,75.1,High,1,1,14.0,WhatsApp,1
S0846,E020,IT,1,5,86.4,Low,1,1,12.3,Email,1
S0846,E012,IT,1,5,86.4,Low,1,1,6.3,Instagram,0
S0846,E037,IT,1,5,86.4,Low,1,1,11.0,WhatsApp,1
S0846,E010,IT,1,5,86.4,Low,0,0,8.2,College Portal,0
S0846,E014,IT,1,5,86.4,Low,1,1,16.0,Email,0
S0847,E010,Computer Engineering,1,6,68.9,Medium,1,1,3.0,Instagram,1
S0847,E006,Computer Engineering,1,6,68.9,Medium,1,1,15.8,Email,1
S0847,E027,Computer Engineering,1,6,68.9,Medium,1,1,8.0,WhatsApp,1
S0847,E035,Computer Engineering,1,6,68.9,Medium,1,1,2.5,WhatsApp,0
S0847,E039,Computer Engineering,1,6,68.9,Medium,0,0,14.5,WhatsApp,0
S0848,E029,Electrical,1,4,87.6,Low,1,1,6.9,WhatsApp,1
S0848,E009,Electrical,1,4,87.6,Low,1,1,7.1,WhatsApp,0
S0848,E017,Electrical,1,4,87.6,Low,1,1,0.9,College Portal,1
S0848,E038,Electrical,1,4,87.6,Low,0,0,9.5,Email,0
S0848,E036,Electrical,1,4,87.6,Low,1,1,4.4,College Portal,1
S0849,E029,Electronics,4,6,81.1,Low,1,1,13.7,WhatsApp,1
S0849,E020,Electronics,4,6,81.1,Low,1,1,2.0,College Portal,1
S0849,E002,Electronics,4,6,81.1,Low,1,1,15.1,Email,0
S0849,E008,Electronics,4,6,81.1,Low,1,0,15.6,WhatsApp,0
S0849,E025,Electronics,4,6,81.1,Low,0,0,10.0,Instagram,0
S0850,E020,Electronics,3,2,75.7,High,1,1,6.6,Instagram,0
S0850,E016,Electronics,3,2,75.7,High,1,1,11.2,College Portal,1
S0850,E022,Electronics,3,2,75.7,High,1,0,15.9,WhatsApp,0
S0850,E021,Electronics,3,2,75.7,High,1,1,16.1,WhatsApp,1
S0850,E012,Electronics,3,2,75.7,High,1,1,0.9,Email,0
S0851,E026,Computer Engineering,2,3,75.4,Medium,0,0,8.5,WhatsApp,0
S0851,E029,Computer Engineering,2,3,75.4,Medium,0,0,5.7,Instagram,0
S0851,E032,Computer Engineering,2,3,75.4,Medium,1,1,5.0,College Portal,1
S0851,E036,Computer Engineering,2,3,75.4,Medium,1,1,3.9,WhatsApp,1
S0851,E027,Computer Engineering,2,3,75.4,Medium,1,1,8.4,Instagram,1
S0852,E008,Mechanical,4,4,95.2,Low,0,0,6.7,Instagram,0
S0852,E009,Mechanical,4,4,95.2,Low,1,1,5.5,Email,1
S0852,E019,Mechanical,4,4,95.2,Low,0,0,14.6,WhatsApp,0
S0852,E011,Mechanical,4,4,95.2,Low,1,1,17.7,WhatsApp,1
S0852,E007,Mechanical,4,4,95.2,Low,0,0,11.0,Email,0
S0853,E031,Computer Engineering,4,5,44.2,High,1,1,6.3,College Portal,1
S0853,E004,Computer Engineering,4,5,44.2,High,1,1,5.3,Instagram,1
S0853,E010,Computer Engineering,4,5,44.2,High,0,0,6.6,WhatsApp,0
S0853,E016,Computer Engineering,4,5,44.2,High,1,1,6.8,Instagram,0
S0853,E034,Computer Engineering,4,5,44.2,High,0,0,15.6,WhatsApp,0
S0854,E004,Electrical,4,4,80.7,High,0,0,15.4,College Portal,0
S0854,E017,Electrical,4,4,80.7,High,0,0,13.0,Instagram,0
S0854,E012,Electrical,4,4,80.7,High,1,1,17.4,Email,1
S0854,E038,Electrical,4,4,80.7,High,0,0,6.4,Email,0
S0854,E023,Electrical,4,4,80.7,High,1,1,11.5,College Portal,1
S0855,E024,Computer Engineering,4,6,80.7,High,1,1,16.8,WhatsApp,1
S0855,E039,Computer Engineering,4,6,80.7,High,1,1,5.3,Instagram,1
S0855,E037,Computer Engineering,4,6,80.7,High,1,1,1.8,WhatsApp,1
S0855,E021,Computer Engineering,4,6,80.7,High,0,0,1.8,College Portal,0
S0855,E030,Computer Engineering,4,6,80.7,High,1,1,11.2,College Portal,1
S0856,E005,Computer Engineering,1,2,53.7,High,1,0,12.5,Instagram,1
S0856,E024,Computer Engineering,1,2,53.7,High,1,1,6.2,WhatsApp,1
S0856,E030,Computer Engineering,1,2,53.7,High,1,1,11.5,WhatsApp,1
S0856,E035,Computer Engineering,1,2,53.7,High,1,1,10.6,WhatsApp,1
S0856,E011,Computer Engineering,1,2,53.7,High,1,1,12.5,College Portal,1
S0857,E012,Computer Engineering,3,7,96.7,Medium,0,0,13.1,WhatsApp,0
S0857,E020,Computer Engineering,3,7,96.7,Medium,1,1,16.9,Email,1
S0857,E015,Computer Engineering,3,7,96.7,Medium,1,1,7.8,Instagram,0
S0857,E014,Computer Engineering,3,7,96.7,Medium,1,0,5.6,Email,1
S0857,E026,Computer Engineering,3,7,96.7,Medium,1,1,12.3,Email,1
S0858,E026,IT,2,2,75.9,High,0,0,16.3,WhatsApp,0
S0858,E034,IT,2,2,75.9,High,0,0,14.8,WhatsApp,0
S0858,E037,IT,2,2,75.9,High,1,1,10.6,Instagram,1
S0858,E012,IT,2,2,75.9,High,1,1,5.1,College Portal,0
S0858,E020,IT,2,2,75.9,High,0,0,5.7,Email,0
S0859,E001,Electronics,4,3,63.2,Medium,1,1,4.3,WhatsApp,1
S0859,E013,Electronics,4,3,63.2,Medium,0,0,10.8,Email,0
S0859,E009,Electronics,4,3,63.2,Medium,1,1,1.3,Instagram,1
S0859,E022,Electronics,4,3,63.2,Medium,0,0,14.4,WhatsApp,0
S0859,E036,Electronics,4,3,63.2,Medium,1,1,0.7,College Portal,0
S0860,E033,Computer Engineering,3,7,98.9,High,1,1,12.1,WhatsApp,1
S0860,E012,Computer Engineering,3,7,98.9,High,1,1,6.8,Instagram,1
S0860,E028,Computer Engineering,3,7,98.9,High,1,1,10.7,Instagram,1
S0860,E008,Computer Engineering,3,7,98.9,High,1,1,7.6,Email,1
S0860,E036,Computer Engineering,3,7,98.9,High,1,1,15.8,Email,1
S0861,E029,Civil,3,2,90.5,High,1,1,1.9,Email,1
S0861,E002,Civil,3,2,90.5,High,1,1,4.2,College Portal,1
S0861,E027,Civil,3,2,90.5,High,1,1,5.5,Email,1
S0861,E010,Civil,3,2,90.5,High,1,1,11.3,WhatsApp,1
S0861,E039,Civil,3,2,90.5,High,1,1,9.0,Email,1
S0862,E021,IT,3,3,78.7,Medium,1,1,3.1,College Portal,1
S0862,E014,IT,3,3,78.7,Medium,1,1,4.0,WhatsApp,1
S0862,E028,IT,3,3,78.7,Medium,1,1,13.0,Email,0
S0862,E024,IT,3,3,78.7,Medium,1,1,1.8,College Portal,1
S0862,E015,IT,3,3,78.7,Medium,1,1,1.7,College Portal,1
S0863,E014,Electronics,1,2,82.4,High,1,1,8.9,WhatsApp,1
S0863,E040,Electronics,1,2,82.4,High,1,1,14.6,College Portal,1
S0863,E002,Electronics,1,2,82.4,High,0,0,3.8,WhatsApp,0
S0863,E025,Electronics,1,2,82.4,High,0,0,14.9,Instagram,0
S0863,E022,Electronics,1,2,82.4,High,1,1,8.0,WhatsApp,0
S0864,E020,IT,2,5,87.0,Medium,1,1,6.4,College Portal,1
S0864,E001,IT,2,5,87.0,Medium,1,0,9.3,WhatsApp,1
S0864,E019,IT,2,5,87.0,Medium,0,0,0.8,College Portal,0
S0864,E017,IT,2,5,87.0,Medium,1,1,17.6,WhatsApp,1
S0864,E015,IT,2,5,87.0,Medium,1,1,3.3,WhatsApp,1
S0865,E026,IT,4,1,74.0,Medium,1,1,12.1,WhatsApp,1
S0865,E009,IT,4,1,74.0,Medium,1,1,13.2,Email,1
S0865,E015,IT,4,1,74.0,Medium,1,1,9.0,College Portal,1
S0865,E006,IT,4,1,74.0,Medium,1,1,17.5,Email,0
S0865,E036,IT,4,1,74.0,Medium,1,1,2.4,College Portal,0
S0866,E029,Electronics,4,4,87.5,Low,1,1,10.4,WhatsApp,1
S0866,E026,Electronics,4,4,87.5,Low,1,1,17.9,College Portal,0
S0866,E035,Electronics,4,4,87.5,Low,1,1,1.3,College Portal,0
S0866,E034,Electronics,4,4,87.5,Low,1,1,12.0,College Portal,1
S0866,E015,Electronics,4,4,87.5,Low,1,1,6.0,Instagram,1
S0867,E030,Computer Engineering,1,2,85.7,High,1,1,17.2,WhatsApp,1
S0867,E013,Computer Engineering,1,2,85.7,High,1,1,8.8,College Portal,1
S0867,E002,Computer Engineering,1,2,85.7,High,1,1,3.8,WhatsApp,1
S0867,E018,Computer Engineering,1,2,85.7,High,1,0,14.0,WhatsApp,1
S0867,E008,Computer Engineering,1,2,85.7,High,1,1,0.7,WhatsApp,1
S0868,E020,Computer Engineering,1,4,75.6,Medium,0,0,4.7,College Portal,0
S0868,E024,Computer Engineering,1,4,75.6,Medium,1,1,6.7,WhatsApp,1
S0868,E011,Computer Engineering,1,4,75.6,Medium,1,1,5.4,College Portal,0
S0868,E022,Computer Engineering,1,4,75.6,Medium,1,1,6.1,Instagram,1
S0868,E004,Computer Engineering,1,4,75.6,Medium,0,0,0.8,WhatsApp,0
S0869,E014,Civil,1,4,82.8,Medium,1,1,12.5,Email,1
S0869,E037,Civil,1,4,82.8,Medium,1,1,11.5,WhatsApp,1
S0869,E033,Civil,1,4,82.8,Medium,1,1,5.2,Email,1
S0869,E007,Civil,1,4,82.8,Medium,1,1,13.0,WhatsApp,0
S0869,E015,Civil,1,4,82.8,Medium,0,0,8.1,Instagram,0
S0870,E034,Electrical,3,3,88.1,Medium,0,0,16.7,WhatsApp,0
S0870,E004,Electrical,3,3,88.1,Medium,1,1,8.1,WhatsApp,1
S0870,E010,Electrical,3,3,88.1,Medium,1,1,9.5,WhatsApp,1
S0870,E003,Electrical,3,3,88.1,Medium,1,1,13.1,WhatsApp,0
S0870,E037,Electrical,3,3,88.1,Medium,1,1,13.4,Instagram,1
S0871,E029,IT,4,3,72.8,High,1,1,6.7,WhatsApp,1
S0871,E030,IT,4,3,72.8,High,1,0,2.4,College Portal,1
S0871,E037,IT,4,3,72.8,High,1,1,4.5,College Portal,1
S0871,E007,IT,4,3,72.8,High,1,1,13.4,Email,1
S0871,E006,IT,4,3,72.8,High,0,0,14.2,WhatsApp,0
S0872,E006,Computer Engineering,1,3,83.7,Medium,0,0,11.7,WhatsApp,0
S0872,E040,Computer Engineering,1,3,83.7,Medium,1,0,2.5,WhatsApp,1
S0872,E027,Computer Engineering,1,3,83.7,Medium,1,0,13.1,WhatsApp,0
S0872,E002,Computer Engineering,1,3,83.7,Medium,0,0,10.2,College Portal,0
S0872,E039,Computer Engineering,1,3,83.7,Medium,0,0,6.8,WhatsApp,0
S0873,E032,Mechanical,2,4,92.0,High,0,0,12.3,WhatsApp,0
S0873,E028,Mechanical,2,4,92.0,High,1,1,2.6,Email,1
S0873,E021,Mechanical,2,4,92.0,High,0,0,12.6,College Portal,0
S0873,E035,Mechanical,2,4,92.0,High,1,1,1.5,College Portal,1
S0873,E009,Mechanical,2,4,92.0,High,1,1,16.2,WhatsApp,1
S0874,E007,IT,4,4,82.9,High,1,1,12.7,Email,0
S0874,E023,IT,4,4,82.9,High,1,1,16.6,WhatsApp,1
S0874,E021,IT,4,4,82.9,High,1,1,16.8,WhatsApp,1
S0874,E036,IT,4,4,82.9,High,1,1,15.1,WhatsApp,1
S0874,E039,IT,4,4,82.9,High,1,0,5.3,WhatsApp,1
S0875,E003,Computer Engineering,3,3,84.4,Medium,1,1,4.7,Email,0
S0875,E039,Computer Engineering,3,3,84.4,Medium,1,1,8.3,College Portal,1
S0875,E020,Computer Engineering,3,3,84.4,Medium,1,1,8.1,WhatsApp,1
S0875,E025,Computer Engineering,3,3,84.4,Medium,0,0,15.1,Email,0
S0875,E012,Computer Engineering,3,3,84.4,Medium,1,1,16.3,Email,1
S0876,E036,Computer Engineering,2,5,94.8,Medium,1,1,0.8,Email,1
S0876,E003,Computer Engineering,2,5,94.8,Medium,1,1,7.9,Email,1
S0876,E018,Computer Engineering,2,5,94.8,Medium,0,0,8.9,Instagram,0
S0876,E033,Computer Engineering,2,5,94.8,Medium,1,1,3.2,WhatsApp,1
S0876,E020,Computer Engineering,2,5,94.8,Medium,1,1,15.7,Instagram,1
S0877,E010,Mechanical,3,3,79.3,High,1,1,4.8,Email,1
S0877,E018,Mechanical,3,3,79.3,High,0,0,15.1,College Portal,0
S0877,E040,Mechanical,3,3,79.3,High,1,1,16.6,Instagram,1
S0877,E008,Mechanical,3,3,79.3,High,1,1,10.6,Instagram,1
S0877,E014,Mechanical,3,3,79.3,High,1,1,14.4,WhatsApp,0
S0878,E030,Mechanical,2,5,80.5,High,1,1,1.4,WhatsApp,1
S0878,E031,Mechanical,2,5,80.5,High,1,1,9.0,WhatsApp,1
S0878,E014,Mechanical,2,5,80.5,High,1,1,7.0,Email,1
S0878,E011,Mechanical,2,5,80.5,High,1,1,10.3,College Portal,1
S0878,E001,Mechanical,2,5,80.5,High,1,0,8.4,WhatsApp,1
S0879,E008,Computer Engineering,2,1,80.3,High,1,1,10.3,Email,1
S0879,E014,Computer Engineering,2,1,80.3,High,1,1,0.9,Email,1
S0879,E005,Computer Engineering,2,1,80.3,High,1,0,2.6,Instagram,1
S0879,E036,Computer Engineering,2,1,80.3,High,1,1,4.8,College Portal,1
S0879,E023,Computer Engineering,2,1,80.3,High,1,1,13.6,WhatsApp,1
S0880,E038,Computer Engineering,3,6,75.6,Medium,1,1,3.7,WhatsApp,1
S0880,E007,Computer Engineering,3,6,75.6,Medium,1,1,5.8,College Portal,1
S0880,E023,Computer Engineering,3,6,75.6,Medium,1,1,9.2,Instagram,1
S0880,E030,Computer Engineering,3,6,75.6,Medium,0,0,17.2,Email,0
S0880,E013,Computer Engineering,3,6,75.6,Medium,0,0,7.5,Instagram,0
S0881,E006,Computer Engineering,3,6,85.9,High,1,1,9.4,WhatsApp,1
S0881,E024,Computer Engineering,3,6,85.9,High,1,0,2.5,College Portal,0
S0881,E038,Computer Engineering,3,6,85.9,High,1,1,1.7,College Portal,1
S0881,E035,Computer Engineering,3,6,85.9,High,1,0,5.3,WhatsApp,1
S0881,E009,Computer Engineering,3,6,85.9,High,1,1,17.2,College Portal,1
S0882,E024,Mechanical,4,2,83.0,Medium,1,1,14.3,Email,1
S0882,E013,Mechanical,4,2,83.0,Medium,1,1,5.9,WhatsApp,1
S0882,E035,Mechanical,4,2,83.0,Medium,1,0,16.5,College Portal,1
S0882,E029,Mechanical,4,2,83.0,Medium,1,1,5.3,WhatsApp,0
S0882,E017,Mechanical,4,2,83.0,Medium,1,1,13.8,WhatsApp,1
S0883,E014,Computer Engineering,3,6,75.9,Medium,1,1,8.1,College Portal,1
S0883,E025,Computer Engineering,3,6,75.9,Medium,1,1,17.7,Email,0
S0883,E039,Computer Engineering,3,6,75.9,Medium,1,1,5.1,College Portal,1
S0883,E035,Computer Engineering,3,6,75.9,Medium,1,1,16.2,WhatsApp,1
S0883,E028,Computer Engineering,3,6,75.9,Medium,0,0,8.4,Email,0
S0884,E006,Computer Engineering,3,6,96.2,High,1,1,8.9,WhatsApp,1
S0884,E034,Computer Engineering,3,6,96.2,,1,1,2.7,Email,1
S0884,E017,Computer Engineering,3,6,96.2,High,1,0,17.2,College Portal,1
S0884,E008,Computer Engineering,3,6,96.2,High,1,0,9.8,Email,1
S0884,E010,Computer Engineering,3,6,96.2,High,1,1,7.6,College Portal,1
S0885,E023,Civil,1,4,78.5,Low,1,1,5.5,WhatsApp,1
S0885,E011,Civil,1,4,78.5,Low,1,1,13.9,Instagram,1
S0885,E010,Civil,1,4,78.5,Low,1,1,9.5,Instagram,1
S0885,E006,Civil,1,4,78.5,Low,1,1,16.4,Instagram,1
S0885,E004,Civil,1,4,78.5,Low,0,0,0.7,College Portal,0
S0886,E020,Computer Engineering,2,2,93.3,High,0,0,17.2,WhatsApp,0
S0886,E013,Computer Engineering,2,2,93.3,High,1,1,16.4,WhatsApp,1
S0886,E014,Computer Engineering,2,2,93.3,High,1,1,17.9,WhatsApp,1
S0886,E005,Computer Engineering,2,2,93.3,High,1,1,6.3,WhatsApp,1
S0886,E006,Computer Engineering,2,2,93.3,High,1,1,15.2,Instagram,0
S0887,E012,Mechanical,1,3,75.1,Medium,1,1,2.4,WhatsApp,1
S0887,E029,Mechanical,1,3,75.1,Medium,1,1,12.8,Email,1
S0887,E033,Mechanical,1,3,75.1,Medium,0,0,11.5,College Portal,0
S0887,E008,Mechanical,1,3,75.1,Medium,1,1,3.5,Email,1
S0887,E014,Mechanical,1,3,75.1,Medium,1,1,9.4,Email,1
S0888,E006,Computer Engineering,1,5,44.0,High,1,1,11.3,Instagram,1
S0888,E016,Computer Engineering,1,5,44.0,High,1,1,4.5,Instagram,1
S0888,E024,Computer Engineering,1,5,44.0,High,1,1,1.9,WhatsApp,1
S0888,E032,Computer Engineering,1,5,44.0,High,1,1,5.2,Instagram,1
S0888,E029,Computer Engineering,1,5,44.0,High,1,1,10.7,College Portal,0
S0889,E019,Computer Engineering,3,3,84.0,Low,0,0,6.9,Email,0
S0889,E004,Computer Engineering,3,3,84.0,Low,1,1,1.1,College Portal,0
S0889,E005,Computer Engineering,3,3,84.0,Low,0,0,16.5,Email,0
S0889,E008,Computer Engineering,3,3,84.0,Low,1,1,2.4,Email,1
S0889,E031,Computer Engineering,3,3,84.0,Low,1,1,7.2,College Portal,1
S0890,E032,Computer Engineering,4,1,62.5,Medium,1,0,6.1,WhatsApp,0
S0890,E010,Computer Engineering,4,1,62.5,Medium,0,0,4.7,WhatsApp,0
S0890,E030,Computer Engineering,4,1,62.5,Medium,1,1,2.8,WhatsApp,1
S0890,E001,Computer Engineering,4,1,62.5,Medium,0,0,14.5,College Portal,0
S0890,E019,Computer Engineering,4,1,62.5,Medium,1,1,10.8,Email,1
S0891,E002,Mechanical,1,3,93.2,High,0,0,15.8,Instagram,0
S0891,E010,Mechanical,1,3,93.2,High,0,0,2.1,Instagram,0
S0891,E013,Mechanical,1,3,93.2,High,1,1,3.4,College Portal,1
S0891,E018,Mechanical,1,3,93.2,High,1,1,3.1,WhatsApp,1
S0891,E005,Mechanical,1,3,93.2,High,1,1,15.6,Email,1
S0892,E024,Civil,2,4,74.0,Low,0,0,11.9,WhatsApp,0
S0892,E018,Civil,2,4,74.0,Low,0,0,16.5,College Portal,0
S0892,E022,Civil,2,4,74.0,Low,1,1,9.6,WhatsApp,1
S0892,E034,Civil,2,4,74.0,Low,1,1,11.6,Email,0
S0892,E023,Civil,2,4,74.0,Low,1,1,11.2,WhatsApp,1
S0893,E037,Civil,4,4,92.8,Low,1,1,5.2,Email,1
S0893,E016,Civil,4,4,92.8,Low,1,1,14.2,WhatsApp,1
S0893,E002,Civil,4,4,92.8,Low,1,0,4.8,College Portal,1
S0893,E027,Civil,4,4,92.8,Low,1,1,15.5,Email,0
S0893,E023,Civil,4,4,92.8,Low,0,0,15.8,Email,0
S0894,E003,IT,1,5,96.7,High,1,1,6.0,WhatsApp,1
S0894,E012,IT,1,5,96.7,High,1,1,9.2,Email,1
S0894,E005,IT,1,5,96.7,High,1,1,2.8,College Portal,1
S0894,E027,IT,1,5,96.7,High,1,1,3.6,College Portal,1
S0894,E014,IT,1,5,96.7,High,1,1,11.8,WhatsApp,1
S0895,E021,Mechanical,3,4,72.6,Medium,1,1,14.3,College Portal,1
S0895,E022,Mechanical,3,4,72.6,Medium,0,0,14.7,WhatsApp,0
S0895,E037,Mechanical,3,4,72.6,Medium,0,0,6.9,WhatsApp,0
S0895,E027,Mechanical,3,4,72.6,Medium,1,1,3.4,WhatsApp,1
S0895,E034,Mechanical,3,4,72.6,Medium,1,1,7.5,College Portal,1
S0896,E030,Computer Engineering,3,1,76.6,High,1,0,2.6,Email,0
S0896,E021,Computer Engineering,3,1,76.6,High,1,1,6.3,College Portal,1
S0896,E011,Computer Engineering,3,1,76.6,High,1,1,4.6,College Portal,1
S0896,E015,Computer Engineering,3,1,76.6,High,1,1,14.3,College Portal,1
S0896,E039,Computer Engineering,3,1,76.6,High,1,0,15.0,College Portal,1
S0897,E002,IT,3,4,74.5,Low,1,1,10.0,College Portal,1
S0897,E020,IT,3,4,74.5,Low,1,1,5.8,College Portal,1
S0897,E028,IT,3,4,74.5,Low,1,1,12.2,WhatsApp,0
S0897,E007,IT,3,4,74.5,Low,1,1,0.9,WhatsApp,1
S0897,E030,IT,3,4,74.5,Low,1,1,5.4,College Portal,1
S0898,E033,Electrical,1,2,95.7,Medium,1,1,10.1,College Portal,0
S0898,E038,Electrical,1,2,95.7,Medium,1,1,1.3,College Portal,0
S0898,E034,Electrical,1,2,95.7,Medium,0,0,16.8,WhatsApp,0
S0898,E012,Electrical,1,2,95.7,Medium,0,0,2.9,Instagram,0
S0898,E036,Electrical,1,2,95.7,Medium,0,0,16.4,College Portal,0
S0899,E039,Computer Engineering,2,4,59.0,High,1,1,9.2,WhatsApp,1
S0899,E015,Computer Engineering,2,4,59.0,High,1,1,1.6,WhatsApp,1
S0899,E022,Computer Engineering,2,4,59.0,High,1,1,8.6,College Portal,0
S0899,E038,Computer Engineering,2,4,59.0,High,1,1,3.7,WhatsApp,1
S0899,E014,Computer Engineering,2,4,59.0,High,1,1,15.5,WhatsApp,1
S0900,E020,Computer Engineering,3,2,69.0,Medium,1,1,2.2,WhatsApp,1
S0900,E014,Computer Engineering,3,2,69.0,Medium,1,1,1.4,College Portal,1
S0900,E016,Computer Engineering,3,2,69.0,Medium,0,0,8.2,Email,0
S0900,E017,Computer Engineering,3,2,69.0,Medium,1,1,9.1,College Portal,1
S0900,E029,Computer Engineering,3,2,69.0,Medium,1,1,10.8,Email,1
S0901,E034,Computer Engineering,3,3,75.3,Medium,1,1,14.1,Email,0
S0901,E011,Computer Engineering,3,3,75.3,Medium,1,1,9.8,College Portal,1
S0901,E028,Computer Engineering,3,3,75.3,Medium,1,1,16.3,WhatsApp,0
S0901,E016,Computer Engineering,3,3,75.3,Medium,1,1,5.8,Instagram,1
S0901,E014,Computer Engineering,3,3,75.3,Medium,0,0,10.5,Email,0
S0902,E030,Computer Engineering,1,2,61.3,Medium,1,1,11.4,Email,0
S0902,E025,Computer Engineering,1,2,61.3,Medium,1,1,14.6,Email,1
S0902,E027,Computer Engineering,1,2,61.3,Medium,1,1,13.0,WhatsApp,1
S0902,E023,Computer Engineering,1,2,61.3,Medium,1,1,4.5,College Portal,1
S0902,E010,Computer Engineering,1,2,61.3,Medium,1,1,12.5,WhatsApp,0
S0903,E017,Computer Engineering,3,4,94.8,High,1,1,15.3,WhatsApp,1
S0903,E006,Computer Engineering,3,4,94.8,High,1,0,2.1,WhatsApp,1
S0903,E028,Computer Engineering,3,4,94.8,High,1,1,6.5,WhatsApp,1
S0903,E023,Computer Engineering,3,4,94.8,High,1,0,6.9,WhatsApp,1
S0903,E032,Computer Engineering,3,4,94.8,High,1,1,17.3,College Portal,1
S0904,E023,Electronics,1,3,58.7,Medium,1,0,16.2,Instagram,1
S0904,E012,Electronics,1,3,58.7,Medium,1,1,10.0,WhatsApp,1
S0904,E039,Electronics,1,3,58.7,Medium,1,1,12.1,College Portal,1
S0904,E003,Electronics,1,3,58.7,Medium,1,1,15.3,WhatsApp,1
S0904,E002,Electronics,1,3,58.7,Medium,1,1,0.6,WhatsApp,1
S0905,E007,IT,3,6,88.8,Medium,1,1,4.2,Instagram,0
S0905,E037,IT,3,6,88.8,Medium,0,0,12.5,College Portal,0
S0905,E040,IT,3,6,88.8,Medium,1,0,12.7,Email,0
S0905,E033,IT,3,6,88.8,Medium,1,1,14.3,College Portal,1
S0905,E019,IT,3,6,88.8,Medium,1,1,6.4,WhatsApp,1
S0906,E007,Electrical,1,3,56.6,Low,1,1,10.3,WhatsApp,1
S0906,E034,Electrical,1,3,56.6,Low,1,1,9.8,Instagram,0
S0906,E006,Electrical,1,3,56.6,Low,1,1,16.1,WhatsApp,1
S0906,E040,Electrical,1,3,56.6,Low,1,1,11.6,Email,1
S0906,E002,Electrical,1,3,56.6,Low,1,1,2.9,College Portal,1
S0907,E035,Civil,4,6,74.3,Medium,0,0,7.8,College Portal,0
S0907,E037,Civil,4,6,74.3,Medium,1,1,17.9,College Portal,1
S0907,E018,Civil,4,6,74.3,Medium,1,1,10.1,WhatsApp,1
S0907,E016,Civil,4,6,74.3,Medium,1,1,0.7,WhatsApp,1
S0907,E027,Civil,4,6,74.3,Medium,0,0,6.5,WhatsApp,0
S0908,E033,IT,2,2,94.2,Medium,1,0,5.8,WhatsApp,0
S0908,E037,IT,2,2,94.2,Medium,1,1,9.4,WhatsApp,1
S0908,E022,IT,2,2,94.2,Medium,1,1,16.1,College Portal,0
S0908,E012,IT,2,2,94.2,Medium,1,1,2.7,Instagram,1
S0908,E029,IT,2,2,94.2,Medium,1,1,0.9,WhatsApp,1
S0909,E004,Computer Engineering,2,5,91.9,Medium,1,1,14.1,WhatsApp,1
S0909,E021,Computer Engineering,2,5,91.9,Medium,1,0,15.6,WhatsApp,1
S0909,E008,Computer Engineering,2,5,91.9,Medium,1,1,14.5,Email,1
S0909,E019,Computer Engineering,2,5,91.9,Medium,0,0,16.2,WhatsApp,0
S0909,E017,Computer Engineering,2,5,91.9,Medium,1,1,7.0,College Portal,0
S0910,E024,IT,1,4,68.4,Medium,1,1,8.8,Email,1
S0910,E026,IT,1,4,68.4,Medium,1,0,15.8,College Portal,1
S0910,E002,IT,1,4,68.4,,1,1,7.6,Instagram,1
S0910,E027,IT,1,4,68.4,Medium,1,1,16.8,Instagram,1
S0910,E001,IT,1,4,68.4,Medium,1,1,7.4,Instagram,1
S0911,E008,Electronics,2,7,92.9,Low,1,1,6.7,Email,0
S0911,E023,Electronics,2,7,92.9,Low,0,0,14.7,Instagram,0
S0911,E037,Electronics,2,7,92.9,Low,1,1,7.8,Instagram,1
S0911,E036,Electronics,2,7,92.9,Low,1,1,14.3,Email,0
S0911,E012,Electronics,2,7,92.9,Low,1,1,9.3,Instagram,1
S0912,E017,Computer Engineering,4,4,94.1,Low,1,1,1.2,College Portal,1
S0912,E006,Computer Engineering,4,4,94.1,Low,1,0,16.7,College Portal,0
S0912,E002,Computer Engineering,4,4,94.1,Low,1,1,1.9,WhatsApp,1
S0912,E001,Computer Engineering,4,4,94.1,Low,1,1,14.6,Email,1
S0912,E003,Computer Engineering,4,4,94.1,Low,1,1,15.6,WhatsApp,1
S0913,E037,Mechanical,4,2,65.6,Medium,1,1,16.8,WhatsApp,1
S0913,E024,Mechanical,4,2,65.6,Medium,0,0,2.9,Instagram,0
S0913,E007,Mechanical,4,2,65.6,Medium,1,0,14.0,WhatsApp,0
S0913,E016,Mechanical,4,2,65.6,Medium,0,0,2.5,College Portal,0
S0913,E008,Mechanical,4,2,65.6,Medium,1,1,6.5,College Portal,1
S0914,E010,IT,2,4,87.3,Medium,1,1,15.9,Instagram,1
S0914,E020,IT,2,4,87.3,Medium,1,1,13.0,College Portal,1
S0914,E009,IT,2,4,87.3,Medium,1,1,10.0,College Portal,1
S0914,E037,IT,2,4,87.3,Medium,1,1,10.8,College Portal,1
S0914,E005,IT,2,4,87.3,Medium,1,1,1.7,College Portal,1
S0915,E027,Electronics,2,8,58.9,High,1,0,13.2,College Portal,0
S0915,E007,Electronics,2,8,58.9,High,1,1,13.3,College Portal,0
S0915,E024,Electronics,2,8,58.9,High,1,1,16.1,College Portal,1
S0915,E037,Electronics,2,8,58.9,High,1,1,8.7,WhatsApp,1
S0915,E013,Electronics,2,8,58.9,High,1,1,7.6,WhatsApp,1
S0916,E018,IT,3,3,82.0,Medium,1,0,15.2,College Portal,1
S0916,E021,IT,3,3,82.0,Medium,0,0,15.0,Instagram,0
S0916,E039,IT,3,3,82.0,Medium,1,1,13.3,WhatsApp,1
S0916,E016,IT,3,3,82.0,Medium,0,0,5.0,College Portal,0
S0916,E037,IT,3,3,82.0,Medium,1,1,15.1,College Portal,0
S0917,E037,IT,4,2,89.5,Low,1,1,13.2,WhatsApp,1
S0917,E008,IT,4,2,89.5,Low,1,1,14.1,Email,1
S0917,E025,IT,4,2,89.5,Low,0,0,1.6,College Portal,0
S0917,E017,IT,4,2,89.5,Low,1,1,13.5,WhatsApp,0
S0917,E014,IT,4,2,89.5,Low,1,1,11.4,College Portal,1
S0918,E010,Electrical,3,5,78.1,Medium,1,1,16.9,WhatsApp,1
S0918,E030,Electrical,3,5,78.1,Medium,0,0,12.8,Email,0
S0918,E002,Electrical,3,5,78.1,Medium,1,1,13.6,WhatsApp,1
S0918,E013,Electrical,3,5,78.1,Medium,1,0,0.8,College Portal,1
S0918,E015,Electrical,3,5,78.1,Medium,1,1,12.8,Instagram,0
S0919,E021,Civil,2,4,84.9,Low,0,0,4.7,Instagram,0
S0919,E004,Civil,2,4,84.9,Low,1,1,12.8,Email,1
S0919,E001,Civil,2,4,84.9,Low,1,1,6.3,Email,1
S0919,E012,Civil,2,4,84.9,Low,1,1,6.7,College Portal,1
S0919,E008,Civil,2,4,84.9,Low,0,0,15.4,Instagram,0
S0920,E011,Computer Engineering,2,2,77.0,High,1,1,15.5,WhatsApp,0
S0920,E012,Computer Engineering,2,2,77.0,High,1,0,8.0,College Portal,1
S0920,E020,Computer Engineering,2,2,77.0,High,1,1,11.0,WhatsApp,0
S0920,E037,Computer Engineering,2,2,77.0,High,1,1,6.7,Email,1
S0920,E007,Computer Engineering,2,2,77.0,High,1,1,1.1,WhatsApp,1
S0921,E008,Civil,3,6,50.3,High,1,1,9.4,Email,0
S0921,E031,Civil,3,6,50.3,High,1,1,7.9,Email,1
S0921,E018,Civil,3,6,50.3,High,1,1,7.4,WhatsApp,1
S0921,E028,Civil,3,6,50.3,High,1,0,17.9,College Portal,0
S0921,E017,Civil,3,6,50.3,High,1,1,10.0,College Portal,1
S0922,E026,Electronics,1,3,52.2,Medium,1,1,10.3,Instagram,1
S0922,E002,Electronics,1,3,52.2,Medium,0,0,11.0,WhatsApp,0
S0922,E016,Electronics,1,3,52.2,Medium,1,1,16.6,College Portal,1
S0922,E025,Electronics,1,3,52.2,Medium,1,1,3.2,WhatsApp,0
S0922,E039,Electronics,1,3,52.2,Medium,1,1,1.9,Email,1
S0923,E033,Electrical,3,2,87.0,Medium,1,1,6.8,Instagram,1
S0923,E001,Electrical,3,2,87.0,Medium,1,1,8.0,WhatsApp,1
S0923,E013,Electrical,3,2,87.0,Medium,1,1,4.7,WhatsApp,1
S0923,E028,Electrical,3,2,87.0,Medium,1,1,10.6,WhatsApp,1
S0923,E030,Electrical,3,2,87.0,Medium,1,1,10.3,College Portal,1
S0924,E016,Civil,2,8,73.3,Medium,1,1,10.1,College Portal,0
S0924,E038,Civil,2,8,73.3,Medium,1,1,15.7,WhatsApp,1
S0924,E037,Civil,2,8,73.3,Medium,1,1,14.1,College Portal,1
S0924,E035,Civil,2,8,73.3,Medium,1,1,12.3,Email,0
S0924,E039,Civil,2,8,73.3,Medium,1,1,10.9,Instagram,1
S0925,E017,IT,3,5,47.2,Medium,1,1,9.7,College Portal,1
S0925,E031,IT,3,5,47.2,Medium,0,0,17.2,College Portal,0
S0925,E006,IT,3,5,47.2,Medium,1,1,1.7,WhatsApp,1
S0925,E032,IT,3,5,47.2,Medium,1,1,2.0,WhatsApp,1
S0925,E020,IT,3,5,47.2,Medium,0,0,7.7,WhatsApp,0
S0926,E033,Computer Engineering,1,4,81.5,High,1,1,2.4,WhatsApp,1
S0926,E032,Computer Engineering,1,4,81.5,High,1,1,11.9,College Portal,1
S0926,E011,Computer Engineering,1,4,81.5,High,1,1,10.5,Email,1
S0926,E012,Computer Engineering,1,4,81.5,High,1,1,13.2,WhatsApp,0
S0926,E006,Computer Engineering,1,4,81.5,High,1,1,1.9,WhatsApp,1
S0927,E014,Computer Engineering,3,2,99.5,Low,1,1,7.6,WhatsApp,1
S0927,E020,Computer Engineering,3,2,99.5,Low,1,1,17.1,Instagram,0
S0927,E033,Computer Engineering,3,2,99.5,Low,1,1,8.7,Instagram,1
S0927,E022,Computer Engineering,3,2,99.5,Low,1,1,6.8,WhatsApp,1
S0927,E030,Computer Engineering,3,2,99.5,Low,1,1,8.2,WhatsApp,1
S0928,E020,Electronics,2,3,79.3,Medium,1,1,1.5,WhatsApp,1
S0928,E014,Electronics,2,3,79.3,Medium,1,1,2.0,Instagram,1
S0928,E001,Electronics,2,3,79.3,Medium,1,1,9.2,Instagram,1
S0928,E009,Electronics,2,3,79.3,Medium,1,1,12.1,College Portal,1
S0928,E040,Electronics,2,3,79.3,Medium,1,0,15.3,College Portal,1
S0929,E017,Mechanical,3,6,87.8,Medium,1,0,15.1,WhatsApp,1
S0929,E032,Mechanical,3,6,87.8,Medium,1,1,4.7,Email,1
S0929,E021,Mechanical,3,6,87.8,Medium,1,1,8.2,WhatsApp,1
S0929,E025,Mechanical,3,6,87.8,Medium,1,1,8.0,College Portal,1
S0929,E020,Mechanical,3,6,87.8,Medium,1,1,12.9,Email,1
S0930,E038,Computer Engineering,1,0,89.5,High,1,1,17.2,Email,1
S0930,E003,Computer Engineering,1,0,89.5,High,1,1,5.1,Instagram,1
S0930,E004,Computer Engineering,1,0,89.5,High,1,1,9.0,WhatsApp,1
S0930,E035,Computer Engineering,1,0,89.5,High,1,0,5.3,WhatsApp,1
S0930,E006,Computer Engineering,1,0,89.5,High,1,1,7.5,WhatsApp,1
S0931,E028,Computer Engineering,3,3,94.1,Medium,1,1,7.7,College Portal,1
S0931,E009,Computer Engineering,3,3,94.1,Medium,1,0,7.1,WhatsApp,1
S0931,E033,Computer Engineering,3,3,94.1,Medium,1,1,11.8,Instagram,1
S0931,E004,Computer Engineering,3,3,94.1,Medium,1,1,10.2,Email,1
S0931,E013,Computer Engineering,3,3,94.1,Medium,1,1,15.9,College Portal,1
S0932,E027,Civil,3,3,68.3,High,1,1,13.9,Email,0
S0932,E011,Civil,3,3,68.3,High,1,1,6.3,Email,1
S0932,E019,Civil,3,3,68.3,High,0,0,6.5,College Portal,0
S0932,E028,Civil,3,3,68.3,High,0,0,12.7,Email,0
S0932,E025,Civil,3,3,68.3,High,1,1,8.7,WhatsApp,1
S0933,E013,Electrical,3,5,81.7,Low,1,1,11.7,Instagram,1
S0933,E003,Electrical,3,5,81.7,Low,1,1,12.3,College Portal,0
S0933,E004,Electrical,3,5,81.7,Low,1,1,1.4,WhatsApp,1
S0933,E021,Electrical,3,5,81.7,Low,1,1,8.9,WhatsApp,1
S0933,E022,Electrical,3,5,81.7,Low,0,0,7.0,Instagram,0
S0934,E007,Electronics,3,0,75.9,Medium,1,0,4.7,Email,1
S0934,E039,Electronics,3,0,75.9,Medium,0,0,5.8,WhatsApp,0
S0934,E036,Electronics,3,0,75.9,Medium,1,1,2.1,Email,1
S0934,E017,Electronics,3,0,75.9,Medium,1,0,15.8,WhatsApp,1
S0934,E014,Electronics,3,0,75.9,Medium,1,1,4.6,Email,1
S0935,E004,Computer Engineering,3,5,51.6,High,1,1,12.1,WhatsApp,0
S0935,E002,Computer Engineering,3,5,51.6,High,1,0,12.8,WhatsApp,1
S0935,E011,Computer Engineering,3,5,51.6,High,1,1,6.2,Email,1
S0935,E006,Computer Engineering,3,5,51.6,High,1,1,9.3,Email,1
S0935,E007,Computer Engineering,3,5,51.6,High,1,1,3.3,Instagram,1
S0936,E033,Computer Engineering,4,4,91.0,Medium,1,1,0.9,Email,1
S0936,E022,Computer Engineering,4,4,91.0,Medium,1,1,10.3,College Portal,1
S0936,E011,Computer Engineering,4,4,91.0,Medium,1,1,6.3,Email,1
S0936,E036,Computer Engineering,4,4,91.0,Medium,1,0,7.1,Instagram,1
S0936,E004,Computer Engineering,4,4,91.0,Medium,0,0,3.7,College Portal,0
S0937,E039,Computer Engineering,1,2,78.8,Medium,1,1,9.4,Instagram,0
S0937,E030,Computer Engineering,1,2,78.8,Medium,0,0,14.4,College Portal,0
S0937,E026,Computer Engineering,1,2,78.8,Medium,1,1,11.2,WhatsApp,1
S0937,E002,Computer Engineering,1,2,78.8,Medium,0,0,17.7,Email,0
S0937,E022,Computer Engineering,1,2,78.8,Medium,1,1,12.0,Email,1
S0938,E013,Electrical,4,4,53.7,Low,0,0,10.2,WhatsApp,0
S0938,E008,Electrical,4,4,53.7,Low,1,0,5.3,College Portal,0
S0938,E003,Electrical,4,4,53.7,Low,1,1,2.6,WhatsApp,1
S0938,E032,Electrical,4,4,53.7,Low,1,1,2.4,WhatsApp,1
S0938,E020,Electrical,4,4,53.7,Low,0,0,5.0,Instagram,0
S0939,E013,Computer Engineering,2,6,78.4,Low,1,1,9.8,College Portal,1
S0939,E019,Computer Engineering,2,6,78.4,Low,1,1,15.7,WhatsApp,0
S0939,E037,Computer Engineering,2,6,78.4,Low,1,1,3.0,Instagram,1
S0939,E030,Computer Engineering,2,6,78.4,Low,1,1,,College Portal,1
S0939,E014,Computer Engineering,2,6,78.4,Low,1,1,12.0,WhatsApp,1
S0940,E017,Electronics,1,8,77.2,Low,1,1,15.5,Instagram,1
S0940,E022,Electronics,1,8,77.2,Low,1,1,6.3,WhatsApp,1
S0940,E011,Electronics,1,8,77.2,Low,1,1,3.6,Instagram,0
S0940,E010,Electronics,1,8,77.2,Low,1,1,13.6,College Portal,1
S0940,E002,Electronics,1,8,77.2,Low,1,1,5.7,WhatsApp,1
S0941,E023,Computer Engineering,1,3,80.0,High,1,1,17.1,Email,0
S0941,E033,Computer Engineering,1,3,80.0,High,1,1,14.7,College Portal,1
S0941,E028,Computer Engineering,1,3,80.0,High,1,1,2.6,WhatsApp,1
S0941,E001,Computer Engineering,1,3,80.0,High,1,1,3.9,Instagram,1
S0941,E034,Computer Engineering,1,3,80.0,High,1,1,3.3,Email,1
S0942,E017,Electronics,2,2,81.3,Medium,1,1,11.4,WhatsApp,1
S0942,E040,Electronics,2,2,81.3,Medium,0,0,8.4,Instagram,0
S0942,E019,Electronics,2,2,81.3,Medium,1,1,6.4,Instagram,1
S0942,E025,Electronics,2,2,81.3,Medium,1,1,3.0,College Portal,0
S0942,E035,Electronics,2,2,81.3,Medium,1,1,16.2,Instagram,1
S0943,E022,Mechanical,3,3,66.7,High,1,1,11.8,Email,1
S0943,E019,Mechanical,3,3,66.7,High,1,1,2.1,WhatsApp,1
S0943,E023,Mechanical,3,3,66.7,High,1,1,6.9,Email,1
S0943,E006,Mechanical,3,3,66.7,High,1,1,4.2,College Portal,1
S0943,E030,Mechanical,3,3,66.7,High,1,1,6.8,WhatsApp,1
S0944,E021,Civil,3,3,84.7,Medium,1,1,12.5,Email,1
S0944,E026,Civil,3,3,84.7,Medium,0,0,0.8,Instagram,0
S0944,E036,Civil,3,3,84.7,Medium,1,1,7.9,Instagram,1
S0944,E027,Civil,3,3,84.7,Medium,0,0,4.3,Email,0
S0944,E040,Civil,3,3,84.7,Medium,1,1,7.3,College Portal,1
S0945,E025,Computer Engineering,3,2,81.6,Medium,1,1,1.8,WhatsApp,1
S0945,E028,Computer Engineering,3,2,81.6,Medium,1,1,16.3,WhatsApp,1
S0945,E035,Computer Engineering,3,2,81.6,Medium,0,0,5.9,WhatsApp,0
S0945,E003,Computer Engineering,3,2,81.6,Medium,0,0,17.2,College Portal,0
S0945,E021,Computer Engineering,3,2,81.6,Medium,1,1,12.3,College Portal,1
S0946,E027,Computer Engineering,2,1,66.8,Medium,0,0,15.5,WhatsApp,0
S0946,E010,Computer Engineering,2,1,66.8,Medium,1,1,16.2,WhatsApp,0
S0946,E007,Computer Engineering,2,1,66.8,Medium,1,1,3.1,College Portal,1
S0946,E001,Computer Engineering,2,1,66.8,Medium,1,1,2.2,College Portal,1
S0946,E014,Computer Engineering,2,1,66.8,Medium,0,0,3.0,WhatsApp,0
S0947,E007,Computer Engineering,2,7,94.5,High,1,1,2.8,Instagram,1
S0947,E018,Computer Engineering,2,7,94.5,High,0,0,2.3,WhatsApp,0
S0947,E040,Computer Engineering,2,7,94.5,High,1,1,17.1,Email,1
S0947,E032,Computer Engineering,2,7,94.5,High,1,0,3.0,College Portal,1
S0947,E026,Computer Engineering,2,7,94.5,High,1,1,11.5,Instagram,1
S0948,E008,Electrical,1,5,73.7,High,1,0,15.6,College Portal,1
S0948,E010,Electrical,1,5,73.7,High,1,1,17.1,WhatsApp,1
S0948,E022,Electrical,1,5,73.7,High,1,1,5.3,WhatsApp,1
S0948,E002,Electrical,1,5,73.7,High,1,1,9.0,WhatsApp,1
S0948,E001,Electrical,1,5,73.7,High,1,1,5.7,WhatsApp,1
S0949,E017,Civil,2,8,63.2,High,0,0,8.0,Instagram,0
S0949,E032,Civil,2,8,63.2,High,1,1,9.5,WhatsApp,1
S0949,E023,Civil,2,8,63.2,High,1,1,17.4,Email,1
S0949,E034,Civil,2,8,63.2,High,1,1,9.6,Email,1
S0949,E007,Civil,2,8,63.2,High,1,1,11.1,College Portal,0
S0950,E001,Electronics,2,3,93.7,Low,1,1,8.6,Email,1
S0950,E005,Electronics,2,3,93.7,Low,1,1,15.9,Email,0
S0950,E034,Electronics,2,3,93.7,Low,1,1,16.3,College Portal,1
S0950,E024,Electronics,2,3,93.7,Low,1,1,7.4,Instagram,1
S0950,E002,Electronics,2,3,93.7,Low,1,1,12.1,College Portal,0
S0951,E004,Electronics,1,4,74.6,Medium,1,1,14.9,WhatsApp,1
S0951,E039,Electronics,1,4,74.6,Medium,1,1,9.0,WhatsApp,1
S0951,E027,Electronics,1,4,74.6,Medium,1,1,17.0,Instagram,1
S0951,E005,Electronics,1,4,74.6,Medium,1,1,14.1,WhatsApp,1
S0951,E006,Electronics,1,4,74.6,Medium,1,1,11.6,College Portal,1
S0952,E014,Mechanical,1,5,87.0,Medium,1,0,2.4,Instagram,1
S0952,E028,Mechanical,1,5,87.0,Medium,1,1,17.5,Instagram,1
S0952,E027,Mechanical,1,5,87.0,Medium,1,1,8.3,College Portal,0
S0952,E010,Mechanical,1,5,87.0,Medium,0,0,6.0,WhatsApp,0
S0952,E032,Mechanical,1,5,87.0,Medium,1,1,17.3,WhatsApp,1
S0953,E028,Computer Engineering,3,7,89.2,High,1,1,1.6,Email,1
S0953,E030,Computer Engineering,3,7,89.2,High,1,1,6.1,College Portal,1
S0953,E024,Computer Engineering,3,7,89.2,High,0,0,1.0,WhatsApp,0
S0953,E012,Computer Engineering,3,7,89.2,High,1,1,8.9,WhatsApp,1
S0953,E037,Computer Engineering,3,7,89.2,High,0,0,9.3,WhatsApp,0
S0954,E016,Electrical,3,5,72.2,Medium,0,0,17.9,Email,0
S0954,E011,Electrical,3,5,72.2,Medium,0,0,17.7,College Portal,0
S0954,E004,Electrical,3,5,72.2,Medium,1,1,10.2,Email,1
S0954,E038,Electrical,3,5,72.2,Medium,1,1,12.9,Email,1
S0954,E018,Electrical,3,5,72.2,Medium,1,1,3.8,Instagram,1
S0955,E007,IT,4,1,93.0,Medium,1,1,9.5,College Portal,1
S0955,E038,IT,4,1,93.0,Medium,1,1,13.5,College Portal,0
S0955,E008,IT,4,1,93.0,,0,0,15.6,WhatsApp,0
S0955,E028,IT,4,1,93.0,Medium,1,1,5.2,College Portal,0
S0955,E023,IT,4,1,93.0,Medium,1,1,8.5,Instagram,1
S0956,E017,IT,4,3,97.6,Medium,0,0,6.1,Email,0
S0956,E038,IT,4,3,97.6,Medium,1,1,15.6,WhatsApp,1
S0956,E014,IT,4,3,97.6,Medium,1,1,3.8,Email,1
S0956,E004,IT,4,3,97.6,Medium,1,1,3.0,Email,1
S0956,E001,IT,4,3,97.6,Medium,0,0,9.8,WhatsApp,0
S0957,E003,Electronics,3,3,70.6,Medium,1,1,7.6,Email,1
S0957,E038,Electronics,3,3,70.6,Medium,1,1,17.6,College Portal,1
S0957,E027,Electronics,3,3,70.6,Medium,1,1,14.5,College Portal,1
S0957,E019,Electronics,3,3,70.6,Medium,1,1,7.4,College Portal,1
S0957,E028,Electronics,3,3,70.6,Medium,1,0,13.8,College Portal,1
S0958,E017,Computer Engineering,2,7,96.1,Low,1,1,16.6,WhatsApp,1
S0958,E030,Computer Engineering,2,7,96.1,,1,1,0.9,WhatsApp,1
S0958,E005,Computer Engineering,2,7,96.1,Low,1,1,17.4,WhatsApp,1
S0958,E034,Computer Engineering,2,7,96.1,Low,1,1,13.1,WhatsApp,1
S0958,E022,Computer Engineering,2,7,96.1,Low,1,1,12.2,Instagram,1
S0959,E008,Computer Engineering,3,3,85.0,High,1,1,4.3,College Portal,1
S0959,E032,Computer Engineering,3,3,85.0,High,1,1,12.0,WhatsApp,0
S0959,E004,Computer Engineering,3,3,85.0,High,1,1,3.5,College Portal,1
S0959,E021,Computer Engineering,3,3,85.0,High,1,1,2.9,Email,1
S0959,E030,Computer Engineering,3,3,85.0,High,1,1,5.6,WhatsApp,1
S0960,E032,Mechanical,3,4,87.1,Medium,1,1,4.0,WhatsApp,1
S0960,E040,Mechanical,3,4,87.1,Medium,0,0,17.2,Email,0
S0960,E037,Mechanical,3,4,87.1,Medium,0,0,16.9,WhatsApp,0
S0960,E011,Mechanical,3,4,87.1,Medium,1,1,5.7,Instagram,1
S0960,E019,Mechanical,3,4,87.1,Medium,1,1,3.7,Instagram,0
S0961,E001,Computer Engineering,1,0,58.0,High,1,0,16.1,Email,0
S0961,E025,Computer Engineering,1,0,58.0,High,1,1,5.8,Instagram,1
S0961,E019,Computer Engineering,1,0,58.0,High,1,1,15.0,Email,1
S0961,E038,Computer Engineering,1,0,58.0,High,1,1,12.7,WhatsApp,1
S0961,E010,Computer Engineering,1,0,58.0,High,1,0,3.7,Email,0
S0962,E012,Electronics,2,4,44.6,High,1,1,15.8,WhatsApp,1
S0962,E009,Electronics,2,4,44.6,High,1,1,2.1,Email,1
S0962,E037,Electronics,2,4,44.6,High,1,1,1.8,College Portal,1
S0962,E010,Electronics,2,4,44.6,High,0,0,13.5,WhatsApp,0
S0962,E019,Electronics,2,4,44.6,High,1,1,16.0,WhatsApp,1
S0963,E013,Computer Engineering,4,3,90.7,Medium,1,1,10.5,Instagram,1
S0963,E035,Computer Engineering,4,3,90.7,Medium,1,1,12.9,Email,1
S0963,E037,Computer Engineering,4,3,90.7,Medium,0,0,4.9,College Portal,0
S0963,E001,Computer Engineering,4,3,90.7,Medium,1,1,14.3,College Portal,1
S0963,E004,Computer Engineering,4,3,90.7,,1,1,6.6,Instagram,1
S0964,E008,IT,2,4,93.9,Medium,1,1,3.9,WhatsApp,1
S0964,E021,IT,2,4,93.9,Medium,1,1,7.8,WhatsApp,1
S0964,E004,IT,2,4,93.9,Medium,1,1,11.3,Instagram,1
S0964,E040,IT,2,4,93.9,Medium,1,0,2.7,College Portal,1
S0964,E031,IT,2,4,93.9,Medium,1,1,11.0,WhatsApp,1
S0965,E003,IT,3,4,79.0,Low,1,1,6.8,WhatsApp,0
S0965,E009,IT,3,4,79.0,Low,1,1,9.4,College Portal,1
S0965,E001,IT,3,4,79.0,Low,1,0,8.4,College Portal,0
S0965,E015,IT,3,4,79.0,Low,1,1,6.2,WhatsApp,1
S0965,E010,IT,3,4,79.0,Low,0,0,10.6,WhatsApp,0
S0966,E035,IT,3,2,92.8,High,1,1,16.1,WhatsApp,1
S0966,E009,IT,3,2,92.8,High,1,1,17.2,WhatsApp,0
S0966,E017,IT,3,2,92.8,High,1,0,10.2,WhatsApp,1
S0966,E007,IT,3,2,92.8,High,1,1,5.6,WhatsApp,1
S0966,E037,IT,3,2,92.8,High,1,0,9.3,Email,1
S0967,E018,Mechanical,1,6,61.0,Medium,1,1,14.2,Instagram,1
S0967,E017,Mechanical,1,6,61.0,Medium,1,1,9.7,WhatsApp,1
S0967,E010,Mechanical,1,6,61.0,Medium,1,1,13.7,WhatsApp,0
S0967,E038,Mechanical,1,6,61.0,Medium,1,1,1.1,College Portal,1
S0967,E031,Mechanical,1,6,61.0,Medium,1,1,15.7,Email,1
S0968,E038,IT,2,5,64.1,Medium,0,0,4.4,WhatsApp,0
S0968,E027,IT,2,5,64.1,Medium,1,0,1.7,WhatsApp,1
S0968,E007,IT,2,5,64.1,Medium,1,1,1.9,Email,1
S0968,E034,IT,2,5,64.1,Medium,1,1,9.2,WhatsApp,0
S0968,E014,IT,2,5,64.1,Medium,1,1,2.3,WhatsApp,1
S0969,E010,Electronics,2,4,93.0,Medium,1,1,17.7,Instagram,1
S0969,E013,Electronics,2,4,93.0,Medium,1,1,2.8,Email,1
S0969,E040,Electronics,2,4,93.0,Medium,1,1,9.2,Instagram,0
S0969,E037,Electronics,2,4,93.0,Medium,1,1,2.5,WhatsApp,1
S0969,E024,Electronics,2,4,93.0,Medium,1,1,10.5,Email,1
S0970,E034,IT,1,2,80.6,Medium,0,0,7.2,College Portal,0
S0970,E017,IT,1,2,80.6,Medium,1,1,14.6,Instagram,0
S0970,E039,IT,1,2,80.6,Medium,1,1,8.8,WhatsApp,0
S0970,E001,IT,1,2,80.6,Medium,1,1,10.1,Instagram,1
S0970,E016,IT,1,2,80.6,Medium,1,1,12.7,Email,1
S0971,E036,Mechanical,1,5,82.4,Medium,1,1,0.8,College Portal,1
S0971,E033,Mechanical,1,5,82.4,Medium,1,0,17.1,WhatsApp,1
S0971,E016,Mechanical,1,5,82.4,Medium,1,0,0.9,College Portal,1
S0971,E015,Mechanical,1,5,82.4,Medium,1,1,14.9,Email,1
S0971,E017,Mechanical,1,5,82.4,Medium,1,1,17.2,WhatsApp,0
S0972,E040,Electrical,4,1,80.4,Medium,1,1,16.6,WhatsApp,1
S0972,E031,Electrical,4,1,80.4,Medium,1,1,6.6,College Portal,1
S0972,E002,Electrical,4,1,80.4,Medium,0,0,0.8,WhatsApp,0
S0972,E034,Electrical,4,1,80.4,Medium,1,1,12.7,College Portal,1
S0972,E036,Electrical,4,1,80.4,Medium,0,0,2.7,College Portal,0
S0973,E034,Mechanical,1,4,81.9,High,1,1,2.1,College Portal,0
S0973,E003,Mechanical,1,4,81.9,High,0,0,2.1,College Portal,0
S0973,E013,Mechanical,1,4,81.9,High,0,0,12.1,WhatsApp,0
S0973,E037,Mechanical,1,4,81.9,High,1,1,17.0,College Portal,1
S0973,E006,Mechanical,1,4,81.9,High,1,1,13.6,College Portal,1
S0974,E026,Computer Engineering,2,5,82.7,High,1,1,14.5,College Portal,1
S0974,E039,Computer Engineering,2,5,82.7,High,1,1,7.5,Email,1
S0974,E004,Computer Engineering,2,5,82.7,High,1,1,9.4,College Portal,1
S0974,E034,Computer Engineering,2,5,82.7,High,0,0,6.5,Email,0
S0974,E037,Computer Engineering,2,5,82.7,High,0,0,12.4,College Portal,0
S0975,E025,Computer Engineering,2,0,87.6,Medium,1,1,10.3,College Portal,0
S0975,E008,Computer Engineering,2,0,87.6,Medium,0,0,10.4,WhatsApp,0
S0975,E036,Computer Engineering,2,0,87.6,Medium,0,0,4.9,WhatsApp,0
S0975,E004,Computer Engineering,2,0,87.6,Medium,1,1,2.6,College Portal,0
S0975,E023,Computer Engineering,2,0,87.6,Medium,1,0,3.4,Instagram,0
S0976,E010,Computer Engineering,4,3,62.8,Medium,1,1,7.6,Email,1
S0976,E030,Computer Engineering,4,3,62.8,Medium,1,1,1.2,College Portal,1
S0976,E037,Computer Engineering,4,3,62.8,Medium,1,1,2.3,Email,0
S0976,E006,Computer Engineering,4,3,62.8,Medium,1,1,2.4,Instagram,0
S0976,E001,Computer Engineering,4,3,62.8,Medium,1,1,15.7,Instagram,0
S0977,E033,Electronics,1,1,76.2,High,1,0,11.2,College Portal,1
S0977,E010,Electronics,1,1,76.2,High,1,1,14.1,Instagram,1
S0977,E020,Electronics,1,1,76.2,High,1,1,16.2,College Portal,1
S0977,E006,Electronics,1,1,76.2,High,1,0,7.6,Email,1
S0977,E032,Electronics,1,1,76.2,High,1,1,13.3,WhatsApp,1
S0978,E008,Computer Engineering,2,3,60.2,Low,0,0,7.7,College Portal,0
S0978,E032,Computer Engineering,2,3,60.2,Low,1,1,7.9,WhatsApp,1
S0978,E025,Computer Engineering,2,3,60.2,Low,1,1,14.4,Email,1
S0978,E038,Computer Engineering,2,3,60.2,Low,1,1,5.0,Email,1
S0978,E040,Computer Engineering,2,3,60.2,Low,1,1,7.2,Email,1
S0979,E006,Electronics,4,3,92.1,High,1,1,6.1,Instagram,1
S0979,E017,Electronics,4,3,92.1,High,0,0,13.7,WhatsApp,0
S0979,E038,Electronics,4,3,92.1,High,1,1,8.7,WhatsApp,1
S0979,E039,Electronics,4,3,92.1,High,1,1,6.8,WhatsApp,1
S0979,E008,Electronics,4,3,92.1,High,1,1,5.1,WhatsApp,1
S0980,E006,Electronics,4,1,54.9,Medium,0,0,13.0,Email,0
S0980,E024,Electronics,4,1,54.9,Medium,1,1,11.2,Email,1
S0980,E033,Electronics,4,1,54.9,Medium,1,1,16.2,Instagram,1
S0980,E020,Electronics,4,1,54.9,Medium,1,1,18.0,College Portal,1
S0980,E014,Electronics,4,1,54.9,Medium,1,1,2.1,College Portal,0
S0981,E023,IT,1,2,80.4,Medium,1,1,0.9,College Portal,1
S0981,E012,IT,1,2,80.4,Medium,0,0,7.6,Email,0
S0981,E011,IT,1,2,80.4,Medium,1,1,6.8,Email,1
S0981,E009,IT,1,2,80.4,Medium,1,1,3.5,WhatsApp,1
S0981,E014,IT,1,2,80.4,Medium,1,1,13.3,WhatsApp,1
S0982,E034,Civil,4,6,70.3,Medium,0,0,2.6,WhatsApp,0
S0982,E009,Civil,4,6,70.3,Medium,1,1,17.9,College Portal,1
S0982,E004,Civil,4,6,70.3,Medium,1,1,15.8,WhatsApp,1
S0982,E026,Civil,4,6,70.3,Medium,1,1,8.9,WhatsApp,1
S0982,E025,Civil,4,6,70.3,Medium,1,1,15.9,College Portal,1
S0983,E039,Computer Engineering,2,7,91.9,Medium,0,0,10.0,WhatsApp,0
S0983,E018,Computer Engineering,2,7,91.9,Medium,1,1,1.2,Instagram,1
S0983,E034,Computer Engineering,2,7,91.9,Medium,0,0,2.5,Email,0
S0983,E016,Computer Engineering,2,7,91.9,Medium,1,1,2.1,Instagram,1
S0983,E008,Computer Engineering,2,7,91.9,Medium,1,1,6.1,College Portal,1
S0984,E019,Computer Engineering,2,2,76.8,High,1,1,1.6,Instagram,1
S0984,E025,Computer Engineering,2,2,76.8,High,1,1,7.8,WhatsApp,1
S0984,E010,Computer Engineering,2,2,76.8,High,1,1,1.4,WhatsApp,1
S0984,E017,Computer Engineering,2,2,76.8,High,1,1,13.8,Email,0
S0984,E015,Computer Engineering,2,2,76.8,High,1,1,3.8,College Portal,0
S0985,E025,Mechanical,1,5,85.2,Low,1,1,16.4,College Portal,1
S0985,E001,Mechanical,1,5,85.2,Low,1,1,18.0,WhatsApp,0
S0985,E020,Mechanical,1,5,85.2,Low,1,1,15.7,Email,1
S0985,E032,Mechanical,1,5,85.2,Low,0,0,3.3,Email,0
S0985,E017,Mechanical,1,5,85.2,Low,1,1,2.0,College Portal,1
S0986,E010,Electronics,1,3,47.5,Medium,1,1,4.0,Instagram,1
S0986,E006,Electronics,1,3,47.5,Medium,1,1,16.4,WhatsApp,1
S0986,E012,Electronics,1,3,47.5,Medium,1,1,4.7,WhatsApp,1
S0986,E035,Electronics,1,3,47.5,Medium,1,1,10.9,Instagram,0
S0986,E005,Electronics,1,3,47.5,Medium,1,1,11.4,College Portal,1
S0987,E003,Mechanical,3,5,65.7,Medium,1,1,4.2,WhatsApp,1
S0987,E019,Mechanical,3,5,65.7,Medium,1,1,15.6,WhatsApp,1
S0987,E018,Mechanical,3,5,65.7,Medium,1,1,15.7,WhatsApp,1
S0987,E026,Mechanical,3,5,65.7,Medium,1,1,17.7,Instagram,1
S0987,E030,Mechanical,3,5,65.7,Medium,0,0,6.4,Email,0
S0988,E017,IT,2,0,86.3,High,1,1,9.0,Instagram,1
S0988,E029,IT,2,0,86.3,High,1,1,17.0,WhatsApp,0
S0988,E013,IT,2,0,86.3,High,1,1,4.0,College Portal,1
S0988,E005,IT,2,0,86.3,High,1,1,17.5,College Portal,0
S0988,E037,IT,2,0,86.3,High,1,1,2.9,Instagram,1
S0989,E039,Computer Engineering,2,5,76.6,Medium,1,1,6.9,College Portal,0
S0989,E008,Computer Engineering,2,5,76.6,Medium,1,1,11.8,Instagram,1
S0989,E032,Computer Engineering,2,5,76.6,Medium,0,0,13.1,WhatsApp,0
S0989,E012,Computer Engineering,2,5,76.6,Medium,1,1,1.1,College Portal,1
S0989,E026,Computer Engineering,2,5,76.6,Medium,1,1,16.1,College Portal,1
S0990,E003,Civil,3,2,70.3,High,1,1,7.9,College Portal,0
S0990,E033,Civil,3,2,70.3,High,0,0,6.8,WhatsApp,0
S0990,E010,Civil,3,2,70.3,High,1,1,10.3,WhatsApp,1
S0990,E026,Civil,3,2,70.3,High,1,1,17.0,Instagram,1
S0990,E001,Civil,3,2,70.3,High,1,1,15.7,WhatsApp,1
S0991,E005,Civil,3,1,78.4,Medium,1,1,16.4,WhatsApp,0
S0991,E006,Civil,3,1,78.4,Medium,0,0,15.8,WhatsApp,0
S0991,E017,Civil,3,1,78.4,Medium,1,1,0.6,Email,1
S0991,E011,Civil,3,1,78.4,Medium,1,1,5.5,College Portal,1
S0991,E004,Civil,3,1,78.4,Medium,1,1,6.2,College Portal,1
S0992,E018,Mechanical,1,1,83.4,Low,1,0,15.8,WhatsApp,0
S0992,E014,Mechanical,1,1,83.4,Low,1,1,6.0,College Portal,1
S0992,E017,Mechanical,1,1,83.4,Low,0,0,11.3,Instagram,0
S0992,E021,Mechanical,1,1,83.4,Low,1,1,9.8,WhatsApp,1
S0992,E015,Mechanical,1,1,83.4,Low,1,1,10.5,College Portal,1
S0993,E015,Computer Engineering,3,4,80.4,High,1,1,11.8,WhatsApp,1
S0993,E006,Computer Engineering,3,4,80.4,High,1,1,0.9,Instagram,1
S0993,E034,Computer Engineering,3,4,80.4,High,1,1,13.0,College Portal,1
S0993,E033,Computer Engineering,3,4,80.4,High,0,0,2.5,Email,0
S0993,E029,Computer Engineering,3,4,80.4,High,1,1,5.1,Instagram,1
S0994,E038,Electronics,1,1,59.5,Low,1,1,4.1,WhatsApp,1
S0994,E005,Electronics,1,1,59.5,Low,1,1,14.8,WhatsApp,1
S0994,E001,Electronics,1,1,59.5,Low,0,0,16.4,WhatsApp,0
S0994,E021,Electronics,1,1,59.5,Low,1,1,12.3,WhatsApp,0
S0994,E003,Electronics,1,1,59.5,Low,1,1,12.8,College Portal,0
S0995,E011,IT,3,4,84.6,Medium,1,1,17.4,WhatsApp,0
S0995,E008,IT,3,4,84.6,Medium,0,0,2.2,Email,0
S0995,E032,IT,3,4,84.6,Medium,1,1,3.9,College Portal,1
S0995,E030,IT,3,4,84.6,Medium,1,1,16.0,Email,1
S0995,E028,IT,3,4,84.6,Medium,1,1,6.9,Instagram,1
S0996,E040,Computer Engineering,3,4,90.1,Low,1,1,6.4,College Portal,1
S0996,E029,Computer Engineering,3,4,90.1,Low,1,1,0.8,College Portal,1
S0996,E030,Computer Engineering,3,4,90.1,Low,1,1,2.0,Email,1
S0996,E014,Computer Engineering,3,4,90.1,Low,0,0,10.6,College Portal,0
S0996,E038,Computer Engineering,3,4,90.1,Low,1,1,8.2,WhatsApp,1
S0997,E020,Electrical,4,2,64.5,Medium,1,1,2.8,College Portal,1
S0997,E013,Electrical,4,2,64.5,Medium,1,1,7.4,Email,1
S0997,E011,Electrical,4,2,64.5,Medium,0,0,5.1,College Portal,0
S0997,E027,Electrical,4,2,64.5,Medium,1,1,13.0,Email,1
S0997,E030,Electrical,4,2,64.5,Medium,1,1,4.5,College Portal,1
S0998,E024,Computer Engineering,1,3,68.1,Medium,0,0,13.9,Email,0
S0998,E002,Computer Engineering,1,3,68.1,Medium,1,1,17.2,Email,1
S0998,E010,Computer Engineering,1,3,68.1,Medium,1,1,13.6,College Portal,1
S0998,E004,Computer Engineering,1,3,68.1,Medium,1,1,9.9,College Portal,1
S0998,E020,Computer Engineering,1,3,68.1,Medium,0,0,5.7,College Portal,0
S0999,E015,Electrical,1,3,81.3,Medium,1,1,16.9,WhatsApp,0
S0999,E012,Electrical,1,3,81.3,Medium,0,0,1.0,WhatsApp,0
S0999,E002,Electrical,1,3,81.3,Medium,1,1,16.1,Email,1
S0999,E022,Electrical,1,3,81.3,Medium,0,0,15.0,Instagram,0
S0999,E005,Electrical,1,3,81.3,Medium,0,0,13.3,WhatsApp,0
S1000,E027,IT,2,7,93.8,Medium,1,1,7.7,WhatsApp,1
S1000,E020,IT,2,7,93.8,Medium,1,1,8.6,WhatsApp,1
S1000,E011,IT,2,7,93.8,Medium,1,0,12.0,College Portal,1
S1000,E025,IT,2,7,93.8,Medium,1,1,1.4,WhatsApp,1
S1000,E037,IT,2,7,93.8,Medium,1,0,5.6,WhatsApp,0
